,X,Y,Surface
0,-5.0,-5.0,0.7088612918380416
1,-4.898989898989899,-5.0,0.6569920930522233
2,-4.797979797979798,-5.0,0.6024005398983897
3,-4.696969696969697,-5.0,0.5454743285580685
4,-4.595959595959596,-5.0,0.48660102844045194
5,-4.494949494949495,-5.0,0.42616487490195226
6,-4.393939393939394,-5.0,0.36454372657984613
7,-4.292929292929293,-5.0,0.30210621122022246
8,-4.191919191919192,-5.0,0.23920908105240685
9,-4.090909090909091,-5.0,0.17619479579151534
10,-3.9898989898989896,-5.0,0.11338934827627266
11,-3.888888888888889,-5.0,0.051100344609596095
12,-3.787878787878788,-5.0,-0.010384652496372675
13,-3.686868686868687,-5.0,-0.07079951162263716
14,-3.5858585858585856,-5.0,-0.12990064934862755
15,-3.484848484848485,-5.0,-0.1874678763334071
16,-3.383838383838384,-5.0,-0.24330497624287342
17,-3.282828282828283,-5.0,-0.29724002373725217
18,-3.1818181818181817,-5.0,-0.34912545029513187
19,-3.080808080808081,-5.0,-0.3988378690033175
20,-2.9797979797979797,-5.0,-0.4462776715625189
21,-2.878787878787879,-5.0,-0.49136841262786923
22,-2.7777777777777777,-5.0,-0.534055998204512
23,-2.676767676767677,-5.0,-0.574307696140525
24,-2.5757575757575757,-5.0,-0.6121109877947406
25,-2.474747474747475,-5.0,-0.6474722807027061
26,-2.3737373737373737,-5.0,-0.6804155025214589
27,-2.272727272727273,-5.0,-0.7109805967089277
28,-2.1717171717171717,-5.0,-0.7392219402969454
29,-2.070707070707071,-5.0,-0.7652067037624771
30,-1.9696969696969697,-5.0,-0.7890131724084034
31,-1.868686868686869,-5.0,-0.8107290478552426
32,-1.7676767676767677,-5.0,-0.8304497472442492
33,-1.6666666666666665,-5.0,-0.8482767165888189
34,-1.5656565656565657,-5.0,-0.8643157734160597
35,-1.4646464646464645,-5.0,-0.8786754924462941
36,-1.3636363636363638,-5.0,-0.8914656465988168
37,-1.2626262626262625,-5.0,-0.9027957141214787
38,-1.1616161616161618,-5.0,-0.912773461152981
39,-1.0606060606060606,-5.0,-0.9215036075723673
40,-0.9595959595959593,-5.0,-0.9290865826000181
41,-0.858585858585859,-5.0,-0.9356173753154952
42,-0.7575757575757578,-5.0,-0.941184484073081
43,-0.6565656565656566,-5.0,-0.9458689677445706
44,-0.5555555555555554,-5.0,-0.949743600814542
45,-0.45454545454545503,-5.0,-0.9528721336041686
46,-0.3535353535353538,-5.0,-0.9553086583081228
47,-0.2525252525252526,-5.0,-0.9570970810917876
48,-0.15151515151515138,-5.0,-0.9582707002037003
49,-0.050505050505050164,-5.0,-0.9588518898962102
50,0.050505050505050164,-5.0,-0.9588518898962102
51,0.15151515151515138,-5.0,-0.9582707002037003
52,0.2525252525252526,-5.0,-0.9570970810917876
53,0.3535353535353538,-5.0,-0.9553086583081228
54,0.45454545454545414,-5.0,-0.9528721336041686
55,0.5555555555555554,-5.0,-0.949743600814542
56,0.6565656565656566,-5.0,-0.9458689677445706
57,0.7575757575757578,-5.0,-0.941184484073081
58,0.8585858585858581,-5.0,-0.9356173753154952
59,0.9595959595959593,-5.0,-0.9290865826000181
60,1.0606060606060606,-5.0,-0.9215036075723673
61,1.1616161616161618,-5.0,-0.912773461152981
62,1.262626262626262,-5.0,-0.9027957141214787
63,1.3636363636363633,-5.0,-0.8914656465988168
64,1.4646464646464645,-5.0,-0.8786754924462941
65,1.5656565656565657,-5.0,-0.8643157734160597
66,1.666666666666667,-5.0,-0.8482767165888189
67,1.7676767676767673,-5.0,-0.8304497472442492
68,1.8686868686868685,-5.0,-0.8107290478552426
69,1.9696969696969697,-5.0,-0.7890131724084034
70,2.070707070707071,-5.0,-0.7652067037624771
71,2.1717171717171713,-5.0,-0.7392219402969454
72,2.2727272727272725,-5.0,-0.7109805967089277
73,2.3737373737373737,-5.0,-0.6804155025214589
74,2.474747474747475,-5.0,-0.6474722807027061
75,2.5757575757575752,-5.0,-0.6121109877947406
76,2.6767676767676765,-5.0,-0.574307696140525
77,2.7777777777777777,-5.0,-0.534055998204512
78,2.878787878787879,-5.0,-0.49136841262786923
79,2.9797979797979792,-5.0,-0.4462776715625189
80,3.0808080808080813,-5.0,-0.3988378690033175
81,3.1818181818181817,-5.0,-0.34912545029513187
82,3.282828282828282,-5.0,-0.297240023737253
83,3.383838383838384,-5.0,-0.24330497624287342
84,3.4848484848484844,-5.0,-0.1874678763334071
85,3.5858585858585865,-5.0,-0.12990064934862666
86,3.686868686868687,-5.0,-0.07079951162263716
87,3.787878787878787,-5.0,-0.010384652496372675
88,3.8888888888888893,-5.0,0.051100344609596095
89,3.9898989898989896,-5.0,0.11338934827627266
90,4.09090909090909,-5.0,0.17619479579151534
91,4.191919191919192,-5.0,0.23920908105240685
92,4.292929292929292,-5.0,0.30210621122022246
93,4.3939393939393945,-5.0,0.36454372657984696
94,4.494949494949495,-5.0,0.42616487490195226
95,4.595959595959595,-5.0,0.48660102844045117
96,4.696969696969697,-5.0,0.5454743285580685
97,4.797979797979798,-5.0,0.6024005398983897
98,4.8989898989899,-5.0,0.656992093052224
99,5.0,-5.0,0.7088612918380416
100,-5.0,-4.898989898989899,0.6569920930522233
101,-4.898989898989899,-4.898989898989899,0.6012245287216547
102,-4.797979797979798,-4.898989898989899,0.5429782943403734
103,-4.696969696969697,-4.898989898989899,0.48265731629616027
104,-4.595959595959596,-4.898989898989899,0.42066324779160924
105,-4.494949494949495,-4.898989898989899,0.35739219826595886
106,-4.393939393939394,-4.898989898989899,0.29323164717610045
107,-4.292929292929293,-4.898989898989899,0.2285575659938202
108,-4.191919191919192,-4.898989898989899,0.1637317692551949
109,-4.090909090909091,-4.898989898989899,0.09909951233871539
110,-3.9898989898989896,-4.898989898989899,0.034987350391615796
111,-3.888888888888889,-4.898989898989899,-0.028298730490259733
112,-3.787878787878788,-4.898989898989899,-0.09047490205400156
113,-3.686868686868687,-4.898989898989899,-0.15128079818382495
114,-3.5858585858585856,-4.898989898989899,-0.21048053347207704
115,-3.484848484848485,-4.898989898989899,-0.26786343798310147
116,-3.383838383838384,-4.898989898989899,-0.3232445131308966
117,-3.282828282828283,-4.898989898989899,-0.37646461642597245
118,-3.1818181818181817,-4.898989898989899,-0.4273903854801007
119,-3.080808080808081,-4.898989898989899,-0.47591391406227634
120,-2.9797979797979797,-4.898989898989899,-0.5219521951510355
121,-2.878787878787879,-4.898989898989899,-0.5654463478072158
122,-2.7777777777777777,-4.898989898989899,-0.6063606462811474
123,-2.676767676767677,-4.898989898989899,-0.6446813710574029
124,-2.5757575757575757,-4.898989898989899,-0.6804155025214594
125,-2.474747474747475,-4.898989898989899,-0.7135892786033691
126,-2.3737373737373737,-4.898989898989899,-0.7442466381160319
127,-2.272727272727273,-4.898989898989899,-0.7724475715668913
128,-2.1717171717171717,-4.898989898989899,-0.7982664009935626
129,-2.070707070707071,-4.898989898989899,-0.821790009872222
130,-1.9696969696969697,-4.898989898989899,-0.8431160433932468
131,-1.868686868686869,-4.898989898989899,-0.8623510984162557
132,-1.7676767676767677,-4.898989898989899,-0.8796089212347119
133,-1.6666666666666665,-4.898989898989899,-0.8950086299302558
134,-1.5656565656565657,-4.898989898989899,-0.9086729766131123
135,-1.4646464646464645,-4.898989898989899,-0.9207266632634974
136,-1.3636363636363638,-4.898989898989899,-0.9312947232473664
137,-1.2626262626262625,-4.898989898989899,-0.9405009789159292
138,-1.1616161616161618,-4.898989898989899,-0.9484665840494718
139,-1.0606060606060606,-4.898989898989899,-0.9553086583081228
140,-0.9595959595959593,-4.898989898989899,-0.9611390193388242
141,-0.858585858585859,-4.898989898989899,-0.9660630167891978
142,-0.7575757575757578,-4.898989898989899,-0.9701784712212441
143,-0.6565656565656566,-4.898989898989899,-0.9735747198218837
144,-0.5555555555555554,-4.898989898989899,-0.9763317698884749
145,-0.45454545454545503,-4.898989898989899,-0.9785195603345841
146,-0.3535353535353538,-4.898989898989899,-0.9801973309166929
147,-0.2525252525252526,-4.898989898989899,-0.9814130985217269
148,-0.15151515151515138,-4.898989898989899,-0.9822032396670076
149,-0.050505050505050164,-4.898989898989899,-0.9825921783309262
150,0.050505050505050164,-4.898989898989899,-0.9825921783309262
151,0.15151515151515138,-4.898989898989899,-0.9822032396670076
152,0.2525252525252526,-4.898989898989899,-0.9814130985217269
153,0.3535353535353538,-4.898989898989899,-0.9801973309166929
154,0.45454545454545414,-4.898989898989899,-0.9785195603345841
155,0.5555555555555554,-4.898989898989899,-0.9763317698884749
156,0.6565656565656566,-4.898989898989899,-0.9735747198218837
157,0.7575757575757578,-4.898989898989899,-0.9701784712212441
158,0.8585858585858581,-4.898989898989899,-0.9660630167891978
159,0.9595959595959593,-4.898989898989899,-0.9611390193388242
160,1.0606060606060606,-4.898989898989899,-0.9553086583081228
161,1.1616161616161618,-4.898989898989899,-0.9484665840494718
162,1.262626262626262,-4.898989898989899,-0.9405009789159292
163,1.3636363636363633,-4.898989898989899,-0.9312947232473664
164,1.4646464646464645,-4.898989898989899,-0.9207266632634974
165,1.5656565656565657,-4.898989898989899,-0.9086729766131123
166,1.666666666666667,-4.898989898989899,-0.8950086299302558
167,1.7676767676767673,-4.898989898989899,-0.8796089212347119
168,1.8686868686868685,-4.898989898989899,-0.8623510984162557
169,1.9696969696969697,-4.898989898989899,-0.8431160433932468
170,2.070707070707071,-4.898989898989899,-0.821790009872222
171,2.1717171717171713,-4.898989898989899,-0.7982664009935626
172,2.2727272727272725,-4.898989898989899,-0.7724475715668913
173,2.3737373737373737,-4.898989898989899,-0.7442466381160319
174,2.474747474747475,-4.898989898989899,-0.7135892786033691
175,2.5757575757575752,-4.898989898989899,-0.6804155025214594
176,2.6767676767676765,-4.898989898989899,-0.6446813710574035
177,2.7777777777777777,-4.898989898989899,-0.6063606462811474
178,2.878787878787879,-4.898989898989899,-0.5654463478072158
179,2.9797979797979792,-4.898989898989899,-0.5219521951510355
180,3.0808080808080813,-4.898989898989899,-0.47591391406227634
181,3.1818181818181817,-4.898989898989899,-0.4273903854801007
182,3.282828282828282,-4.898989898989899,-0.3764646164259733
183,3.383838383838384,-4.898989898989899,-0.3232445131308966
184,3.4848484848484844,-4.898989898989899,-0.26786343798310236
185,3.5858585858585865,-4.898989898989899,-0.21048053347207704
186,3.686868686868687,-4.898989898989899,-0.15128079818382495
187,3.787878787878787,-4.898989898989899,-0.09047490205400245
188,3.8888888888888893,-4.898989898989899,-0.028298730490259733
189,3.9898989898989896,-4.898989898989899,0.034987350391615796
190,4.09090909090909,-4.898989898989899,0.0990995123387145
191,4.191919191919192,-4.898989898989899,0.1637317692551949
192,4.292929292929292,-4.898989898989899,0.2285575659938202
193,4.3939393939393945,-4.898989898989899,0.29323164717610134
194,4.494949494949495,-4.898989898989899,0.35739219826595886
195,4.595959595959595,-4.898989898989899,0.42066324779160846
196,4.696969696969697,-4.898989898989899,0.48265731629616027
197,4.797979797979798,-4.898989898989899,0.5429782943403734
198,4.8989898989899,-4.898989898989899,0.6012245287216554
199,5.0,-4.898989898989899,0.6569920930522233
200,-5.0,-4.797979797979798,0.6024005398983897
201,-4.898989898989899,-4.797979797979798,0.5429782943403734
202,-4.797979797979798,-4.797979797979798,0.48133997787894856
203,-4.696969696969697,-4.797979797979798,0.41790473252180016
204,-4.595959595959596,-4.797979797979798,0.35308719121583093
205,-4.494949494949495,-4.797979797979798,0.2872941518447773
206,-4.393939393939394,-4.797979797979798,0.22092145588384074
207,-4.292929292929293,-4.797979797979798,0.1543510954806722
208,-4.191919191919192,-4.797979797979798,0.0879485695132407
209,-4.090909090909091,-4.797979797979798,0.022060505822728442
210,-3.9898989898989896,-4.797979797979798,-0.042987436623964495
211,-3.888888888888889,-4.797979797979798,-0.10689237537946177
212,-3.787878787878788,-4.797979797979798,-0.16937571520396885
213,-3.686868686868687,-4.797979797979798,-0.23018435849260716
214,-3.5858585858585856,-4.797979797979798,-0.2890916155225718
215,-3.484848484848485,-4.797979797979798,-0.34589781786811574
216,-3.383838383838384,-4.797979797979798,-0.4004306414447853
217,-3.282828282828283,-4.797979797979798,-0.45254514856897593
218,-3.1818181818181817,-4.797979797979798,-0.5021235611227688
219,-3.080808080808081,-4.797979797979798,-0.5490747793687352
220,-2.9797979797979797,-4.797979797979798,-0.5933336631399143
221,-2.878787878787879,-4.797979797979798,-0.6348600940159036
222,-2.7777777777777777,-4.797979797979798,-0.6736378386703046
223,-2.676767676767677,-4.797979797979798,-0.7096732348258863
224,-2.5757575757575757,-4.797979797979798,-0.742993722174627
225,-2.474747474747475,-4.797979797979798,-0.7736462412082207
226,-2.3737373737373737,-4.797979797979798,-0.8016955231635284
227,-2.272727272727273,-4.797979797979798,-0.8272222942249516
228,-2.1717171717171717,-4.797979797979798,-0.8503214167547549
229,-2.070707070707071,-4.797979797979798,-0.8710999896610638
230,-1.9696969696969697,-4.797979797979798,-0.8896754290842769
231,-1.868686868686869,-4.797979797979798,-0.9061735494131923
232,-1.7676767676767677,-4.797979797979798,-0.9207266632634974
233,-1.6666666666666665,-4.797979797979798,-0.9334717174982258
234,-1.5656565656565657,-4.797979797979798,-0.9445484806801779
235,-1.4646464646464645,-4.797979797979798,-0.9540977955602128
236,-1.3636363636363638,-4.797979797979798,-0.9622599083643031
237,-1.2626262626262625,-4.797979797979798,-0.9691728847884663
238,-1.1616161616161618,-4.797979797979798,-0.9749711207858139
239,-1.0606060606060606,-4.797979797979798,-0.9797839544742808
240,-0.9595959595959593,-4.797979797979798,-0.983734383844783
241,-0.858585858585859,-4.797979797979798,-0.9869378934416341
242,-0.7575757575757578,-4.797979797979798,-0.9895013918493959
243,-0.6565656565656566,-4.797979797979798,-0.9915222606765699
244,-0.5555555555555554,-4.797979797979798,-0.9930875147938073
245,-0.45454545454545503,-4.797979797979798,-0.9942730728725142
246,-0.3535353535353538,-4.797979797979798,-0.9951431367811159
247,-0.2525252525252526,-4.797979797979798,-0.995749678125162
248,-0.15151515151515138,-4.797979797979798,-0.9961320301504691
249,-0.050505050505050164,-4.797979797979798,-0.9963165833447183
250,0.050505050505050164,-4.797979797979798,-0.9963165833447183
251,0.15151515151515138,-4.797979797979798,-0.9961320301504691
252,0.2525252525252526,-4.797979797979798,-0.995749678125162
253,0.3535353535353538,-4.797979797979798,-0.9951431367811159
254,0.45454545454545414,-4.797979797979798,-0.9942730728725142
255,0.5555555555555554,-4.797979797979798,-0.9930875147938073
256,0.6565656565656566,-4.797979797979798,-0.9915222606765699
257,0.7575757575757578,-4.797979797979798,-0.9895013918493959
258,0.8585858585858581,-4.797979797979798,-0.9869378934416341
259,0.9595959595959593,-4.797979797979798,-0.983734383844783
260,1.0606060606060606,-4.797979797979798,-0.9797839544742808
261,1.1616161616161618,-4.797979797979798,-0.9749711207858139
262,1.262626262626262,-4.797979797979798,-0.9691728847884663
263,1.3636363636363633,-4.797979797979798,-0.9622599083643031
264,1.4646464646464645,-4.797979797979798,-0.9540977955602128
265,1.5656565656565657,-4.797979797979798,-0.9445484806801779
266,1.666666666666667,-4.797979797979798,-0.9334717174982258
267,1.7676767676767673,-4.797979797979798,-0.9207266632634974
268,1.8686868686868685,-4.797979797979798,-0.9061735494131923
269,1.9696969696969697,-4.797979797979798,-0.8896754290842769
270,2.070707070707071,-4.797979797979798,-0.8710999896610638
271,2.1717171717171713,-4.797979797979798,-0.8503214167547549
272,2.2727272727272725,-4.797979797979798,-0.8272222942249516
273,2.3737373737373737,-4.797979797979798,-0.8016955231635284
274,2.474747474747475,-4.797979797979798,-0.7736462412082207
275,2.5757575757575752,-4.797979797979798,-0.742993722174627
276,2.6767676767676765,-4.797979797979798,-0.7096732348258863
277,2.7777777777777777,-4.797979797979798,-0.6736378386703046
278,2.878787878787879,-4.797979797979798,-0.6348600940159036
279,2.9797979797979792,-4.797979797979798,-0.5933336631399143
280,3.0808080808080813,-4.797979797979798,-0.5490747793687352
281,3.1818181818181817,-4.797979797979798,-0.5021235611227688
282,3.282828282828282,-4.797979797979798,-0.45254514856897676
283,3.383838383838384,-4.797979797979798,-0.4004306414447853
284,3.4848484848484844,-4.797979797979798,-0.34589781786811574
285,3.5858585858585865,-4.797979797979798,-0.2890916155225718
286,3.686868686868687,-4.797979797979798,-0.23018435849260716
287,3.787878787878787,-4.797979797979798,-0.1693757152039697
288,3.8888888888888893,-4.797979797979798,-0.10689237537946177
289,3.9898989898989896,-4.797979797979798,-0.042987436623964495
290,4.09090909090909,-4.797979797979798,0.022060505822727554
291,4.191919191919192,-4.797979797979798,0.0879485695132407
292,4.292929292929292,-4.797979797979798,0.1543510954806722
293,4.3939393939393945,-4.797979797979798,0.2209214558838416
294,4.494949494949495,-4.797979797979798,0.2872941518447773
295,4.595959595959595,-4.797979797979798,0.3530871912158301
296,4.696969696969697,-4.797979797979798,0.41790473252180016
297,4.797979797979798,-4.797979797979798,0.48133997787894856
298,4.8989898989899,-4.797979797979798,0.5429782943403741
299,5.0,-4.797979797979798,0.6024005398983897
300,-5.0,-4.696969696969697,0.5454743285580685
301,-4.898989898989899,-4.696969696969697,0.48265731629616027
302,-4.797979797979798,-4.696969696969697,0.41790473252180016
303,-4.696969696969697,-4.696969696969697,0.351649855919928
304,-4.595959595959596,-4.696969696969697,0.28431913616342513
305,-4.494949494949495,-4.696969696969697,0.21632882066943113
306,-4.393939393939394,-4.696969696969697,0.14808180683654346
307,-4.292929292929293,-4.696969696969697,0.0799647433797036
308,-4.191919191919192,-4.696969696969697,0.012345400958584343
309,-4.090909090909091,-4.696969696969697,-0.05442967125419226
310,-3.9898989898989896,-4.696969696969697,-0.120037190052395
311,-3.888888888888889,-4.696969696969697,-0.1841788743835136
312,-3.787878787878788,-4.696969696969697,-0.24658286757253925
313,-3.686868686868687,-4.696969696969697,-0.3070048435294993
314,-3.5858585858585856,-4.696969696969697,-0.3652287984152512
315,-3.484848484848485,-4.696969696969697,-0.4210675326344015
316,-3.383838383838384,-4.696969696969697,-0.47436283124701145
317,-3.282828282828283,-4.696969696969697,-0.5249853539056979
318,-3.1818181818181817,-4.696969696969697,-0.5728342481988236
319,-3.080808080808081,-4.696969696969697,-0.6178365027839968
320,-2.9797979797979797,-4.696969696969697,-0.6599460589034093
321,-2.878787878787879,-4.696969696969697,-0.6991427007621213
322,-2.7777777777777777,-4.696969696969697,-0.7354307468053894
323,-2.676767676767677,-4.696969696969697,-0.7688375651393348
324,-2.5757575757575757,-4.696969696969697,-0.799411937193773
325,-2.474747474747475,-4.696969696969697,-0.8272222942249512
326,-2.3737373737373737,-4.696969696969697,-0.8523548514029256
327,-2.272727272727273,-4.696969696969697,-0.8749116640322754
328,-2.1717171717171717,-4.696969696969697,-0.8950086299302558
329,-2.070707070707071,-4.696969696969697,-0.9127734611529806
330,-1.9696969696969697,-4.696969696969697,-0.9283436471427186
331,-1.868686868686869,-4.696969696969697,-0.9418644299975947
332,-1.7676767676767677,-4.696969696969697,-0.9534868109731552
333,-1.6666666666666665,-4.696969696969697,-0.9633656055515962
334,-1.5656565656565657,-4.696969696969697,-0.9716575625006715
335,-1.4646464646464645,-4.696969696969697,-0.9785195603345841
336,-1.3636363636363638,-4.696969696969697,-0.9841068925297002
337,-1.2626262626262625,-4.696969696969697,-0.988571650785519
338,-1.1616161616161618,-4.696969696969697,-0.9920612136026401
339,-1.0606060606060606,-4.696969696969697,-0.9947168455195958
340,-0.9595959595959593,-4.696969696969697,-0.9966724105518008
341,-0.858585858585859,-4.696969696969697,-0.9980532017469791
342,-0.7575757575757578,-4.696969696969697,-0.998974887345495
343,-0.6565656565656566,-4.696969696969697,-0.9995425728379271
344,-0.5555555555555554,-4.696969696969697,-0.9998499772654603
345,-0.45454545454545503,-4.696969696969697,-0.9999787214224295
346,-0.3535353535353538,-4.696969696969697,-0.9999977251970503
347,-0.2525252525252526,-4.696969696969697,-0.9999627111192331
348,-0.15151515151515138,-4.696969696969697,-0.9999158112575521
349,-0.050505050505050164,-4.696969696969697,-0.9998852748963829
350,0.050505050505050164,-4.696969696969697,-0.9998852748963829
351,0.15151515151515138,-4.696969696969697,-0.9999158112575521
352,0.2525252525252526,-4.696969696969697,-0.9999627111192331
353,0.3535353535353538,-4.696969696969697,-0.9999977251970503
354,0.45454545454545414,-4.696969696969697,-0.9999787214224295
355,0.5555555555555554,-4.696969696969697,-0.9998499772654603
356,0.6565656565656566,-4.696969696969697,-0.9995425728379271
357,0.7575757575757578,-4.696969696969697,-0.998974887345495
358,0.8585858585858581,-4.696969696969697,-0.9980532017469791
359,0.9595959595959593,-4.696969696969697,-0.9966724105518008
360,1.0606060606060606,-4.696969696969697,-0.9947168455195958
361,1.1616161616161618,-4.696969696969697,-0.9920612136026401
362,1.262626262626262,-4.696969696969697,-0.988571650785519
363,1.3636363636363633,-4.696969696969697,-0.9841068925297002
364,1.4646464646464645,-4.696969696969697,-0.9785195603345841
365,1.5656565656565657,-4.696969696969697,-0.9716575625006715
366,1.666666666666667,-4.696969696969697,-0.9633656055515962
367,1.7676767676767673,-4.696969696969697,-0.9534868109731552
368,1.8686868686868685,-4.696969696969697,-0.9418644299975947
369,1.9696969696969697,-4.696969696969697,-0.9283436471427186
370,2.070707070707071,-4.696969696969697,-0.9127734611529806
371,2.1717171717171713,-4.696969696969697,-0.8950086299302558
372,2.2727272727272725,-4.696969696969697,-0.8749116640322754
373,2.3737373737373737,-4.696969696969697,-0.8523548514029256
374,2.474747474747475,-4.696969696969697,-0.8272222942249512
375,2.5757575757575752,-4.696969696969697,-0.799411937193773
376,2.6767676767676765,-4.696969696969697,-0.7688375651393348
377,2.7777777777777777,-4.696969696969697,-0.7354307468053894
378,2.878787878787879,-4.696969696969697,-0.6991427007621213
379,2.9797979797979792,-4.696969696969697,-0.6599460589034093
380,3.0808080808080813,-4.696969696969697,-0.6178365027839968
381,3.1818181818181817,-4.696969696969697,-0.5728342481988236
382,3.282828282828282,-4.696969696969697,-0.5249853539056979
383,3.383838383838384,-4.696969696969697,-0.47436283124701145
384,3.4848484848484844,-4.696969696969697,-0.4210675326344015
385,3.5858585858585865,-4.696969696969697,-0.36522879841525036
386,3.686868686868687,-4.696969696969697,-0.3070048435294993
387,3.787878787878787,-4.696969696969697,-0.2465828675725401
388,3.8888888888888893,-4.696969696969697,-0.18417887438351271
389,3.9898989898989896,-4.696969696969697,-0.120037190052395
390,4.09090909090909,-4.696969696969697,-0.05442967125419315
391,4.191919191919192,-4.696969696969697,0.012345400958584343
392,4.292929292929292,-4.696969696969697,0.07996474337970184
393,4.3939393939393945,-4.696969696969697,0.14808180683654434
394,4.494949494949495,-4.696969696969697,0.21632882066943113
395,4.595959595959595,-4.696969696969697,0.28431913616342513
396,4.696969696969697,-4.696969696969697,0.351649855919928
397,4.797979797979798,-4.696969696969697,0.41790473252180016
398,4.8989898989899,-4.696969696969697,0.48265731629616104
399,5.0,-4.696969696969697,0.5454743285580685
400,-5.0,-4.595959595959596,0.48660102844045194
401,-4.898989898989899,-4.595959595959596,0.42066324779160924
402,-4.797979797979798,-4.595959595959596,0.35308719121583093
403,-4.696969696969697,-4.595959595959596,0.28431913616342513
404,-4.595959595959596,-4.595959595959596,0.2147961327045584
405,-4.494949494949495,-4.595959595959596,0.14494259150073874
406,-4.393939393939394,-4.595959595959596,0.0751671185795762
407,-4.292929292929293,-4.595959595959596,0.005859620312240703
408,-4.191919191919192,-4.595959595959596,-0.06261130163429002
409,-4.090909090909091,-4.595959595959596,-0.12990064934862755
410,-3.9898989898989896,-4.595959595959596,-0.19568900953589646
411,-3.888888888888889,-4.595959595959596,-0.2596842078514849
412,-3.787878787878788,-4.595959595959596,-0.32162263221196163
413,-3.686868686868687,-4.595959595959596,-0.38127022436636443
414,-3.5858585858585856,-4.595959595959596,-0.43842314268321686
415,-3.484848484848485,-4.595959595959596,-0.4929081026314856
416,-3.383838383838384,-4.595959595959596,-0.5445824047667873
417,-3.282828282828283,-4.595959595959596,-0.5933336631399136
418,-3.1818181818181817,-4.595959595959596,-0.6390792498887715
419,-3.080808080808081,-4.595959595959596,-0.6817654743264083
420,-2.9797979797979797,-4.595959595959596,-0.7213665170702688
421,-2.878787878787879,-4.595959595959596,-0.757883141648904
422,-2.7777777777777777,-4.595959595959596,-0.7913412075547029
423,-2.676767676767677,-4.595959595959596,-0.821790009872222
424,-2.5757575757575757,-4.595959595959596,-0.8493004713945164
425,-2.474747474747475,-4.595959595959596,-0.8739632135426526
426,-2.3737373737373737,-4.595959595959596,-0.8958865324306836
427,-2.272727272727273,-4.595959595959596,-0.9151943060794157
428,-2.1717171717171717,-4.595959595959596,-0.9320238580930658
429,-2.070707070707071,-4.595959595959596,-0.9465238020947075
430,-1.9696969696969697,-4.595959595959596,-0.9588518898962102
431,-1.868686868686869,-4.595959595959596,-0.9691728847884663
432,-1.7676767676767677,-4.595959595959596,-0.9776564795154251
433,-1.6666666666666665,-4.595959595959596,-0.9844752764825282
434,-1.5656565656565657,-4.595959595959596,-0.9898028455923362
435,-1.4646464646464645,-4.595959595959596,-0.9938118728461994
436,-1.3636363636363638,-4.595959595959596,-0.9966724105518008
437,-1.2626262626262625,-4.595959595959596,-0.9985502376844227
438,-1.1616161616161618,-4.595959595959596,-0.9996053367169558
439,-1.0606060606060606,-4.595959595959596,-0.999990491110663
440,-0.9595959595959593,-4.595959595959596,-0.9998500056934462
441,-0.858585858585859,-4.595959595959596,-0.9993185503884481
442,-0.7575757575757578,-4.595959595959596,-0.998520126231167
443,-0.6565656565656566,-4.595959595959596,-0.9975671513586649
444,-0.5555555555555554,-4.595959595959596,-0.9965596636922956
445,-0.45454545454545503,-4.595959595959596,-0.9955846363786908
446,-0.3535353535353538,-4.595959595959596,-0.994715401705296
447,-0.2525252525252526,-4.595959595959596,-0.9940111791587547
448,-0.15151515151515138,-4.595959595959596,-0.9935167035284443
449,-0.050505050505050164,-4.595959595959596,-0.9932619494448148
450,0.050505050505050164,-4.595959595959596,-0.9932619494448148
451,0.15151515151515138,-4.595959595959596,-0.9935167035284443
452,0.2525252525252526,-4.595959595959596,-0.9940111791587547
453,0.3535353535353538,-4.595959595959596,-0.994715401705296
454,0.45454545454545414,-4.595959595959596,-0.9955846363786908
455,0.5555555555555554,-4.595959595959596,-0.9965596636922956
456,0.6565656565656566,-4.595959595959596,-0.9975671513586649
457,0.7575757575757578,-4.595959595959596,-0.998520126231167
458,0.8585858585858581,-4.595959595959596,-0.9993185503884481
459,0.9595959595959593,-4.595959595959596,-0.9998500056934462
460,1.0606060606060606,-4.595959595959596,-0.999990491110663
461,1.1616161616161618,-4.595959595959596,-0.9996053367169558
462,1.262626262626262,-4.595959595959596,-0.9985502376844227
463,1.3636363636363633,-4.595959595959596,-0.9966724105518008
464,1.4646464646464645,-4.595959595959596,-0.9938118728461994
465,1.5656565656565657,-4.595959595959596,-0.9898028455923362
466,1.666666666666667,-4.595959595959596,-0.9844752764825282
467,1.7676767676767673,-4.595959595959596,-0.9776564795154251
468,1.8686868686868685,-4.595959595959596,-0.9691728847884663
469,1.9696969696969697,-4.595959595959596,-0.9588518898962102
470,2.070707070707071,-4.595959595959596,-0.9465238020947075
471,2.1717171717171713,-4.595959595959596,-0.9320238580930658
472,2.2727272727272725,-4.595959595959596,-0.915194306079416
473,2.3737373737373737,-4.595959595959596,-0.8958865324306836
474,2.474747474747475,-4.595959595959596,-0.8739632135426526
475,2.5757575757575752,-4.595959595959596,-0.8493004713945164
476,2.6767676767676765,-4.595959595959596,-0.821790009872222
477,2.7777777777777777,-4.595959595959596,-0.7913412075547029
478,2.878787878787879,-4.595959595959596,-0.757883141648904
479,2.9797979797979792,-4.595959595959596,-0.7213665170702688
480,3.0808080808080813,-4.595959595959596,-0.6817654743264083
481,3.1818181818181817,-4.595959595959596,-0.6390792498887715
482,3.282828282828282,-4.595959595959596,-0.5933336631399143
483,3.383838383838384,-4.595959595959596,-0.5445824047667873
484,3.4848484848484844,-4.595959595959596,-0.4929081026314856
485,3.5858585858585865,-4.595959595959596,-0.43842314268321686
486,3.686868686868687,-4.595959595959596,-0.38127022436636443
487,3.787878787878787,-4.595959595959596,-0.32162263221196163
488,3.8888888888888893,-4.595959595959596,-0.2596842078514849
489,3.9898989898989896,-4.595959595959596,-0.19568900953589646
490,4.09090909090909,-4.595959595959596,-0.12990064934862755
491,4.191919191919192,-4.595959595959596,-0.06261130163429002
492,4.292929292929292,-4.595959595959596,0.005859620312239815
493,4.3939393939393945,-4.595959595959596,0.07516711857957797
494,4.494949494949495,-4.595959595959596,0.14494259150073874
495,4.595959595959595,-4.595959595959596,0.21479613270455755
496,4.696969696969697,-4.595959595959596,0.28431913616342513
497,4.797979797979798,-4.595959595959596,0.35308719121583093
498,4.8989898989899,-4.595959595959596,0.42066324779160924
499,5.0,-4.595959595959596,0.48660102844045194
500,-5.0,-4.494949494949495,0.42616487490195226
501,-4.898989898989899,-4.494949494949495,0.35739219826595886
502,-4.797979797979798,-4.494949494949495,0.2872941518447773
503,-4.696969696969697,-4.494949494949495,0.21632882066943113
504,-4.595959595959596,-4.494949494949495,0.14494259150073874
505,-4.494949494949495,-4.494949494949495,0.07356671070758054
506,-4.393939393939394,-4.494949494949495,0.0026141107409237145
507,-4.292929292929293,-4.494949494949495,-0.06752347167863454
508,-4.191919191919192,-4.494949494949495,-0.1364780663797351
509,-4.090909090909091,-4.494949494949495,-0.20390771424084012
510,-3.9898989898989896,-4.494949494949495,-0.26949837407237015
511,-3.888888888888889,-4.494949494949495,-0.33296548462515024
512,-3.787878787878788,-4.494949494949495,-0.3940551784868121
513,-3.686868686868687,-4.494949494949495,-0.45254514856897593
514,-3.5858585858585856,-4.494949494949495,-0.5082451717073332
515,-3.484848484848485,-4.494949494949495,-0.5609972975496228
516,-3.383838383838384,-4.494949494949495,-0.6106757143511863
517,-3.282828282828283,-4.494949494949495,-0.6571863064950187
518,-3.1818181818181817,-4.494949494949495,-0.7004659214674775
519,-3.080808080808081,-4.494949494949495,-0.7404813666200053
520,-2.9797979797979797,-4.494949494949495,-0.7772281583038075
521,-2.878787878787879,-4.494949494949495,-0.8107290478552426
522,-2.7777777777777777,-4.494949494949495,-0.8410323504166558
523,-2.676767676767677,-4.494949494949495,-0.8682101036876515
524,-2.5757575757575757,-4.494949494949495,-0.8923560844080554
525,-2.474747474747475,-4.494949494949495,-0.9135837106745995
526,-2.3737373737373737,-4.494949494949495,-0.9320238580930658
527,-2.272727272727273,-4.494949494949495,-0.9478226172768963
528,-2.1717171717171717,-4.494949494949495,-0.9611390193388242
529,-2.070707070707071,-4.494949494949495,-0.9721427548067813
530,-1.9696969696969697,-4.494949494949495,-0.9810119098582415
531,-1.868686868686869,-4.494949494949495,-0.9879307419430208
532,-1.7676767676767677,-4.494949494949495,-0.9930875147938073
533,-1.6666666666666665,-4.494949494949495,-0.9966724105518008
534,-1.5656565656565657,-4.494949494949495,-0.9988755343117245
535,-1.4646464646464645,-4.494949494949495,-0.9998850238697976
536,-1.3636363636363638,-4.494949494949495,-0.9998852748963828
537,-1.2626262626262625,-4.494949494949495,-0.9990552892099203
538,-1.1616161616161618,-4.494949494949495,-0.9975671513586649
539,-1.0606060606060606,-4.494949494949495,-0.9955846363786908
540,-0.9595959595959593,-4.494949494949495,-0.9932619494448148
541,-0.858585858585859,-4.494949494949495,-0.9907425962152338
542,-0.7575757575757578,-4.494949494949495,-0.988158381034201
543,-0.6565656565656566,-4.494949494949495,-0.9856285288355743
544,-0.5555555555555554,-4.494949494949495,-0.9832589256096175
545,-0.45454545454545503,-4.494949494949495,-0.9811414716714286
546,-0.3535353535353538,-4.494949494949495,-0.9793535417053728
547,-0.2525252525252526,-4.494949494949495,-0.9779575456472122
548,-0.15151515151515138,-4.494949494949495,-0.9770005848830537
549,-0.050505050505050164,-4.494949494949495,-0.9765141989585365
550,0.050505050505050164,-4.494949494949495,-0.9765141989585365
551,0.15151515151515138,-4.494949494949495,-0.9770005848830537
552,0.2525252525252526,-4.494949494949495,-0.9779575456472122
553,0.3535353535353538,-4.494949494949495,-0.9793535417053728
554,0.45454545454545414,-4.494949494949495,-0.9811414716714286
555,0.5555555555555554,-4.494949494949495,-0.9832589256096175
556,0.6565656565656566,-4.494949494949495,-0.9856285288355743
557,0.7575757575757578,-4.494949494949495,-0.988158381034201
558,0.8585858585858581,-4.494949494949495,-0.9907425962152338
559,0.9595959595959593,-4.494949494949495,-0.9932619494448148
560,1.0606060606060606,-4.494949494949495,-0.9955846363786908
561,1.1616161616161618,-4.494949494949495,-0.9975671513586649
562,1.262626262626262,-4.494949494949495,-0.9990552892099203
563,1.3636363636363633,-4.494949494949495,-0.9998852748963828
564,1.4646464646464645,-4.494949494949495,-0.9998850238697976
565,1.5656565656565657,-4.494949494949495,-0.9988755343117245
566,1.666666666666667,-4.494949494949495,-0.9966724105518008
567,1.7676767676767673,-4.494949494949495,-0.9930875147938073
568,1.8686868686868685,-4.494949494949495,-0.9879307419430208
569,1.9696969696969697,-4.494949494949495,-0.9810119098582415
570,2.070707070707071,-4.494949494949495,-0.9721427548067813
571,2.1717171717171713,-4.494949494949495,-0.9611390193388242
572,2.2727272727272725,-4.494949494949495,-0.9478226172768963
573,2.3737373737373737,-4.494949494949495,-0.9320238580930658
574,2.474747474747475,-4.494949494949495,-0.9135837106745995
575,2.5757575757575752,-4.494949494949495,-0.8923560844080554
576,2.6767676767676765,-4.494949494949495,-0.8682101036876515
577,2.7777777777777777,-4.494949494949495,-0.8410323504166558
578,2.878787878787879,-4.494949494949495,-0.8107290478552426
579,2.9797979797979792,-4.494949494949495,-0.7772281583038075
580,3.0808080808080813,-4.494949494949495,-0.7404813666200053
581,3.1818181818181817,-4.494949494949495,-0.7004659214674775
582,3.282828282828282,-4.494949494949495,-0.6571863064950194
583,3.383838383838384,-4.494949494949495,-0.6106757143511863
584,3.4848484848484844,-4.494949494949495,-0.5609972975496236
585,3.5858585858585865,-4.494949494949495,-0.5082451717073324
586,3.686868686868687,-4.494949494949495,-0.45254514856897593
587,3.787878787878787,-4.494949494949495,-0.3940551784868121
588,3.8888888888888893,-4.494949494949495,-0.33296548462515024
589,3.9898989898989896,-4.494949494949495,-0.26949837407237015
590,4.09090909090909,-4.494949494949495,-0.20390771424084098
591,4.191919191919192,-4.494949494949495,-0.1364780663797351
592,4.292929292929292,-4.494949494949495,-0.06752347167863454
593,4.3939393939393945,-4.494949494949495,0.0026141107409246027
594,4.494949494949495,-4.494949494949495,0.07356671070758054
595,4.595959595959595,-4.494949494949495,0.144942591500737
596,4.696969696969697,-4.494949494949495,0.21632882066943113
597,4.797979797979798,-4.494949494949495,0.2872941518447773
598,4.8989898989899,-4.494949494949495,0.3573921982659597
599,5.0,-4.494949494949495,0.42616487490195226
600,-5.0,-4.393939393939394,0.36454372657984613
601,-4.898989898989899,-4.393939393939394,0.29323164717610045
602,-4.797979797979798,-4.393939393939394,0.22092145588384074
603,-4.696969696969697,-4.393939393939394,0.14808180683654346
604,-4.595959595959596,-4.393939393939394,0.0751671185795762
605,-4.494949494949495,-4.393939393939394,0.0026141107409237145
606,-4.393939393939394,-4.393939393939394,-0.06916136846891367
607,-4.292929292929293,-4.393939393939394,-0.13976720115507574
608,-4.191919191919192,-4.393939393939394,-0.20883752631371233
609,-4.090909090909091,-4.393939393939394,-0.27603491952737835
610,-3.9898989898989896,-4.393939393939394,-0.34105221544822006
611,-3.888888888888889,-4.393939393939394,-0.40361396697204893
612,-3.787878787878788,-4.393939393939394,-0.4634775392019058
613,-3.686868686868687,-4.393939393939394,-0.5204338404056466
614,-3.5858585858585856,-4.393939393939394,-0.5743076961405257
615,-3.484848484848485,-4.393939393939394,-0.6249578765026098
616,-3.383838383838384,-4.393939393939394,-0.672276790016413
617,-3.282828282828283,-4.393939393939394,-0.7161898609700611
618,-3.1818181818181817,-4.393939393939394,-0.7566546099862534
619,-3.080808080808081,-4.393939393939394,-0.7936594602663283
620,-2.9797979797979797,-4.393939393939394,-0.8272222942249516
621,-2.878787878787879,-4.393939393939394,-0.8573887871223715
622,-2.7777777777777777,-4.393939393939394,-0.8842305457809357
623,-2.676767676767677,-4.393939393939394,-0.9078430815291837
624,-2.5757575757575757,-4.393939393939394,-0.9283436471427186
625,-2.474747474747475,-4.393939393939394,-0.9458689677445706
626,-2.3737373737373737,-4.393939393939394,-0.9605728953936024
627,-2.272727272727273,-4.393939393939394,-0.972624016438725
628,-2.1717171717171717,-4.393939393939394,-0.9822032396670076
629,-2.070707070707071,-4.393939393939394,-0.9895013918493959
630,-1.9696969696969697,-4.393939393939394,-0.9947168455195959
631,-1.868686868686869,-4.393939393939394,-0.9980532017469792
632,-1.7676767676767677,-4.393939393939394,-0.9997170483265756
633,-1.6666666666666665,-4.393939393939394,-0.9999158112575521
634,-1.5656565656565657,-4.393939393939394,-0.9988557146703905
635,-1.4646464646464645,-4.393939393939394,-0.996739861551052
636,-1.3636363636363638,-4.393939393939394,-0.9937664447599296
637,-1.2626262626262625,-4.393939393939394,-0.9901270950187028
638,-1.1616161616161618,-4.393939393939394,-0.9860053698044744
639,-1.0606060606060606,-4.393939393939394,-0.9815753845120099
640,-0.9595959595959593,-4.393939393939394,-0.9770005848830537
641,-0.858585858585859,-4.393939393939394,-0.9724326576133953
642,-0.7575757575757578,-4.393939393939394,-0.9680105742837183
643,-0.6565656565656566,-4.393939393939394,-0.9638597623606819
644,-0.5555555555555554,-4.393939393939394,-0.9600913960109115
645,-0.45454545454545503,-4.393939393939394,-0.9568017988811471
646,-0.3535353535353538,-4.393939393939394,-0.9540719508276321
647,-0.2525252525252526,-4.393939393939394,-0.9519670908175408
648,-0.15151515151515138,-4.393939393939394,-0.950536408850762
649,-0.050505050505050164,-4.393939393939394,-0.9498128207233988
650,0.050505050505050164,-4.393939393939394,-0.9498128207233988
651,0.15151515151515138,-4.393939393939394,-0.950536408850762
652,0.2525252525252526,-4.393939393939394,-0.9519670908175408
653,0.3535353535353538,-4.393939393939394,-0.9540719508276321
654,0.45454545454545414,-4.393939393939394,-0.9568017988811471
655,0.5555555555555554,-4.393939393939394,-0.9600913960109115
656,0.6565656565656566,-4.393939393939394,-0.9638597623606819
657,0.7575757575757578,-4.393939393939394,-0.9680105742837183
658,0.8585858585858581,-4.393939393939394,-0.9724326576133951
659,0.9595959595959593,-4.393939393939394,-0.9770005848830537
660,1.0606060606060606,-4.393939393939394,-0.9815753845120099
661,1.1616161616161618,-4.393939393939394,-0.9860053698044744
662,1.262626262626262,-4.393939393939394,-0.9901270950187028
663,1.3636363636363633,-4.393939393939394,-0.9937664447599296
664,1.4646464646464645,-4.393939393939394,-0.996739861551052
665,1.5656565656565657,-4.393939393939394,-0.9988557146703905
666,1.666666666666667,-4.393939393939394,-0.9999158112575521
667,1.7676767676767673,-4.393939393939394,-0.9997170483265756
668,1.8686868686868685,-4.393939393939394,-0.9980532017469792
669,1.9696969696969697,-4.393939393939394,-0.9947168455195959
670,2.070707070707071,-4.393939393939394,-0.9895013918493959
671,2.1717171717171713,-4.393939393939394,-0.9822032396670076
672,2.2727272727272725,-4.393939393939394,-0.972624016438725
673,2.3737373737373737,-4.393939393939394,-0.9605728953936024
674,2.474747474747475,-4.393939393939394,-0.9458689677445706
675,2.5757575757575752,-4.393939393939394,-0.9283436471427186
676,2.6767676767676765,-4.393939393939394,-0.9078430815291837
677,2.7777777777777777,-4.393939393939394,-0.8842305457809357
678,2.878787878787879,-4.393939393939394,-0.8573887871223715
679,2.9797979797979792,-4.393939393939394,-0.8272222942249516
680,3.0808080808080813,-4.393939393939394,-0.7936594602663277
681,3.1818181818181817,-4.393939393939394,-0.7566546099862534
682,3.282828282828282,-4.393939393939394,-0.7161898609700611
683,3.383838383838384,-4.393939393939394,-0.672276790016413
684,3.4848484848484844,-4.393939393939394,-0.6249578765026098
685,3.5858585858585865,-4.393939393939394,-0.574307696140525
686,3.686868686868687,-4.393939393939394,-0.5204338404056466
687,3.787878787878787,-4.393939393939394,-0.4634775392019066
688,3.8888888888888893,-4.393939393939394,-0.4036139669720481
689,3.9898989898989896,-4.393939393939394,-0.34105221544822006
690,4.09090909090909,-4.393939393939394,-0.2760349195273792
691,4.191919191919192,-4.393939393939394,-0.20883752631371233
692,4.292929292929292,-4.393939393939394,-0.13976720115507663
693,4.3939393939393945,-4.393939393939394,-0.06916136846891278
694,4.494949494949495,-4.393939393939394,0.0026141107409237145
695,4.595959595959595,-4.393939393939394,0.0751671185795762
696,4.696969696969697,-4.393939393939394,0.14808180683654346
697,4.797979797979798,-4.393939393939394,0.22092145588384074
698,4.8989898989899,-4.393939393939394,0.29323164717610134
699,5.0,-4.393939393939394,0.36454372657984613
700,-5.0,-4.292929292929293,0.30210621122022246
701,-4.898989898989899,-4.292929292929293,0.2285575659938202
702,-4.797979797979798,-4.292929292929293,0.1543510954806722
703,-4.696969696969697,-4.292929292929293,0.0799647433797036
704,-4.595959595959596,-4.292929292929293,0.005859620312240703
705,-4.494949494949495,-4.292929292929293,-0.06752347167863454
706,-4.393939393939394,-4.292929292929293,-0.13976720115507574
707,-4.292929292929293,-4.292929292929293,-0.21048053347207704
708,-4.191919191919192,-4.292929292929293,-0.27930120302956807
709,-4.090909090909091,-4.292929292929293,-0.3458978178681149
710,-3.9898989898989896,-4.292929292929293,-0.40997158731573885
711,-3.888888888888889,-4.292929292929293,-0.47125766782201794
712,-3.787878787878788,-4.292929292929293,-0.529526126492292
713,-3.686868686868687,-4.292929292929293,-0.5845825261079174
714,-3.5858585858585856,-4.292929292929293,-0.6362681395383396
715,-3.484848484848485,-4.292929292929293,-0.6844598053694138
716,-3.383838383838384,-4.292929292929293,-0.7290694402446706
717,-3.282828282828283,-4.292929292929293,-0.7700432268001185
718,-3.1818181818181817,-4.292929292929293,-0.8073604991300253
719,-3.080808080808081,-4.292929292929293,-0.8410323504166558
720,-2.9797979797979797,-4.292929292929293,-0.8710999896610638
721,-2.878787878787879,-4.292929292929293,-0.8976328763397463
722,-2.7777777777777777,-4.292929292929293,-0.9207266632634974
723,-2.676767676767677,-4.292929292929293,-0.9405009789159292
724,-2.5757575757575757,-4.292929292929293,-0.9570970810917876
725,-2.474747474747475,-4.292929292929293,-0.9706754137373664
726,-2.3737373737373737,-4.292929292929293,-0.9814130985217269
727,-2.272727272727273,-4.292929292929293,-0.9895013918493958
728,-2.1717171717171717,-4.292929292929293,-0.9951431367811159
729,-2.070707070707071,-4.292929292929293,-0.9985502376844227
730,-1.9696969696969697,-4.292929292929293,-0.999941183422856
731,-1.868686868686869,-4.292929292929293,-0.9995386425509948
732,-1.7676767676767677,-4.292929292929293,-0.9975671513586649
733,-1.6666666666666665,-4.292929292929293,-0.9942509127545082
734,-1.5656565656565657,-4.292929292929293,-0.9898117209555578
735,-1.4646464646464645,-4.292929292929293,-0.9844670238196906
736,-1.3636363636363638,-4.292929292929293,-0.9784281314902453
737,-1.2626262626262625,-4.292929292929293,-0.9718985768881023
738,-1.1616161616161618,-4.292929292929293,-0.965072630558985
739,-1.0606060606060606,-4.292929292929293,-0.9581339695350869
740,-0.9595959595959593,-4.292929292929293,-0.9512544972703997
741,-0.858585858585859,-4.292929292929293,-0.9445933094235466
742,-0.7575757575757578,-4.292929292929293,-0.9382957983486435
743,-0.6565656565656566,-4.292929292929293,-0.9324928876622942
744,-0.5555555555555554,-4.292929292929293,-0.9273003872198778
745,-0.45454545454545503,-4.292929292929293,-0.9228184582795815
746,-0.3535353535353538,-4.292929292929293,-0.9191311785651227
747,-0.2525252525252526,-4.292929292929293,-0.91630619734813
748,-0.15151515151515138,-4.292929292929293,-0.9143944715317062
749,-0.050505050505050164,-4.292929292929293,-0.9134300749838847
750,0.050505050505050164,-4.292929292929293,-0.9134300749838847
751,0.15151515151515138,-4.292929292929293,-0.9143944715317062
752,0.2525252525252526,-4.292929292929293,-0.91630619734813
753,0.3535353535353538,-4.292929292929293,-0.9191311785651227
754,0.45454545454545414,-4.292929292929293,-0.9228184582795815
755,0.5555555555555554,-4.292929292929293,-0.9273003872198778
756,0.6565656565656566,-4.292929292929293,-0.9324928876622942
757,0.7575757575757578,-4.292929292929293,-0.9382957983486435
758,0.8585858585858581,-4.292929292929293,-0.9445933094235464
759,0.9595959595959593,-4.292929292929293,-0.9512544972703997
760,1.0606060606060606,-4.292929292929293,-0.9581339695350869
761,1.1616161616161618,-4.292929292929293,-0.965072630558985
762,1.262626262626262,-4.292929292929293,-0.9718985768881023
763,1.3636363636363633,-4.292929292929293,-0.9784281314902453
764,1.4646464646464645,-4.292929292929293,-0.9844670238196906
765,1.5656565656565657,-4.292929292929293,-0.9898117209555578
766,1.666666666666667,-4.292929292929293,-0.9942509127545082
767,1.7676767676767673,-4.292929292929293,-0.9975671513586649
768,1.8686868686868685,-4.292929292929293,-0.9995386425509948
769,1.9696969696969697,-4.292929292929293,-0.999941183422856
770,2.070707070707071,-4.292929292929293,-0.9985502376844227
771,2.1717171717171713,-4.292929292929293,-0.9951431367811159
772,2.2727272727272725,-4.292929292929293,-0.9895013918493958
773,2.3737373737373737,-4.292929292929293,-0.9814130985217269
774,2.474747474747475,-4.292929292929293,-0.9706754137373664
775,2.5757575757575752,-4.292929292929293,-0.9570970810917876
776,2.6767676767676765,-4.292929292929293,-0.9405009789159292
777,2.7777777777777777,-4.292929292929293,-0.9207266632634974
778,2.878787878787879,-4.292929292929293,-0.8976328763397463
779,2.9797979797979792,-4.292929292929293,-0.8710999896610638
780,3.0808080808080813,-4.292929292929293,-0.8410323504166558
781,3.1818181818181817,-4.292929292929293,-0.8073604991300253
782,3.282828282828282,-4.292929292929293,-0.7700432268001185
783,3.383838383838384,-4.292929292929293,-0.7290694402446706
784,3.4848484848484844,-4.292929292929293,-0.6844598053694138
785,3.5858585858585865,-4.292929292929293,-0.6362681395383396
786,3.686868686868687,-4.292929292929293,-0.5845825261079174
787,3.787878787878787,-4.292929292929293,-0.5295261264922928
788,3.8888888888888893,-4.292929292929293,-0.47125766782201794
789,3.9898989898989896,-4.292929292929293,-0.40997158731573885
790,4.09090909090909,-4.292929292929293,-0.34589781786811574
791,4.191919191919192,-4.292929292929293,-0.27930120302956807
792,4.292929292929292,-4.292929292929293,-0.21048053347207704
793,4.3939393939393945,-4.292929292929293,-0.13976720115507485
794,4.494949494949495,-4.292929292929293,-0.06752347167863454
795,4.595959595959595,-4.292929292929293,0.005859620312239815
796,4.696969696969697,-4.292929292929293,0.0799647433797036
797,4.797979797979798,-4.292929292929293,0.1543510954806722
798,4.8989898989899,-4.292929292929293,0.22855756599382193
799,5.0,-4.292929292929293,0.30210621122022246
800,-5.0,-4.191919191919192,0.23920908105240685
801,-4.898989898989899,-4.191919191919192,0.1637317692551949
802,-4.797979797979798,-4.191919191919192,0.0879485695132407
803,-4.696969696969697,-4.191919191919192,0.012345400958584343
804,-4.595959595959596,-4.191919191919192,-0.06261130163429002
805,-4.494949494949495,-4.191919191919192,-0.1364780663797351
806,-4.393939393939394,-4.191919191919192,-0.20883752631371233
807,-4.292929292929293,-4.191919191919192,-0.27930120302956807
808,-4.191919191919192,-4.191919191919192,-0.3475119145087923
809,-4.090909090909091,-4.191919191919192,-0.41314579432852483
810,-3.9898989898989896,-4.191919191919192,-0.47591391406227634
811,-3.888888888888889,-4.191919191919192,-0.5355635053149475
812,-3.787878787878788,-4.191919191919192,-0.5918787823935
813,-3.686868686868687,-4.191919191919192,-0.6446813710574029
814,-3.5858585858585856,-4.191919191919192,-0.6938303530662946
815,-3.484848484848485,-4.191919191919192,-0.7392219402969454
816,-3.383838383838384,-4.191919191919192,-0.7807887959904833
817,-3.282828282828283,-4.191919191919192,-0.8184990241704868
818,-3.1818181818181817,-4.191919191919192,-0.8523548514029261
819,-3.080808080808081,-4.191919191919192,-0.8823910278142666
820,-2.9797979797979797,-4.191919191919192,-0.9086729766131126
821,-2.878787878787879,-4.191919191919192,-0.9312947232473664
822,-2.7777777777777777,-4.191919191919192,-0.9503766367522083
823,-2.676767676767677,-4.191919191919192,-0.9660630167891978
824,-2.5757575757575757,-4.191919191919192,-0.9785195603345841
825,-2.474747474747475,-4.191919191919192,-0.9879307419430208
826,-2.3737373737373737,-4.191919191919192,-0.99449714099563
827,-2.272727272727273,-4.191919191919192,-0.9984327483501461
828,-2.1717171717171717,-4.191919191919192,-0.9999622833643549
829,-2.070707070707071,-4.191919191919192,-0.9993185503884481
830,-1.9696969696969697,-4.191919191919192,-0.9967398615510521
831,-1.868686868686869,-4.191919191919192,-0.9924675500391376
832,-1.7676767676767677,-4.191919191919192,-0.9867435951428885
833,-1.6666666666666665,-4.191919191919192,-0.9798083771594854
834,-1.5656565656565657,-4.191919191919192,-0.9718985768881023
835,-1.4646464646464645,-4.191919191919192,-0.9632452309720156
836,-1.3636363636363638,-4.191919191919192,-0.9540719508276324
837,-1.2626262626262625,-4.191919191919192,-0.9445933094235464
838,-1.1616161616161618,-4.191919191919192,-0.9350133968168901
839,-1.0606060606060606,-4.191919191919192,-0.9255245422010497
840,-0.9595959595959593,-4.191919191919192,-0.9163061973481297
841,-0.858585858585859,-4.191919191919192,-0.9075239738165816
842,-0.7575757575757578,-4.191919191919192,-0.8993288242069458
843,-0.6565656565656566,-4.191919191919192,-0.8918563561440617
844,-0.5555555555555554,-4.191919191919192,-0.8852262665865006
845,-0.45454545454545503,-4.191919191919192,-0.8795418835415977
846,-0.3535353535353538,-4.191919191919192,-0.8748898023074512
847,-0.2525252525252526,-4.191919191919192,-0.8713396039621555
848,-0.15151515151515138,-4.191919191919192,-0.8689436449454537
849,-0.050505050505050164,-4.191919191919192,-0.8677369081789432
850,0.050505050505050164,-4.191919191919192,-0.8677369081789432
851,0.15151515151515138,-4.191919191919192,-0.8689436449454537
852,0.2525252525252526,-4.191919191919192,-0.8713396039621555
853,0.3535353535353538,-4.191919191919192,-0.8748898023074512
854,0.45454545454545414,-4.191919191919192,-0.8795418835415977
855,0.5555555555555554,-4.191919191919192,-0.8852262665865006
856,0.6565656565656566,-4.191919191919192,-0.8918563561440617
857,0.7575757575757578,-4.191919191919192,-0.8993288242069458
858,0.8585858585858581,-4.191919191919192,-0.9075239738165816
859,0.9595959595959593,-4.191919191919192,-0.9163061973481297
860,1.0606060606060606,-4.191919191919192,-0.9255245422010497
861,1.1616161616161618,-4.191919191919192,-0.9350133968168901
862,1.262626262626262,-4.191919191919192,-0.9445933094235464
863,1.3636363636363633,-4.191919191919192,-0.9540719508276324
864,1.4646464646464645,-4.191919191919192,-0.9632452309720156
865,1.5656565656565657,-4.191919191919192,-0.9718985768881023
866,1.666666666666667,-4.191919191919192,-0.9798083771594854
867,1.7676767676767673,-4.191919191919192,-0.9867435951428885
868,1.8686868686868685,-4.191919191919192,-0.9924675500391376
869,1.9696969696969697,-4.191919191919192,-0.9967398615510521
870,2.070707070707071,-4.191919191919192,-0.9993185503884481
871,2.1717171717171713,-4.191919191919192,-0.9999622833643549
872,2.2727272727272725,-4.191919191919192,-0.9984327483501461
873,2.3737373737373737,-4.191919191919192,-0.99449714099563
874,2.474747474747475,-4.191919191919192,-0.9879307419430208
875,2.5757575757575752,-4.191919191919192,-0.9785195603345841
876,2.6767676767676765,-4.191919191919192,-0.9660630167891978
877,2.7777777777777777,-4.191919191919192,-0.9503766367522083
878,2.878787878787879,-4.191919191919192,-0.9312947232473664
879,2.9797979797979792,-4.191919191919192,-0.9086729766131126
880,3.0808080808080813,-4.191919191919192,-0.8823910278142661
881,3.1818181818181817,-4.191919191919192,-0.8523548514029261
882,3.282828282828282,-4.191919191919192,-0.8184990241704868
883,3.383838383838384,-4.191919191919192,-0.7807887959904833
884,3.4848484848484844,-4.191919191919192,-0.7392219402969454
885,3.5858585858585865,-4.191919191919192,-0.693830353066294
886,3.686868686868687,-4.191919191919192,-0.6446813710574029
887,3.787878787878787,-4.191919191919192,-0.5918787823935007
888,3.8888888888888893,-4.191919191919192,-0.5355635053149475
889,3.9898989898989896,-4.191919191919192,-0.47591391406227634
890,4.09090909090909,-4.191919191919192,-0.41314579432852483
891,4.191919191919192,-4.191919191919192,-0.3475119145087923
892,4.292929292929292,-4.191919191919192,-0.2793012030295689
893,4.3939393939393945,-4.191919191919192,-0.2088375263137106
894,4.494949494949495,-4.191919191919192,-0.1364780663797351
895,4.595959595959595,-4.191919191919192,-0.0626113016342909
896,4.696969696969697,-4.191919191919192,0.012345400958584343
897,4.797979797979798,-4.191919191919192,0.0879485695132407
898,4.8989898989899,-4.191919191919192,0.1637317692551949
899,5.0,-4.191919191919192,0.23920908105240685
900,-5.0,-4.090909090909091,0.17619479579151534
901,-4.898989898989899,-4.090909090909091,0.09909951233871539
902,-4.797979797979798,-4.090909090909091,0.022060505822728442
903,-4.696969696969697,-4.090909090909091,-0.05442967125419226
904,-4.595959595959596,-4.090909090909091,-0.12990064934862755
905,-4.494949494949495,-4.090909090909091,-0.20390771424084012
906,-4.393939393939394,-4.090909090909091,-0.27603491952737835
907,-4.292929292929293,-4.090909090909091,-0.3458978178681149
908,-4.191919191919192,-4.090909090909091,-0.41314579432852483
909,-4.090909090909091,-4.090909090909091,-0.4774639899650782
910,-3.9898989898989896,-4.090909090909091,-0.5385748086451192
911,-3.888888888888889,-4.090909090909091,-0.5962390049155653
912,-3.787878787878788,-4.090909090909091,-0.6502563554811599
913,-3.686868686868687,-4.090909090909091,-0.7004659214674775
914,-3.5858585858585856,-4.090909090909091,-0.746745913073142
915,-3.484848484848485,-4.090909090909091,-0.7890131724084029
916,-3.383838383838384,-4.090909090909091,-0.8272222942249512
917,-3.282828282828283,-4.090909090909091,-0.8613644078193967
918,-3.1818181818181817,-4.090909090909091,-0.8914656465988168
919,-3.080808080808081,-4.090909090909091,-0.9175853345939416
920,-2.9797979797979797,-4.090909090909091,-0.9398139215614217
921,-2.878787878787879,-4.090909090909091,-0.9582707002037001
922,-2.7777777777777777,-4.090909090909091,-0.9731013404313866
923,-2.676767676767677,-4.090909090909091,-0.9844752764825282
924,-2.5757575757575757,-4.090909090909091,-0.9925829830859907
925,-2.474747474747475,-4.090909090909091,-0.9976331767090001
926,-2.3737373737373737,-4.090909090909091,-0.9998499772654603
927,-2.272727272727273,-4.090909090909091,-0.9994700644929607
928,-2.1717171717171717,-4.090909090909091,-0.9967398615510521
929,-2.070707070707071,-4.090909090909091,-0.9919127762779679
930,-1.9696969696969697,-4.090909090909091,-0.9852465280022725
931,-1.868686868686869,-4.090909090909091,-0.9770005848830539
932,-1.7676767676767677,-4.090909090909091,-0.9674337334988222
933,-1.6666666666666665,-4.090909090909091,-0.9568017988811475
934,-1.5656565656565657,-4.090909090909091,-0.9453555294622585
935,-1.4646464646464645,-4.090909090909091,-0.9333386575518058
936,-1.3636363636363638,-4.090909090909091,-0.9209861420588347
937,-1.2626262626262625,-4.090909090909091,-0.9085225963181351
938,-1.1616161616161618,-4.090909090909091,-0.896160900156508
939,-1.0606060606060606,-4.090909090909091,-0.8841009918365946
940,-0.9595959595959593,-4.090909090909091,-0.8725288323349589
941,-0.858585858585859,-4.090909090909091,-0.8616155316341573
942,-0.7575757575757578,-4.090909090909091,-0.8515166244149639
943,-0.6565656565656566,-4.090909090909091,-0.8423714807930516
944,-0.5555555555555554,-4.090909090909091,-0.8343028366078113
945,-0.45454545454545503,-4.090909090909091,-0.8274164272751893
946,-0.3535353535353538,-4.090909090909091,-0.8218007093760527
947,-0.2525252525252526,-4.090909090909091,-0.8175266549583122
948,-0.15151515151515138,-4.090909090909091,-0.8146476049522502
949,-0.050505050505050164,-4.090909090909091,-0.8131991700775237
950,0.050505050505050164,-4.090909090909091,-0.8131991700775237
951,0.15151515151515138,-4.090909090909091,-0.8146476049522502
952,0.2525252525252526,-4.090909090909091,-0.8175266549583122
953,0.3535353535353538,-4.090909090909091,-0.8218007093760527
954,0.45454545454545414,-4.090909090909091,-0.8274164272751893
955,0.5555555555555554,-4.090909090909091,-0.8343028366078113
956,0.6565656565656566,-4.090909090909091,-0.8423714807930516
957,0.7575757575757578,-4.090909090909091,-0.8515166244149639
958,0.8585858585858581,-4.090909090909091,-0.8616155316341573
959,0.9595959595959593,-4.090909090909091,-0.8725288323349589
960,1.0606060606060606,-4.090909090909091,-0.8841009918365946
961,1.1616161616161618,-4.090909090909091,-0.896160900156508
962,1.262626262626262,-4.090909090909091,-0.9085225963181351
963,1.3636363636363633,-4.090909090909091,-0.9209861420588347
964,1.4646464646464645,-4.090909090909091,-0.9333386575518058
965,1.5656565656565657,-4.090909090909091,-0.9453555294622585
966,1.666666666666667,-4.090909090909091,-0.9568017988811475
967,1.7676767676767673,-4.090909090909091,-0.9674337334988222
968,1.8686868686868685,-4.090909090909091,-0.9770005848830539
969,1.9696969696969697,-4.090909090909091,-0.9852465280022725
970,2.070707070707071,-4.090909090909091,-0.9919127762779679
971,2.1717171717171713,-4.090909090909091,-0.9967398615510521
972,2.2727272727272725,-4.090909090909091,-0.9994700644929607
973,2.3737373737373737,-4.090909090909091,-0.9998499772654603
974,2.474747474747475,-4.090909090909091,-0.9976331767090001
975,2.5757575757575752,-4.090909090909091,-0.9925829830859907
976,2.6767676767676765,-4.090909090909091,-0.9844752764825282
977,2.7777777777777777,-4.090909090909091,-0.9731013404313866
978,2.878787878787879,-4.090909090909091,-0.9582707002037001
979,2.9797979797979792,-4.090909090909091,-0.939813921561422
980,3.0808080808080813,-4.090909090909091,-0.9175853345939416
981,3.1818181818181817,-4.090909090909091,-0.8914656465988168
982,3.282828282828282,-4.090909090909091,-0.8613644078193972
983,3.383838383838384,-4.090909090909091,-0.8272222942249512
984,3.4848484848484844,-4.090909090909091,-0.7890131724084034
985,3.5858585858585865,-4.090909090909091,-0.7467459130731414
986,3.686868686868687,-4.090909090909091,-0.7004659214674775
987,3.787878787878787,-4.090909090909091,-0.6502563554811606
988,3.8888888888888893,-4.090909090909091,-0.5962390049155653
989,3.9898989898989896,-4.090909090909091,-0.5385748086451192
990,4.09090909090909,-4.090909090909091,-0.4774639899650782
991,4.191919191919192,-4.090909090909091,-0.41314579432852483
992,4.292929292929292,-4.090909090909091,-0.34589781786811574
993,4.3939393939393945,-4.090909090909091,-0.27603491952737746
994,4.494949494949495,-4.090909090909091,-0.20390771424084012
995,4.595959595959595,-4.090909090909091,-0.12990064934862755
996,4.696969696969697,-4.090909090909091,-0.05442967125419226
997,4.797979797979798,-4.090909090909091,0.022060505822728442
998,4.8989898989899,-4.090909090909091,0.09909951233871539
999,5.0,-4.090909090909091,0.17619479579151534
1000,-5.0,-3.9898989898989896,0.11338934827627266
1001,-4.898989898989899,-3.9898989898989896,0.034987350391615796
1002,-4.797979797979798,-3.9898989898989896,-0.042987436623964495
1003,-4.696969696969697,-3.9898989898989896,-0.120037190052395
1004,-4.595959595959596,-3.9898989898989896,-0.19568900953589646
1005,-4.494949494949495,-3.9898989898989896,-0.26949837407237015
1006,-4.393939393939394,-3.9898989898989896,-0.34105221544822006
1007,-4.292929292929293,-3.9898989898989896,-0.40997158731573885
1008,-4.191919191919192,-3.9898989898989896,-0.47591391406227634
1009,-4.090909090909091,-3.9898989898989896,-0.5385748086451192
1010,-3.9898989898989896,-3.9898989898989896,-0.597689453620465
1011,-3.888888888888889,-3.9898989898989896,-0.6530335446184485
1012,-3.787878787878788,-3.9898989898989896,-0.7044238004506791
1013,-3.686868686868687,-3.9898989898989896,-0.7517180488252281
1014,-3.5858585858585856,-3.9898989898989896,-0.7948149012312968
1015,-3.484848484848485,-3.9898989898989896,-0.8336530348888764
1016,-3.383838383838384,-3.9898989898989896,-0.8682101036876515
1017,-3.282828282828283,-3.9898989898989896,-0.8985013037173747
1018,-3.1818181818181817,-3.9898989898989896,-0.9245776222761427
1019,-3.080808080808081,-3.9898989898989896,-0.9465238020947079
1020,-2.9797979797979797,-3.9898989898989896,-0.9644560549004086
1021,-2.878787878787879,-3.9898989898989896,-0.9785195603345841
1022,-2.7777777777777777,-3.9898989898989896,-0.9888857876092664
1023,-2.676767676767677,-3.9898989898989896,-0.995749678125162
1024,-2.5757575757575757,-3.9898989898989896,-0.9993267275623554
1025,-2.474747474747475,-3.9898989898989896,-0.9998500056934462
1026,-2.3737373737373737,-3.9898989898989896,-0.9975671513586649
1027,-2.272727272727273,-3.9898989898989896,-0.9927373786940956
1028,-2.1717171717171717,-3.9898989898989896,-0.9856285288355743
1029,-2.070707070707071,-3.9898989898989896,-0.9765141989585365
1030,-1.9696969696969697,-3.9898989898989896,-0.9656709776931979
1031,-1.868686868686869,-3.9898989898989896,-0.9533758127191232
1032,-1.7676767676767677,-3.9898989898989896,-0.9399035327469912
1033,-1.6666666666666665,-3.9898989898989896,-0.9255245422010497
1034,-1.5656565656565657,-3.9898989898989896,-0.9105027027956648
1035,-1.4646464646464645,-3.9898989898989896,-0.8950934119345998
1036,-1.3636363636363638,-3.9898989898989896,-0.8795418835415972
1037,-1.2626262626262625,-3.9898989898989896,-0.864081632651776
1038,-1.1616161616161618,-3.9898989898989896,-0.8489331609568632
1039,-1.0606060606060606,-3.9898989898989896,-0.8343028366078113
1040,-0.9595959595959593,-3.9898989898989896,-0.8203819580403783
1041,-0.858585858585859,-3.9898989898989896,-0.8073459885038088
1042,-0.7575757575757578,-3.9898989898989896,-0.7953539454332744
1043,-0.6565656565656566,-3.9898989898989896,-0.7845479268951294
1044,-0.5555555555555554,-3.9898989898989896,-0.7750527561157246
1045,-0.45454545454545503,-3.9898989898989896,-0.7669757246248852
1046,-0.3535353535353538,-3.9898989898989896,-0.7604064148250015
1047,-0.2525252525252526,-3.9898989898989896,-0.7554165838301538
1048,-0.15151515151515138,-3.9898989898989896,-0.7520600921717984
1049,-0.050505050505050164,-3.9898989898989896,-0.7503728633744201
1050,0.050505050505050164,-3.9898989898989896,-0.7503728633744201
1051,0.15151515151515138,-3.9898989898989896,-0.7520600921717984
1052,0.2525252525252526,-3.9898989898989896,-0.7554165838301538
1053,0.3535353535353538,-3.9898989898989896,-0.7604064148250015
1054,0.45454545454545414,-3.9898989898989896,-0.7669757246248852
1055,0.5555555555555554,-3.9898989898989896,-0.7750527561157246
1056,0.6565656565656566,-3.9898989898989896,-0.7845479268951294
1057,0.7575757575757578,-3.9898989898989896,-0.7953539454332744
1058,0.8585858585858581,-3.9898989898989896,-0.8073459885038082
1059,0.9595959595959593,-3.9898989898989896,-0.8203819580403783
1060,1.0606060606060606,-3.9898989898989896,-0.8343028366078113
1061,1.1616161616161618,-3.9898989898989896,-0.8489331609568632
1062,1.262626262626262,-3.9898989898989896,-0.864081632651776
1063,1.3636363636363633,-3.9898989898989896,-0.8795418835415972
1064,1.4646464646464645,-3.9898989898989896,-0.8950934119345998
1065,1.5656565656565657,-3.9898989898989896,-0.9105027027956648
1066,1.666666666666667,-3.9898989898989896,-0.9255245422010497
1067,1.7676767676767673,-3.9898989898989896,-0.9399035327469912
1068,1.8686868686868685,-3.9898989898989896,-0.9533758127191232
1069,1.9696969696969697,-3.9898989898989896,-0.9656709776931979
1070,2.070707070707071,-3.9898989898989896,-0.9765141989585365
1071,2.1717171717171713,-3.9898989898989896,-0.9856285288355743
1072,2.2727272727272725,-3.9898989898989896,-0.9927373786940955
1073,2.3737373737373737,-3.9898989898989896,-0.9975671513586649
1074,2.474747474747475,-3.9898989898989896,-0.9998500056934462
1075,2.5757575757575752,-3.9898989898989896,-0.9993267275623554
1076,2.6767676767676765,-3.9898989898989896,-0.995749678125162
1077,2.7777777777777777,-3.9898989898989896,-0.9888857876092664
1078,2.878787878787879,-3.9898989898989896,-0.9785195603345841
1079,2.9797979797979792,-3.9898989898989896,-0.9644560549004089
1080,3.0808080808080813,-3.9898989898989896,-0.9465238020947079
1081,3.1818181818181817,-3.9898989898989896,-0.9245776222761427
1082,3.282828282828282,-3.9898989898989896,-0.8985013037173751
1083,3.383838383838384,-3.9898989898989896,-0.8682101036876515
1084,3.4848484848484844,-3.9898989898989896,-0.833653034888877
1085,3.5858585858585865,-3.9898989898989896,-0.7948149012312963
1086,3.686868686868687,-3.9898989898989896,-0.7517180488252281
1087,3.787878787878787,-3.9898989898989896,-0.7044238004506798
1088,3.8888888888888893,-3.9898989898989896,-0.6530335446184485
1089,3.9898989898989896,-3.9898989898989896,-0.597689453620465
1090,4.09090909090909,-3.9898989898989896,-0.5385748086451192
1091,4.191919191919192,-3.9898989898989896,-0.47591391406227634
1092,4.292929292929292,-3.9898989898989896,-0.40997158731573885
1093,4.3939393939393945,-3.9898989898989896,-0.34105221544821923
1094,4.494949494949495,-3.9898989898989896,-0.26949837407237015
1095,4.595959595959595,-3.9898989898989896,-0.1956890095358982
1096,4.696969696969697,-3.9898989898989896,-0.120037190052395
1097,4.797979797979798,-3.9898989898989896,-0.042987436623964495
1098,4.8989898989899,-3.9898989898989896,0.034987350391615796
1099,5.0,-3.9898989898989896,0.11338934827627266
1100,-5.0,-3.888888888888889,0.051100344609596095
1101,-4.898989898989899,-3.888888888888889,-0.028298730490259733
1102,-4.797979797979798,-3.888888888888889,-0.10689237537946177
1103,-4.696969696969697,-3.888888888888889,-0.1841788743835136
1104,-4.595959595959596,-3.888888888888889,-0.2596842078514849
1105,-4.494949494949495,-3.888888888888889,-0.33296548462515024
1106,-4.393939393939394,-3.888888888888889,-0.40361396697204893
1107,-4.292929292929293,-3.888888888888889,-0.47125766782201794
1108,-4.191919191919192,-3.888888888888889,-0.5355635053149475
1109,-4.090909090909091,-3.888888888888889,-0.5962390049155653
1110,-3.9898989898989896,-3.888888888888889,-0.6530335446184485
1111,-3.888888888888889,-3.888888888888889,-0.7057391439923345
1112,-3.787878787878788,-3.888888888888889,-0.7541908029373977
1113,-3.686868686868687,-3.888888888888889,-0.7982664009935626
1114,-3.5858585858585856,-3.888888888888889,-0.837886172785338
1115,-3.484848484848485,-3.888888888888889,-0.8730117796644911
1116,-3.383838383838384,-3.888888888888889,-0.9036450017645373
1117,-3.282828282828283,-3.888888888888889,-0.929826078462273
1118,-3.1818181818181817,-3.888888888888889,-0.9516317286070808
1119,-3.080808080808081,-3.888888888888889,-0.9691728847884663
1120,-2.9797979797979797,-3.888888888888889,-0.9825921783309262
1121,-2.878787878787879,-3.888888888888889,-0.9920612136026401
1122,-2.7777777777777777,-3.888888888888889,-0.9977776715759489
1123,-2.676767676767677,-3.888888888888889,-0.9999622833643549
1124,-2.5757575757575757,-3.888888888888889,-0.9988557146703905
1125,-2.474747474747475,-3.888888888888889,-0.994715401705296
1126,-2.3737373737373737,-3.888888888888889,-0.9878123781863991
1127,-2.272727272727273,-3.888888888888889,-0.9784281314902453
1128,-2.1717171717171717,-3.888888888888889,-0.9668515239559098
1129,-2.070707070707071,-3.888888888888889,-0.9533758127191235
1130,-1.9696969696969697,-3.888888888888889,-0.9382957983486435
1131,-1.868686868686869,-3.888888888888889,-0.9219051289962067
1132,-1.7676767676767677,-3.888888888888889,-0.9044937828150851
1133,-1.6666666666666665,-3.888888888888889,-0.8863457471150009
1134,-1.5656565656565657,-3.888888888888889,-0.8677369081789432
1135,-1.4646464646464645,-3.888888888888889,-0.8489331609568637
1136,-1.3636363636363638,-3.888888888888889,-0.8301887430690369
1137,-1.2626262626262625,-3.888888888888889,-0.8117447928038011
1138,-1.1616161616161618,-3.888888888888889,-0.7938281261934981
1139,-1.0606060606060606,-3.888888888888889,-0.7766502239168039
1140,-0.9595959595959593,-3.888888888888889,-0.7604064148250015
1141,-0.858585858585859,-3.888888888888889,-0.7452752394416297
1142,-0.7575757575757578,-3.888888888888889,-0.7314179739500138
1143,-0.6565656565656566,-3.888888888888889,-0.718978293059882
1144,-0.5555555555555554,-3.888888888888889,-0.7080820488134968
1145,-0.45454545454545503,-3.888888888888889,-0.6988371419113968
1146,-0.3535353535353538,-3.888888888888889,-0.6913334625378165
1147,-0.2525252525252526,-3.888888888888889,-0.6856428789442476
1148,-0.15151515151515138,-3.888888888888889,-0.6818192541699641
1149,-0.050505050505050164,-3.888888888888889,-0.6798984741690715
1150,0.050505050505050164,-3.888888888888889,-0.6798984741690715
1151,0.15151515151515138,-3.888888888888889,-0.6818192541699641
1152,0.2525252525252526,-3.888888888888889,-0.6856428789442476
1153,0.3535353535353538,-3.888888888888889,-0.6913334625378165
1154,0.45454545454545414,-3.888888888888889,-0.6988371419113965
1155,0.5555555555555554,-3.888888888888889,-0.7080820488134968
1156,0.6565656565656566,-3.888888888888889,-0.718978293059882
1157,0.7575757575757578,-3.888888888888889,-0.7314179739500138
1158,0.8585858585858581,-3.888888888888889,-0.7452752394416293
1159,0.9595959595959593,-3.888888888888889,-0.7604064148250015
1160,1.0606060606060606,-3.888888888888889,-0.7766502239168039
1161,1.1616161616161618,-3.888888888888889,-0.7938281261934981
1162,1.262626262626262,-3.888888888888889,-0.8117447928038011
1163,1.3636363636363633,-3.888888888888889,-0.8301887430690369
1164,1.4646464646464645,-3.888888888888889,-0.8489331609568637
1165,1.5656565656565657,-3.888888888888889,-0.8677369081789432
1166,1.666666666666667,-3.888888888888889,-0.8863457471150009
1167,1.7676767676767673,-3.888888888888889,-0.9044937828150851
1168,1.8686868686868685,-3.888888888888889,-0.9219051289962067
1169,1.9696969696969697,-3.888888888888889,-0.9382957983486435
1170,2.070707070707071,-3.888888888888889,-0.9533758127191235
1171,2.1717171717171713,-3.888888888888889,-0.9668515239559098
1172,2.2727272727272725,-3.888888888888889,-0.9784281314902452
1173,2.3737373737373737,-3.888888888888889,-0.9878123781863991
1174,2.474747474747475,-3.888888888888889,-0.994715401705296
1175,2.5757575757575752,-3.888888888888889,-0.9988557146703905
1176,2.6767676767676765,-3.888888888888889,-0.9999622833643549
1177,2.7777777777777777,-3.888888888888889,-0.9977776715759489
1178,2.878787878787879,-3.888888888888889,-0.9920612136026401
1179,2.9797979797979792,-3.888888888888889,-0.9825921783309262
1180,3.0808080808080813,-3.888888888888889,-0.9691728847884663
1181,3.1818181818181817,-3.888888888888889,-0.9516317286070808
1182,3.282828282828282,-3.888888888888889,-0.9298260784622734
1183,3.383838383838384,-3.888888888888889,-0.9036450017645373
1184,3.4848484848484844,-3.888888888888889,-0.8730117796644911
1185,3.5858585858585865,-3.888888888888889,-0.837886172785338
1186,3.686868686868687,-3.888888888888889,-0.7982664009935626
1187,3.787878787878787,-3.888888888888889,-0.7541908029373983
1188,3.8888888888888893,-3.888888888888889,-0.7057391439923345
1189,3.9898989898989896,-3.888888888888889,-0.6530335446184485
1190,4.09090909090909,-3.888888888888889,-0.5962390049155659
1191,4.191919191919192,-3.888888888888889,-0.5355635053149475
1192,4.292929292929292,-3.888888888888889,-0.47125766782201794
1193,4.3939393939393945,-3.888888888888889,-0.4036139669720481
1194,4.494949494949495,-3.888888888888889,-0.33296548462515024
1195,4.595959595959595,-3.888888888888889,-0.25968420785148577
1196,4.696969696969697,-3.888888888888889,-0.1841788743835136
1197,4.797979797979798,-3.888888888888889,-0.10689237537946177
1198,4.8989898989899,-3.888888888888889,-0.028298730490258845
1199,5.0,-3.888888888888889,0.051100344609596095
1200,-5.0,-3.787878787878788,-0.010384652496372675
1201,-4.898989898989899,-3.787878787878788,-0.09047490205400156
1202,-4.797979797979798,-3.787878787878788,-0.16937571520396885
1203,-4.696969696969697,-3.787878787878788,-0.24658286757253925
1204,-4.595959595959596,-3.787878787878788,-0.32162263221196163
1205,-4.494949494949495,-3.787878787878788,-0.3940551784868121
1206,-4.393939393939394,-3.787878787878788,-0.4634775392019058
1207,-4.292929292929293,-3.787878787878788,-0.529526126492292
1208,-4.191919191919192,-3.787878787878788,-0.5918787823935
1209,-4.090909090909091,-3.787878787878788,-0.6502563554811599
1210,-3.9898989898989896,-3.787878787878788,-0.7044238004506791
1211,-3.888888888888889,-3.787878787878788,-0.7541908029373977
1212,-3.787878787878788,-3.787878787878788,-0.7994119371937725
1213,-3.686868686868687,-3.787878787878788,-0.8399863693822054
1214,-3.5858585858585856,-3.787878787878788,-0.8758571241516357
1215,-3.484848484848485,-3.787878787878788,-0.9070099367868178
1216,-3.383838383838384,-3.787878787878788,-0.9334717174982254
1217,-3.282828282828283,-3.787878787878788,-0.9553086583081228
1218,-3.1818181818181817,-3.787878787878788,-0.9726240164387248
1219,-3.080808080808081,-3.787878787878788,-0.9855556110801714
1220,-2.9797979797979797,-3.787878787878788,-0.9942730728725142
1221,-2.878787878787879,-3.787878787878788,-0.9989748873454949
1222,-2.7777777777777777,-3.787878787878788,-0.9998852748963829
1223,-2.676767676767677,-3.787878787878788,-0.9972509506292222
1224,-2.5757575757575757,-3.787878787878788,-0.9913378075143282
1225,-2.474747474747475,-3.787878787878788,-0.9824275658472199
1226,-2.3737373737373737,-3.787878787878788,-0.9708144308908612
1227,-2.272727272727273,-3.787878787878788,-0.9568017988811475
1228,-2.1717171717171717,-3.787878787878788,-0.9406990492782369
1229,-2.070707070707071,-3.787878787878788,-0.9228184582795815
1230,-1.9696969696969697,-3.787878787878788,-0.903472265207932
1231,-1.868686868686869,-3.787878787878788,-0.8829699194930366
1232,-1.7676767676767677,-3.787878787878788,-0.8616155316341573
1233,-1.6666666666666665,-3.787878787878788,-0.8397055468286128
1234,-1.5656565656565657,-3.787878787878788,-0.8175266549583122
1235,-1.4646464646464645,-3.787878787878788,-0.795353945433275
1236,-1.3636363636363638,-3.787878787878788,-0.7734493101022965
1237,-1.2626262626262625,-3.787878787878788,-0.7520600921717986
1238,-1.1616161616161618,-3.787878787878788,-0.7314179739500141
1239,-1.0606060606060606,-3.787878787878788,-0.7117380913882361
1240,-0.9595959595959593,-3.787878787878788,-0.6932183589613021
1241,-0.858585858585859,-3.787878787878788,-0.676038984552866
1242,-0.7575757575757578,-3.787878787878788,-0.6603621508187131
1243,-0.6565656565656566,-3.787878787878788,-0.6463318371126142
1244,-0.5555555555555554,-3.787878787878788,-0.6340737545743809
1245,-0.45454545454545503,-3.787878787878788,-0.6236953664734697
1246,-0.3535353535353538,-3.787878787878788,-0.6152859664159317
1247,-0.2525252525252526,-3.787878787878788,-0.60891678856245
1248,-0.15151515151515138,-3.787878787878788,-0.6046411265338263
1249,-0.050505050505050164,-3.787878787878788,-0.6024944411180002
1250,0.050505050505050164,-3.787878787878788,-0.6024944411180002
1251,0.15151515151515138,-3.787878787878788,-0.6046411265338263
1252,0.2525252525252526,-3.787878787878788,-0.60891678856245
1253,0.3535353535353538,-3.787878787878788,-0.6152859664159317
1254,0.45454545454545414,-3.787878787878788,-0.6236953664734693
1255,0.5555555555555554,-3.787878787878788,-0.6340737545743809
1256,0.6565656565656566,-3.787878787878788,-0.6463318371126142
1257,0.7575757575757578,-3.787878787878788,-0.6603621508187131
1258,0.8585858585858581,-3.787878787878788,-0.6760389845528657
1259,0.9595959595959593,-3.787878787878788,-0.6932183589613021
1260,1.0606060606060606,-3.787878787878788,-0.7117380913882361
1261,1.1616161616161618,-3.787878787878788,-0.7314179739500141
1262,1.262626262626262,-3.787878787878788,-0.7520600921717984
1263,1.3636363636363633,-3.787878787878788,-0.7734493101022965
1264,1.4646464646464645,-3.787878787878788,-0.795353945433275
1265,1.5656565656565657,-3.787878787878788,-0.8175266549583122
1266,1.666666666666667,-3.787878787878788,-0.8397055468286128
1267,1.7676767676767673,-3.787878787878788,-0.8616155316341573
1268,1.8686868686868685,-3.787878787878788,-0.8829699194930362
1269,1.9696969696969697,-3.787878787878788,-0.903472265207932
1270,2.070707070707071,-3.787878787878788,-0.9228184582795815
1271,2.1717171717171713,-3.787878787878788,-0.9406990492782369
1272,2.2727272727272725,-3.787878787878788,-0.9568017988811475
1273,2.3737373737373737,-3.787878787878788,-0.9708144308908612
1274,2.474747474747475,-3.787878787878788,-0.9824275658472199
1275,2.5757575757575752,-3.787878787878788,-0.9913378075143281
1276,2.6767676767676765,-3.787878787878788,-0.9972509506292222
1277,2.7777777777777777,-3.787878787878788,-0.9998852748963829
1278,2.878787878787879,-3.787878787878788,-0.9989748873454949
1279,2.9797979797979792,-3.787878787878788,-0.9942730728725142
1280,3.0808080808080813,-3.787878787878788,-0.9855556110801712
1281,3.1818181818181817,-3.787878787878788,-0.9726240164387248
1282,3.282828282828282,-3.787878787878788,-0.9553086583081228
1283,3.383838383838384,-3.787878787878788,-0.9334717174982254
1284,3.4848484848484844,-3.787878787878788,-0.9070099367868178
1285,3.5858585858585865,-3.787878787878788,-0.8758571241516353
1286,3.686868686868687,-3.787878787878788,-0.8399863693822054
1287,3.787878787878787,-3.787878787878788,-0.799411937193773
1288,3.8888888888888893,-3.787878787878788,-0.7541908029373977
1289,3.9898989898989896,-3.787878787878788,-0.7044238004506791
1290,4.09090909090909,-3.787878787878788,-0.6502563554811606
1291,4.191919191919192,-3.787878787878788,-0.5918787823935
1292,4.292929292929292,-3.787878787878788,-0.5295261264922928
1293,4.3939393939393945,-3.787878787878788,-0.46347753920190504
1294,4.494949494949495,-3.787878787878788,-0.3940551784868121
1295,4.595959595959595,-3.787878787878788,-0.32162263221196163
1296,4.696969696969697,-3.787878787878788,-0.24658286757253925
1297,4.797979797979798,-3.787878787878788,-0.16937571520396885
1298,4.8989898989899,-3.787878787878788,-0.09047490205400067
1299,5.0,-3.787878787878788,-0.010384652496372675
1300,-5.0,-3.686868686868687,-0.07079951162263716
1301,-4.898989898989899,-3.686868686868687,-0.15128079818382495
1302,-4.797979797979798,-3.686868686868687,-0.23018435849260716
1303,-4.696969696969697,-3.686868686868687,-0.3070048435294993
1304,-4.595959595959596,-3.686868686868687,-0.38127022436636443
1305,-4.494949494949495,-3.686868686868687,-0.45254514856897593
1306,-4.393939393939394,-3.686868686868687,-0.5204338404056466
1307,-4.292929292929293,-3.686868686868687,-0.5845825261079174
1308,-4.191919191919192,-3.686868686868687,-0.6446813710574029
1309,-4.090909090909091,-3.686868686868687,-0.7004659214674775
1310,-3.9898989898989896,-3.686868686868687,-0.7517180488252281
1311,-3.888888888888889,-3.686868686868687,-0.7982664009935626
1312,-3.787878787878788,-3.686868686868687,-0.8399863693822054
1313,-3.686868686868687,-3.686868686868687,-0.8767995869173599
1314,-3.5858585858585856,-3.686868686868687,-0.9086729766131126
1315,-3.484848484848485,-3.686868686868687,-0.9356173753154952
1316,-3.383838383838384,-3.686868686868687,-0.9576857615981682
1317,-3.282828282828283,-3.686868686868687,-0.9749711207858138
1318,-3.1818181818181817,-3.686868686868687,-0.9876039836205428
1319,-3.080808080808081,-3.686868686868687,-0.9957496781251619
1320,-2.9797979797979797,-3.686868686868687,-0.9996053367169558
1321,-2.878787878787879,-3.686868686868687,-0.9993967025536916
1322,-2.7777777777777777,-3.686868686868687,-0.9953747804221315
1323,-2.676767676767677,-3.686868686868687,-0.9878123781863991
1324,-2.5757575757575757,-3.686868686868687,-0.9770005848830537
1325,-2.474747474747475,-3.686868686868687,-0.9632452309720156
1326,-2.3737373737373737,-3.686868686868687,-0.9468633750247817
1327,-2.272727272727273,-3.686868686868687,-0.9281798592582468
1328,-2.1717171717171717,-3.686868686868687,-0.9075239738165816
1329,-2.070707070707071,-3.686868686868687,-0.8852262665865006
1330,-1.9696969696969697,-3.686868686868687,-0.8616155316341573
1331,-1.868686868686869,-3.686868686868687,-0.837016005116866
1332,-1.7676767676767677,-3.686868686868687,-0.8117447928038011
1333,-1.6666666666666665,-3.686868686868687,-0.7861095482036701
1334,-1.5656565656565657,-3.686868686868687,-0.760406414825002
1335,-1.4646464646464645,-3.686868686868687,-0.7349182403817048
1336,-1.3636363636363638,-3.686868686868687,-0.7099130649136228
1337,-1.2626262626262625,-3.686868686868687,-0.6856428789442476
1338,-1.1616161616161618,-3.686868686868687,-0.6623426420843989
1339,-1.0606060606060606,-3.686868686868687,-0.6402295470615695
1340,-0.9595959595959593,-3.686868686868687,-0.6195025091673421
1341,-0.858585858585859,-3.686868686868687,-0.6003418567300295
1342,-0.7575757575757578,-3.686868686868687,-0.5829091945929511
1343,-0.6565656565656566,-3.686868686868687,-0.5673474098555205
1344,-0.5555555555555554,-3.686868686868687,-0.5537807874399078
1345,-0.45454545454545503,-3.686868686868687,-0.5423152024769229
1346,-0.3535353535353538,-3.686868686868687,-0.533038357120323
1347,-0.2525252525252526,-3.686868686868687,-0.5260200312137766
1348,-0.15151515151515138,-3.686868686868687,-0.5213123192140504
1349,-0.050505050505050164,-3.686868686868687,-0.5189498298299884
1350,0.050505050505050164,-3.686868686868687,-0.5189498298299884
1351,0.15151515151515138,-3.686868686868687,-0.5213123192140504
1352,0.2525252525252526,-3.686868686868687,-0.5260200312137766
1353,0.3535353535353538,-3.686868686868687,-0.533038357120323
1354,0.45454545454545414,-3.686868686868687,-0.5423152024769226
1355,0.5555555555555554,-3.686868686868687,-0.5537807874399078
1356,0.6565656565656566,-3.686868686868687,-0.5673474098555205
1357,0.7575757575757578,-3.686868686868687,-0.5829091945929511
1358,0.8585858585858581,-3.686868686868687,-0.6003418567300295
1359,0.9595959595959593,-3.686868686868687,-0.6195025091673421
1360,1.0606060606060606,-3.686868686868687,-0.6402295470615695
1361,1.1616161616161618,-3.686868686868687,-0.6623426420843989
1362,1.262626262626262,-3.686868686868687,-0.6856428789442476
1363,1.3636363636363633,-3.686868686868687,-0.7099130649136228
1364,1.4646464646464645,-3.686868686868687,-0.7349182403817048
1365,1.5656565656565657,-3.686868686868687,-0.760406414825002
1366,1.666666666666667,-3.686868686868687,-0.7861095482036701
1367,1.7676767676767673,-3.686868686868687,-0.8117447928038011
1368,1.8686868686868685,-3.686868686868687,-0.837016005116866
1369,1.9696969696969697,-3.686868686868687,-0.8616155316341573
1370,2.070707070707071,-3.686868686868687,-0.8852262665865006
1371,2.1717171717171713,-3.686868686868687,-0.9075239738165816
1372,2.2727272727272725,-3.686868686868687,-0.9281798592582468
1373,2.3737373737373737,-3.686868686868687,-0.9468633750247817
1374,2.474747474747475,-3.686868686868687,-0.9632452309720156
1375,2.5757575757575752,-3.686868686868687,-0.9770005848830537
1376,2.6767676767676765,-3.686868686868687,-0.9878123781863991
1377,2.7777777777777777,-3.686868686868687,-0.9953747804221315
1378,2.878787878787879,-3.686868686868687,-0.9993967025536916
1379,2.9797979797979792,-3.686868686868687,-0.9996053367169558
1380,3.0808080808080813,-3.686868686868687,-0.9957496781251619
1381,3.1818181818181817,-3.686868686868687,-0.9876039836205428
1382,3.282828282828282,-3.686868686868687,-0.9749711207858139
1383,3.383838383838384,-3.686868686868687,-0.9576857615981682
1384,3.4848484848484844,-3.686868686868687,-0.9356173753154955
1385,3.5858585858585865,-3.686868686868687,-0.9086729766131123
1386,3.686868686868687,-3.686868686868687,-0.8767995869173599
1387,3.787878787878787,-3.686868686868687,-0.8399863693822058
1388,3.8888888888888893,-3.686868686868687,-0.7982664009935626
1389,3.9898989898989896,-3.686868686868687,-0.7517180488252281
1390,4.09090909090909,-3.686868686868687,-0.7004659214674781
1391,4.191919191919192,-3.686868686868687,-0.6446813710574029
1392,4.292929292929292,-3.686868686868687,-0.5845825261079174
1393,4.3939393939393945,-3.686868686868687,-0.520433840405645
1394,4.494949494949495,-3.686868686868687,-0.45254514856897593
1395,4.595959595959595,-3.686868686868687,-0.38127022436636526
1396,4.696969696969697,-3.686868686868687,-0.3070048435294993
1397,4.797979797979798,-3.686868686868687,-0.23018435849260716
1398,4.8989898989899,-3.686868686868687,-0.15128079818382495
1399,5.0,-3.686868686868687,-0.07079951162263716
1400,-5.0,-3.5858585858585856,-0.12990064934862755
1401,-4.898989898989899,-3.5858585858585856,-0.21048053347207704
1402,-4.797979797979798,-3.5858585858585856,-0.2890916155225718
1403,-4.696969696969697,-3.5858585858585856,-0.3652287984152512
1404,-4.595959595959596,-3.5858585858585856,-0.43842314268321686
1405,-4.494949494949495,-3.5858585858585856,-0.5082451717073332
1406,-4.393939393939394,-3.5858585858585856,-0.5743076961405257
1407,-4.292929292929293,-3.5858585858585856,-0.6362681395383396
1408,-4.191919191919192,-3.5858585858585856,-0.6938303530662946
1409,-4.090909090909091,-3.5858585858585856,-0.746745913073142
1410,-3.9898989898989896,-3.5858585858585856,-0.7948149012312968
1411,-3.888888888888889,-3.5858585858585856,-0.837886172785338
1412,-3.787878787878788,-3.5858585858585856,-0.8758571241516357
1413,-3.686868686868687,-3.5858585858585856,-0.9086729766131126
1414,-3.5858585858585856,-3.5858585858585856,-0.9363255980914987
1415,-3.484848484848485,-3.5858585858585856,-0.9588518898962102
1416,-3.383838383838384,-3.5858585858585856,-0.9763317698884749
1417,-3.282828282828283,-3.5858585858585856,-0.9888857876092664
1418,-3.1818181818181817,-3.5858585858585856,-0.9966724105518008
1419,-3.080808080808081,-3.5858585858585856,-0.9998850238697976
1420,-2.9797979797979797,-3.5858585858585856,-0.9987486883621267
1421,-2.878787878787879,-3.5858585858585856,-0.9935167035284443
1422,-2.7777777777777777,-3.5858585858585856,-0.9844670238196906
1423,-2.676767676767677,-3.5858585858585856,-0.9718985768881022
1424,-2.5757575757575757,-3.5858585858585856,-0.9561275326555578
1425,-2.474747474747475,-3.5858585858585856,-0.9374835713546329
1426,-2.3737373737373737,-3.5858585858585856,-0.9163061973481297
1427,-2.272727272727273,-3.5858585858585856,-0.8929411435016198
1428,-2.1717171717171717,-3.5858585858585856,-0.8677369081789432
1429,-2.070707070707071,-3.5858585858585856,-0.8410414635706348
1430,-1.9696969696969697,-3.5858585858585856,-0.8131991700775237
1431,-1.868686868686869,-3.5858585858585856,-0.7845479268951294
1432,-1.7676767676767677,-3.5858585858585856,-0.7554165838301538
1433,-1.6666666666666665,-3.5858585858585856,-0.7261226337938801
1434,-1.5656565656565657,-3.5858585858585856,-0.6969701994396564
1435,-1.4646464646464645,-3.5858585858585856,-0.6682483211412078
1436,-1.3636363636363638,-3.5858585858585856,-0.6402295470615695
1437,-1.2626262626262625,-3.5858585858585856,-0.6131688195738019
1438,-1.1616161616161618,-3.5858585858585856,-0.5873026459169134
1439,-1.0606060606060606,-3.5858585858585856,-0.5628485348719613
1440,-0.9595959595959593,-3.5858585858585856,-0.540004675604724
1441,-0.858585858585859,-3.5858585858585856,-0.5189498298299884
1442,-0.7575757575757578,-3.5858585858585856,-0.4998434042952539
1443,-0.6565656565656566,-3.5858585858585856,-0.4828256674356267
1444,-0.5555555555555554,-3.5858585858585856,-0.46801807207387647
1445,-0.45454545454545503,-3.5858585858585856,-0.45552364535548934
1446,-0.3535353535353538,-3.5858585858585856,-0.44542740780080553
1447,-0.2525252525252526,-3.5858585858585856,-0.437796785454911
1448,-0.15151515151515138,-3.5858585858585856,-0.43268198259031815
1449,-0.050505050505050164,-3.5858585858585856,-0.43011628717232975
1450,0.050505050505050164,-3.5858585858585856,-0.43011628717232975
1451,0.15151515151515138,-3.5858585858585856,-0.43268198259031815
1452,0.2525252525252526,-3.5858585858585856,-0.437796785454911
1453,0.3535353535353538,-3.5858585858585856,-0.44542740780080553
1454,0.45454545454545414,-3.5858585858585856,-0.45552364535548895
1455,0.5555555555555554,-3.5858585858585856,-0.46801807207387647
1456,0.6565656565656566,-3.5858585858585856,-0.4828256674356267
1457,0.7575757575757578,-3.5858585858585856,-0.4998434042952539
1458,0.8585858585858581,-3.5858585858585856,-0.5189498298299884
1459,0.9595959595959593,-3.5858585858585856,-0.540004675604724
1460,1.0606060606060606,-3.5858585858585856,-0.5628485348719613
1461,1.1616161616161618,-3.5858585858585856,-0.5873026459169134
1462,1.262626262626262,-3.5858585858585856,-0.6131688195738019
1463,1.3636363636363633,-3.5858585858585856,-0.6402295470615695
1464,1.4646464646464645,-3.5858585858585856,-0.6682483211412078
1465,1.5656565656565657,-3.5858585858585856,-0.6969701994396564
1466,1.666666666666667,-3.5858585858585856,-0.7261226337938804
1467,1.7676767676767673,-3.5858585858585856,-0.7554165838301538
1468,1.8686868686868685,-3.5858585858585856,-0.7845479268951294
1469,1.9696969696969697,-3.5858585858585856,-0.8131991700775237
1470,2.070707070707071,-3.5858585858585856,-0.8410414635706348
1471,2.1717171717171713,-3.5858585858585856,-0.8677369081789432
1472,2.2727272727272725,-3.5858585858585856,-0.8929411435016193
1473,2.3737373737373737,-3.5858585858585856,-0.9163061973481297
1474,2.474747474747475,-3.5858585858585856,-0.9374835713546329
1475,2.5757575757575752,-3.5858585858585856,-0.9561275326555578
1476,2.6767676767676765,-3.5858585858585856,-0.9718985768881022
1477,2.7777777777777777,-3.5858585858585856,-0.9844670238196906
1478,2.878787878787879,-3.5858585858585856,-0.9935167035284443
1479,2.9797979797979792,-3.5858585858585856,-0.9987486883621267
1480,3.0808080808080813,-3.5858585858585856,-0.9998850238697976
1481,3.1818181818181817,-3.5858585858585856,-0.9966724105518008
1482,3.282828282828282,-3.5858585858585856,-0.9888857876092664
1483,3.383838383838384,-3.5858585858585856,-0.9763317698884749
1484,3.4848484848484844,-3.5858585858585856,-0.9588518898962104
1485,3.5858585858585865,-3.5858585858585856,-0.9363255980914984
1486,3.686868686868687,-3.5858585858585856,-0.9086729766131126
1487,3.787878787878787,-3.5858585858585856,-0.8758571241516362
1488,3.8888888888888893,-3.5858585858585856,-0.837886172785338
1489,3.9898989898989896,-3.5858585858585856,-0.7948149012312968
1490,4.09090909090909,-3.5858585858585856,-0.746745913073142
1491,4.191919191919192,-3.5858585858585856,-0.6938303530662946
1492,4.292929292929292,-3.5858585858585856,-0.6362681395383403
1493,4.3939393939393945,-3.5858585858585856,-0.574307696140525
1494,4.494949494949495,-3.5858585858585856,-0.5082451717073332
1495,4.595959595959595,-3.5858585858585856,-0.43842314268321764
1496,4.696969696969697,-3.5858585858585856,-0.3652287984152512
1497,4.797979797979798,-3.5858585858585856,-0.2890916155225718
1498,4.8989898989899,-3.5858585858585856,-0.21048053347207704
1499,5.0,-3.5858585858585856,-0.12990064934862755
1500,-5.0,-3.484848484848485,-0.1874678763334071
1501,-4.898989898989899,-3.484848484848485,-0.26786343798310147
1502,-4.797979797979798,-3.484848484848485,-0.34589781786811574
1503,-4.696969696969697,-3.484848484848485,-0.4210675326344015
1504,-4.595959595959596,-3.484848484848485,-0.4929081026314856
1505,-4.494949494949495,-3.484848484848485,-0.5609972975496228
1506,-4.393939393939394,-3.484848484848485,-0.6249578765026098
1507,-4.292929292929293,-3.484848484848485,-0.6844598053694138
1508,-4.191919191919192,-3.484848484848485,-0.7392219402969454
1509,-4.090909090909091,-3.484848484848485,-0.7890131724084029
1510,-3.9898989898989896,-3.484848484848485,-0.8336530348888764
1511,-3.888888888888889,-3.484848484848485,-0.8730117796644911
1512,-3.787878787878788,-3.484848484848485,-0.9070099367868178
1513,-3.686868686868687,-3.484848484848485,-0.9356173753154952
1514,-3.5858585858585856,-3.484848484848485,-0.9588518898962102
1515,-3.484848484848485,-3.484848484848485,-0.9767773422983065
1516,-3.383838383838384,-3.484848484848485,-0.9895013918493958
1517,-3.282828282828283,-3.484848484848485,-0.9971728529302282
1518,-3.1818181818181817,-3.484848484848485,-0.9999787214224295
1519,-3.080808080808081,-3.484848484848485,-0.9981409151895693
1520,-2.9797979797979797,-3.484848484848485,-0.9919127762779679
1521,-2.878787878787879,-3.484848484848485,-0.9815753845120099
1522,-2.7777777777777777,-3.484848484848485,-0.9674337334988222
1523,-2.676767676767677,-3.484848484848485,-0.9498128207233991
1524,-2.5757575757575757,-3.484848484848485,-0.9290537033874078
1525,-2.474747474747475,-3.484848484848485,-0.9055095709083261
1526,-2.3737373737373737,-3.484848484848485,-0.8795418835415977
1527,-2.272727272727273,-3.484848484848485,-0.8515166244149639
1528,-2.1717171717171717,-3.484848484848485,-0.8218007093760527
1529,-2.070707070707071,-3.484848484848485,-0.7907585954649035
1530,-1.9696969696969697,-3.484848484848485,-0.7587491245550647
1531,-1.868686868686869,-3.484848484848485,-0.7261226337938808
1532,-1.7676767676767677,-3.484848484848485,-0.6932183589613021
1533,-1.6666666666666665,-3.484848484848485,-0.6603621508187131
1534,-1.5656565656565657,-3.484848484848485,-0.6278645180140038
1535,-1.4646464646464645,-3.484848484848485,-0.5960190032452464
1536,-1.3636363636363638,-3.484848484848485,-0.5651008922831695
1537,-1.2626262626262625,-3.484848484848485,-0.5353662482554606
1538,-1.1616161616161618,-3.484848484848485,-0.5070512564700415
1539,-1.0606060606060606,-3.484848484848485,-0.4803718581879197
1540,-0.9595959595959593,-3.484848484848485,-0.45552364535548934
1541,-0.858585858585859,-3.484848484848485,-0.4326819825903186
1542,-0.7575757575757578,-3.484848484848485,-0.4120023179071384
1543,-0.6565656565656566,-3.484848484848485,-0.3936206399888853
1544,-0.5555555555555554,-3.484848484848485,-0.3776540374488745
1545,-0.45454545454545503,-3.484848484848485,-0.3642013146580029
1546,-0.3535353535353538,-3.484848484848485,-0.3533436194399554
1547,-0.2525252525252526,-3.484848484848485,-0.34514504031991694
1548,-0.15151515151515138,-3.484848484848485,-0.3396531350267993
1549,-0.050505050505050164,-3.484848484848485,-0.3368993574937604
1550,0.050505050505050164,-3.484848484848485,-0.3368993574937604
1551,0.15151515151515138,-3.484848484848485,-0.3396531350267993
1552,0.2525252525252526,-3.484848484848485,-0.34514504031991694
1553,0.3535353535353538,-3.484848484848485,-0.3533436194399554
1554,0.45454545454545414,-3.484848484848485,-0.3642013146580029
1555,0.5555555555555554,-3.484848484848485,-0.3776540374488745
1556,0.6565656565656566,-3.484848484848485,-0.3936206399888853
1557,0.7575757575757578,-3.484848484848485,-0.4120023179071384
1558,0.8585858585858581,-3.484848484848485,-0.4326819825903186
1559,0.9595959595959593,-3.484848484848485,-0.45552364535548934
1560,1.0606060606060606,-3.484848484848485,-0.4803718581879197
1561,1.1616161616161618,-3.484848484848485,-0.5070512564700415
1562,1.262626262626262,-3.484848484848485,-0.5353662482554602
1563,1.3636363636363633,-3.484848484848485,-0.5651008922831692
1564,1.4646464646464645,-3.484848484848485,-0.5960190032452464
1565,1.5656565656565657,-3.484848484848485,-0.6278645180140038
1566,1.666666666666667,-3.484848484848485,-0.6603621508187131
1567,1.7676767676767673,-3.484848484848485,-0.6932183589613019
1568,1.8686868686868685,-3.484848484848485,-0.7261226337938804
1569,1.9696969696969697,-3.484848484848485,-0.7587491245550647
1570,2.070707070707071,-3.484848484848485,-0.7907585954649035
1571,2.1717171717171713,-3.484848484848485,-0.8218007093760527
1572,2.2727272727272725,-3.484848484848485,-0.8515166244149639
1573,2.3737373737373737,-3.484848484848485,-0.8795418835415977
1574,2.474747474747475,-3.484848484848485,-0.9055095709083261
1575,2.5757575757575752,-3.484848484848485,-0.9290537033874074
1576,2.6767676767676765,-3.484848484848485,-0.9498128207233988
1577,2.7777777777777777,-3.484848484848485,-0.9674337334988222
1578,2.878787878787879,-3.484848484848485,-0.9815753845120099
1579,2.9797979797979792,-3.484848484848485,-0.9919127762779678
1580,3.0808080808080813,-3.484848484848485,-0.9981409151895694
1581,3.1818181818181817,-3.484848484848485,-0.9999787214224295
1582,3.282828282828282,-3.484848484848485,-0.9971728529302283
1583,3.383838383838384,-3.484848484848485,-0.9895013918493958
1584,3.4848484848484844,-3.484848484848485,-0.9767773422983067
1585,3.5858585858585865,-3.484848484848485,-0.9588518898962102
1586,3.686868686868687,-3.484848484848485,-0.9356173753154952
1587,3.787878787878787,-3.484848484848485,-0.9070099367868178
1588,3.8888888888888893,-3.484848484848485,-0.8730117796644911
1589,3.9898989898989896,-3.484848484848485,-0.8336530348888764
1590,4.09090909090909,-3.484848484848485,-0.7890131724084034
1591,4.191919191919192,-3.484848484848485,-0.7392219402969454
1592,4.292929292929292,-3.484848484848485,-0.6844598053694138
1593,4.3939393939393945,-3.484848484848485,-0.6249578765026084
1594,4.494949494949495,-3.484848484848485,-0.5609972975496228
1595,4.595959595959595,-3.484848484848485,-0.4929081026314864
1596,4.696969696969697,-3.484848484848485,-0.4210675326344015
1597,4.797979797979798,-3.484848484848485,-0.34589781786811574
1598,4.8989898989899,-3.484848484848485,-0.26786343798310064
1599,5.0,-3.484848484848485,-0.1874678763334071
1600,-5.0,-3.383838383838384,-0.24330497624287342
1601,-4.898989898989899,-3.383838383838384,-0.3232445131308966
1602,-4.797979797979798,-3.383838383838384,-0.4004306414447853
1603,-4.696969696969697,-3.383838383838384,-0.47436283124701145
1604,-4.595959595959596,-3.383838383838384,-0.5445824047667873
1605,-4.494949494949495,-3.383838383838384,-0.6106757143511863
1606,-4.393939393939394,-3.383838383838384,-0.672276790016413
1607,-4.292929292929293,-3.383838383838384,-0.7290694402446706
1608,-4.191919191919192,-3.383838383838384,-0.7807887959904833
1609,-4.090909090909091,-3.383838383838384,-0.8272222942249512
1610,-3.9898989898989896,-3.383838383838384,-0.8682101036876515
1611,-3.888888888888889,-3.383838383838384,-0.9036450017645373
1612,-3.787878787878788,-3.383838383838384,-0.9334717174982254
1613,-3.686868686868687,-3.383838383838384,-0.9576857615981682
1614,-3.5858585858585856,-3.383838383838384,-0.9763317698884749
1615,-3.484848484848485,-3.383838383838384,-0.9895013918493958
1616,-3.383838383838384,-3.383838383838384,-0.9973307607169346
1617,-3.282828282828283,-3.383838383838384,-0.9999975859496109
1618,-3.1818181818181817,-3.383838383838384,-0.9977179127019657
1619,-3.080808080808081,-3.383838383838384,-0.9907425962152338
1620,-2.9797979797979797,-3.383838383838384,-0.9793535417053728
1621,-2.878787878787879,-3.383838383838384,-0.9638597623606822
1622,-2.7777777777777777,-3.383838383838384,-0.9445933094235464
1623,-2.676767676767677,-3.383838383838384,-0.921905128996207
1624,-2.5757575757575757,-3.383838383838384,-0.8961609001565084
1625,-2.474747474747475,-3.383838383838384,-0.8677369081789437
1626,-2.3737373737373737,-3.383838383838384,-0.8370160051168666
1627,-2.272727272727273,-3.383838383838384,-0.8043837077070258
1628,-2.1717171717171717,-3.383838383838384,-0.7702244795074769
1629,-2.070707070707071,-3.383838383838384,-0.7349182403817051
1630,-1.9696969696969697,-3.383838383838384,-0.6988371419113968
1631,-1.868686868686869,-3.383838383838384,-0.6623426420843989
1632,-1.7676767676767677,-3.383838383838384,-0.6257829067024225
1633,-1.6666666666666665,-3.383838383838384,-0.5894905584403817
1634,-1.5656565656565657,-3.383838383838384,-0.5537807874399081
1635,-1.4646464646464645,-3.383838383838384,-0.5189498298299887
1636,-1.3636363636363638,-3.383838383838384,-0.48527381275951553
1637,-1.2626262626262625,-3.383838383838384,-0.45300795654952697
1638,-1.1616161616161618,-3.383838383838384,-0.422386116606322
1639,-1.0606060606060606,-3.383838383838384,-0.3936206399888853
1640,-0.9595959595959593,-3.383838383838384,-0.3669025042302969
1641,-0.858585858585859,-3.383838383838384,-0.3424016994289173
1642,-0.7575757575757578,-3.383838383838384,-0.3202678090188696
1643,-0.6565656565656566,-3.383838383838384,-0.3006307402672111
1644,-0.5555555555555554,-3.383838383838384,-0.28360155267666104
1645,-0.45454545454545503,-3.383838383838384,-0.2692733313115012
1646,-0.3535353535353538,-3.383838383838384,-0.2577220527686863
1647,-0.2525252525252526,-3.383838383838384,-0.24900739417053822
1648,-0.15151515151515138,-3.383838383838384,-0.24317344015414893
1649,-0.050505050505050164,-3.383838383838384,-0.2402492492700677
1650,0.050505050505050164,-3.383838383838384,-0.2402492492700677
1651,0.15151515151515138,-3.383838383838384,-0.24317344015414893
1652,0.2525252525252526,-3.383838383838384,-0.24900739417053822
1653,0.3535353535353538,-3.383838383838384,-0.2577220527686863
1654,0.45454545454545414,-3.383838383838384,-0.2692733313115008
1655,0.5555555555555554,-3.383838383838384,-0.28360155267666104
1656,0.6565656565656566,-3.383838383838384,-0.3006307402672111
1657,0.7575757575757578,-3.383838383838384,-0.3202678090188696
1658,0.8585858585858581,-3.383838383838384,-0.3424016994289169
1659,0.9595959595959593,-3.383838383838384,-0.3669025042302969
1660,1.0606060606060606,-3.383838383838384,-0.3936206399888853
1661,1.1616161616161618,-3.383838383838384,-0.422386116606322
1662,1.262626262626262,-3.383838383838384,-0.45300795654952697
1663,1.3636363636363633,-3.383838383838384,-0.48527381275951553
1664,1.4646464646464645,-3.383838383838384,-0.5189498298299887
1665,1.5656565656565657,-3.383838383838384,-0.5537807874399081
1666,1.666666666666667,-3.383838383838384,-0.589490558440382
1667,1.7676767676767673,-3.383838383838384,-0.6257829067024225
1668,1.8686868686868685,-3.383838383838384,-0.6623426420843989
1669,1.9696969696969697,-3.383838383838384,-0.6988371419113968
1670,2.070707070707071,-3.383838383838384,-0.7349182403817051
1671,2.1717171717171713,-3.383838383838384,-0.7702244795074769
1672,2.2727272727272725,-3.383838383838384,-0.8043837077070253
1673,2.3737373737373737,-3.383838383838384,-0.8370160051168666
1674,2.474747474747475,-3.383838383838384,-0.8677369081789437
1675,2.5757575757575752,-3.383838383838384,-0.896160900156508
1676,2.6767676767676765,-3.383838383838384,-0.921905128996207
1677,2.7777777777777777,-3.383838383838384,-0.9445933094235464
1678,2.878787878787879,-3.383838383838384,-0.9638597623606822
1679,2.9797979797979792,-3.383838383838384,-0.9793535417053728
1680,3.0808080808080813,-3.383838383838384,-0.9907425962152339
1681,3.1818181818181817,-3.383838383838384,-0.9977179127019657
1682,3.282828282828282,-3.383838383838384,-0.9999975859496109
1683,3.383838383838384,-3.383838383838384,-0.9973307607169346
1684,3.4848484848484844,-3.383838383838384,-0.9895013918493958
1685,3.5858585858585865,-3.383838383838384,-0.9763317698884749
1686,3.686868686868687,-3.383838383838384,-0.9576857615981682
1687,3.787878787878787,-3.383838383838384,-0.9334717174982258
1688,3.8888888888888893,-3.383838383838384,-0.903645001764537
1689,3.9898989898989896,-3.383838383838384,-0.8682101036876515
1690,4.09090909090909,-3.383838383838384,-0.8272222942249516
1691,4.191919191919192,-3.383838383838384,-0.7807887959904833
1692,4.292929292929292,-3.383838383838384,-0.7290694402446706
1693,4.3939393939393945,-3.383838383838384,-0.6722767900164124
1694,4.494949494949495,-3.383838383838384,-0.6106757143511863
1695,4.595959595959595,-3.383838383838384,-0.544582404766788
1696,4.696969696969697,-3.383838383838384,-0.47436283124701145
1697,4.797979797979798,-3.383838383838384,-0.4004306414447853
1698,4.8989898989899,-3.383838383838384,-0.3232445131308966
1699,5.0,-3.383838383838384,-0.24330497624287342
1700,-5.0,-3.282828282828283,-0.29724002373725217
1701,-4.898989898989899,-3.282828282828283,-0.37646461642597245
1702,-4.797979797979798,-3.282828282828283,-0.45254514856897593
1703,-4.696969696969697,-3.282828282828283,-0.5249853539056979
1704,-4.595959595959596,-3.282828282828283,-0.5933336631399136
1705,-4.494949494949495,-3.282828282828283,-0.6571863064950187
1706,-4.393939393939394,-3.282828282828283,-0.7161898609700611
1707,-4.292929292929293,-3.282828282828283,-0.7700432268001185
1708,-4.191919191919192,-3.282828282828283,-0.8184990241704868
1709,-4.090909090909091,-3.282828282828283,-0.8613644078193967
1710,-3.9898989898989896,-3.282828282828283,-0.8985013037173747
1711,-3.888888888888889,-3.282828282828283,-0.929826078462273
1712,-3.787878787878788,-3.282828282828283,-0.9553086583081228
1713,-3.686868686868687,-3.282828282828283,-0.9749711207858138
1714,-3.5858585858585856,-3.282828282828283,-0.9888857876092664
1715,-3.484848484848485,-3.282828282828283,-0.9971728529302282
1716,-3.383838383838384,-3.282828282828283,-0.9999975859496109
1717,-3.282828282828283,-3.282828282828283,-0.9975671513586649
1718,-3.1818181818181817,-3.282828282828283,-0.9901270950187029
1719,-3.080808080808081,-3.282828282828283,-0.9779575456472124
1720,-2.9797979797979797,-3.282828282828283,-0.9613691860192187
1721,-2.878787878787879,-3.282828282828283,-0.9406990492782369
1722,-2.7777777777777777,-3.282828282828283,-0.91630619734813
1723,-2.676767676767677,-3.282828282828283,-0.8885673391170457
1724,-2.5757575757575757,-3.282828282828283,-0.8578724460029978
1725,-2.474747474747475,-3.282828282828283,-0.8246204216874911
1726,-2.3737373737373737,-3.282828282828283,-0.7892148812030861
1727,-2.272727272727273,-3.282828282828283,-0.7520600921717986
1728,-2.1717171717171717,-3.282828282828283,-0.7135571278075721
1729,-2.070707070707071,-3.282828282828283,-0.6741002773178998
1730,-1.9696969696969697,-3.282828282828283,-0.6340737545743809
1731,-1.868686868686869,-3.282828282828283,-0.5938487403868343
1732,-1.7676767676767677,-3.282828282828283,-0.5537807874399078
1733,-1.6666666666666665,-3.282828282828283,-0.5142076099802925
1734,-1.5656565656565657,-3.282828282828283,-0.4754472727418392
1735,-1.4646464646464645,-3.282828282828283,-0.43779678545491146
1736,-1.3636363636363638,-3.282828282828283,-0.40153110072434167
1737,-1.2626262626262625,-3.282828282828283,-0.36690250423029647
1738,-1.1616161616161618,-3.282828282828283,-0.3341403772983079
1739,-1.0606060606060606,-3.282828282828283,-0.3034513031274289
1740,-0.9595959595959593,-3.282828282828283,-0.2750194796249542
1741,-0.858585858585859,-3.282828282828283,-0.24900739417053822
1742,-0.7575757575757578,-3.282828282828283,-0.2255567090423229
1743,-0.6565656565656566,-3.282828282828283,-0.20478930101072038
1744,-0.5555555555555554,-3.282828282828283,-0.18680839505760696
1745,-0.45454545454545503,-3.282828282828283,-0.1716997305896575
1746,-0.3535353535353538,-3.282828282828283,-0.15953269910242523
1747,-0.2525252525252526,-3.282828282828283,-0.15036139514697822
1748,-0.15151515151515138,-3.282828282828283,-0.1442255276739277
1749,-0.050505050505050164,-3.282828282828283,-0.1411511462752636
1750,0.050505050505050164,-3.282828282828283,-0.1411511462752636
1751,0.15151515151515138,-3.282828282828283,-0.1442255276739277
1752,0.2525252525252526,-3.282828282828283,-0.15036139514697822
1753,0.3535353535353538,-3.282828282828283,-0.15953269910242523
1754,0.45454545454545414,-3.282828282828283,-0.1716997305896575
1755,0.5555555555555554,-3.282828282828283,-0.18680839505760696
1756,0.6565656565656566,-3.282828282828283,-0.20478930101072038
1757,0.7575757575757578,-3.282828282828283,-0.2255567090423229
1758,0.8585858585858581,-3.282828282828283,-0.24900739417053822
1759,0.9595959595959593,-3.282828282828283,-0.2750194796249542
1760,1.0606060606060606,-3.282828282828283,-0.3034513031274289
1761,1.1616161616161618,-3.282828282828283,-0.3341403772983079
1762,1.262626262626262,-3.282828282828283,-0.36690250423029647
1763,1.3636363636363633,-3.282828282828283,-0.40153110072434167
1764,1.4646464646464645,-3.282828282828283,-0.43779678545491146
1765,1.5656565656565657,-3.282828282828283,-0.4754472727418392
1766,1.666666666666667,-3.282828282828283,-0.5142076099802925
1767,1.7676767676767673,-3.282828282828283,-0.5537807874399078
1768,1.8686868686868685,-3.282828282828283,-0.5938487403868343
1769,1.9696969696969697,-3.282828282828283,-0.6340737545743809
1770,2.070707070707071,-3.282828282828283,-0.6741002773178998
1771,2.1717171717171713,-3.282828282828283,-0.7135571278075721
1772,2.2727272727272725,-3.282828282828283,-0.7520600921717984
1773,2.3737373737373737,-3.282828282828283,-0.7892148812030861
1774,2.474747474747475,-3.282828282828283,-0.8246204216874911
1775,2.5757575757575752,-3.282828282828283,-0.8578724460029978
1776,2.6767676767676765,-3.282828282828283,-0.8885673391170457
1777,2.7777777777777777,-3.282828282828283,-0.91630619734813
1778,2.878787878787879,-3.282828282828283,-0.9406990492782369
1779,2.9797979797979792,-3.282828282828283,-0.9613691860192185
1780,3.0808080808080813,-3.282828282828283,-0.9779575456472124
1781,3.1818181818181817,-3.282828282828283,-0.9901270950187029
1782,3.282828282828282,-3.282828282828283,-0.9975671513586648
1783,3.383838383838384,-3.282828282828283,-0.9999975859496109
1784,3.4848484848484844,-3.282828282828283,-0.9971728529302283
1785,3.5858585858585865,-3.282828282828283,-0.9888857876092663
1786,3.686868686868687,-3.282828282828283,-0.9749711207858138
1787,3.787878787878787,-3.282828282828283,-0.9553086583081232
1788,3.8888888888888893,-3.282828282828283,-0.929826078462273
1789,3.9898989898989896,-3.282828282828283,-0.8985013037173747
1790,4.09090909090909,-3.282828282828283,-0.8613644078193972
1791,4.191919191919192,-3.282828282828283,-0.8184990241704868
1792,4.292929292929292,-3.282828282828283,-0.7700432268001185
1793,4.3939393939393945,-3.282828282828283,-0.7161898609700604
1794,4.494949494949495,-3.282828282828283,-0.6571863064950187
1795,4.595959595959595,-3.282828282828283,-0.5933336631399143
1796,4.696969696969697,-3.282828282828283,-0.5249853539056979
1797,4.797979797979798,-3.282828282828283,-0.45254514856897593
1798,4.8989898989899,-3.282828282828283,-0.37646461642597245
1799,5.0,-3.282828282828283,-0.29724002373725217
1800,-5.0,-3.1818181818181817,-0.34912545029513187
1801,-4.898989898989899,-3.1818181818181817,-0.4273903854801007
1802,-4.797979797979798,-3.1818181818181817,-0.5021235611227688
1803,-4.696969696969697,-3.1818181818181817,-0.5728342481988236
1804,-4.595959595959596,-3.1818181818181817,-0.6390792498887715
1805,-4.494949494949495,-3.1818181818181817,-0.7004659214674775
1806,-4.393939393939394,-3.1818181818181817,-0.7566546099862534
1807,-4.292929292929293,-3.1818181818181817,-0.8073604991300253
1808,-4.191919191919192,-3.1818181818181817,-0.8523548514029261
1809,-4.090909090909091,-3.1818181818181817,-0.8914656465988168
1810,-3.9898989898989896,-3.1818181818181817,-0.9245776222761427
1811,-3.888888888888889,-3.1818181818181817,-0.9516317286070808
1812,-3.787878787878788,-3.1818181818181817,-0.9726240164387248
1813,-3.686868686868687,-3.1818181818181817,-0.9876039836205428
1814,-3.5858585858585856,-3.1818181818181817,-0.9966724105518008
1815,-3.484848484848485,-3.1818181818181817,-0.9999787214224295
1816,-3.383838383838384,-3.1818181818181817,-0.9977179127019657
1817,-3.282828282828283,-3.1818181818181817,-0.9901270950187029
1818,-3.1818181818181817,-3.1818181818181817,-0.9774816986142498
1819,-3.080808080808081,-3.1818181818181817,-0.9600913960109118
1820,-2.9797979797979797,-3.1818181818181817,-0.9382957983486435
1821,-2.878787878787879,-3.1818181818181817,-0.912459983997105
1822,-2.7777777777777777,-3.1818181818181817,-0.8829699194930362
1823,-2.676767676767677,-3.1818181818181817,-0.8502278335641709
1824,-2.5757575757575757,-3.1818181818181817,-0.8146476049522502
1825,-2.474747474747475,-3.1818181818181817,-0.7766502239168039
1826,-2.3737373737373737,-3.1818181818181817,-0.7366593856688131
1827,-2.272727272727273,-3.1818181818181817,-0.6950972715330017
1828,-2.1717171717171717,-3.1818181818181817,-0.652380570356585
1829,-2.070707070707071,-3.1818181818181817,-0.6089167885624497
1830,-1.9696969696969697,-3.1818181818181817,-0.5651008922831692
1831,-1.868686868686869,-3.1818181818181817,-0.5213123192140507
1832,-1.7676767676767677,-3.1818181818181817,-0.4779123912045141
1833,-1.6666666666666665,-3.1818181818181817,-0.4352421511986324
1834,-1.5656565656565657,-3.1818181818181817,-0.3936206399888849
1835,-1.4646464646464645,-3.1818181818181817,-0.35334361943995496
1836,-1.3636363636363638,-3.1818181818181817,-0.3146827394826704
1837,-1.2626262626262625,-3.1818181818181817,-0.27788513642296225
1838,-1.1616161616161618,-3.1818181818181817,-0.24317344015414893
1839,-1.0606060606060606,-3.1818181818181817,-0.21074615795012233
1840,-0.9595959595959593,-3.1818181818181817,-0.18077839295060097
1841,-0.858585858585859,-3.1818181818181817,-0.15342284657294178
1842,-0.7575757575757578,-3.1818181818181817,-0.12881104628120485
1843,-0.6565656565656566,-3.1818181818181817,-0.10705473381577822
1844,-0.5555555555555554,-3.1818181818181817,-0.08824734453638139
1845,-0.45454545454545503,-3.1818181818181817,-0.07246550632481723
1846,-0.3535353535353538,-3.1818181818181817,-0.059770486830808184
1847,-0.2525252525252526,-3.1818181818181817,-0.05020952092116471
1848,-0.15151515151515138,-3.1818181818181817,-0.04381695607087775
1849,-0.050505050505050164,-3.1818181818181817,-0.040615162017242155
1850,0.050505050505050164,-3.1818181818181817,-0.040615162017242155
1851,0.15151515151515138,-3.1818181818181817,-0.04381695607087775
1852,0.2525252525252526,-3.1818181818181817,-0.05020952092116471
1853,0.3535353535353538,-3.1818181818181817,-0.059770486830808184
1854,0.45454545454545414,-3.1818181818181817,-0.07246550632481723
1855,0.5555555555555554,-3.1818181818181817,-0.08824734453638139
1856,0.6565656565656566,-3.1818181818181817,-0.10705473381577822
1857,0.7575757575757578,-3.1818181818181817,-0.12881104628120485
1858,0.8585858585858581,-3.1818181818181817,-0.15342284657294178
1859,0.9595959595959593,-3.1818181818181817,-0.18077839295060097
1860,1.0606060606060606,-3.1818181818181817,-0.21074615795012233
1861,1.1616161616161618,-3.1818181818181817,-0.24317344015414893
1862,1.262626262626262,-3.1818181818181817,-0.27788513642296225
1863,1.3636363636363633,-3.1818181818181817,-0.31468273948267
1864,1.4646464646464645,-3.1818181818181817,-0.35334361943995496
1865,1.5656565656565657,-3.1818181818181817,-0.3936206399888849
1866,1.666666666666667,-3.1818181818181817,-0.43524215119863285
1867,1.7676767676767673,-3.1818181818181817,-0.47791239120451373
1868,1.8686868686868685,-3.1818181818181817,-0.5213123192140504
1869,1.9696969696969697,-3.1818181818181817,-0.5651008922831692
1870,2.070707070707071,-3.1818181818181817,-0.6089167885624497
1871,2.1717171717171713,-3.1818181818181817,-0.6523805703565847
1872,2.2727272727272725,-3.1818181818181817,-0.6950972715330017
1873,2.3737373737373737,-3.1818181818181817,-0.7366593856688131
1874,2.474747474747475,-3.1818181818181817,-0.7766502239168039
1875,2.5757575757575752,-3.1818181818181817,-0.8146476049522496
1876,2.6767676767676765,-3.1818181818181817,-0.8502278335641704
1877,2.7777777777777777,-3.1818181818181817,-0.8829699194930362
1878,2.878787878787879,-3.1818181818181817,-0.912459983997105
1879,2.9797979797979792,-3.1818181818181817,-0.9382957983486432
1880,3.0808080808080813,-3.1818181818181817,-0.9600913960109118
1881,3.1818181818181817,-3.1818181818181817,-0.9774816986142498
1882,3.282828282828282,-3.1818181818181817,-0.9901270950187028
1883,3.383838383838384,-3.1818181818181817,-0.9977179127019657
1884,3.4848484848484844,-3.1818181818181817,-0.9999787214224295
1885,3.5858585858585865,-3.1818181818181817,-0.9966724105518007
1886,3.686868686868687,-3.1818181818181817,-0.9876039836205428
1887,3.787878787878787,-3.1818181818181817,-0.972624016438725
1888,3.8888888888888893,-3.1818181818181817,-0.9516317286070808
1889,3.9898989898989896,-3.1818181818181817,-0.9245776222761427
1890,4.09090909090909,-3.1818181818181817,-0.8914656465988168
1891,4.191919191919192,-3.1818181818181817,-0.8523548514029261
1892,4.292929292929292,-3.1818181818181817,-0.8073604991300253
1893,4.3939393939393945,-3.1818181818181817,-0.7566546099862523
1894,4.494949494949495,-3.1818181818181817,-0.7004659214674775
1895,4.595959595959595,-3.1818181818181817,-0.6390792498887722
1896,4.696969696969697,-3.1818181818181817,-0.5728342481988236
1897,4.797979797979798,-3.1818181818181817,-0.5021235611227688
1898,4.8989898989899,-3.1818181818181817,-0.4273903854801007
1899,5.0,-3.1818181818181817,-0.34912545029513187
1900,-5.0,-3.080808080808081,-0.3988378690033175
1901,-4.898989898989899,-3.080808080808081,-0.47591391406227634
1902,-4.797979797979798,-3.080808080808081,-0.5490747793687352
1903,-4.696969696969697,-3.080808080808081,-0.6178365027839968
1904,-4.595959595959596,-3.080808080808081,-0.6817654743264083
1905,-4.494949494949495,-3.080808080808081,-0.7404813666200053
1906,-4.393939393939394,-3.080808080808081,-0.7936594602663283
1907,-4.292929292929293,-3.080808080808081,-0.8410323504166558
1908,-4.191919191919192,-3.080808080808081,-0.8823910278142666
1909,-4.090909090909091,-3.080808080808081,-0.9175853345939416
1910,-3.9898989898989896,-3.080808080808081,-0.9465238020947079
1911,-3.888888888888889,-3.080808080808081,-0.9691728847884663
1912,-3.787878787878788,-3.080808080808081,-0.9855556110801714
1913,-3.686868686868687,-3.080808080808081,-0.9957496781251619
1914,-3.5858585858585856,-3.080808080808081,-0.9998850238697976
1915,-3.484848484848485,-3.080808080808081,-0.9981409151895693
1916,-3.383838383838384,-3.080808080808081,-0.9907425962152338
1917,-3.282828282828283,-3.080808080808081,-0.9779575456472124
1918,-3.1818181818181817,-3.080808080808081,-0.9600913960109118
1919,-3.080808080808081,-3.080808080808081,-0.9374835713546329
1920,-2.9797979797979797,-3.080808080808081,-0.9105027027956648
1921,-2.878787878787879,-3.080808080808081,-0.8795418835415977
1922,-2.7777777777777777,-3.080808080808081,-0.8450138265193367
1923,-2.676767676767677,-3.080808080808081,-0.8073459885038088
1924,-2.5757575757575757,-3.080808080808081,-0.7669757246248852
1925,-2.474747474747475,-3.080808080808081,-0.7243455363200468
1926,-2.3737373737373737,-3.080808080808081,-0.6798984741690715
1927,-2.272727272727273,-3.080808080808081,-0.6340737545743809
1928,-2.1717171717171717,-3.080808080808081,-0.5873026459169134
1929,-2.070707070707071,-3.080808080808081,-0.540004675604724
1930,-1.9696969696969697,-3.080808080808081,-0.4925842043250597
1931,-1.868686868686869,-3.080808080808081,-0.4454274078008059
1932,-1.7676767676767677,-3.080808080808081,-0.39889969943754916
1933,-1.6666666666666665,-3.080808080808081,-0.35334361943995496
1934,-1.5656565656565657,-3.080808080808081,-0.3090772073069472
1935,-1.4646464646464645,-3.080808080808081,-0.26639286514295024
1936,-1.3636363636363638,-3.080808080808081,-0.2255567090423229
1937,-1.2626262626262625,-3.080808080808081,-0.18680839505760696
1938,-1.1616161616161618,-3.080808080808081,-0.15036139514697822
1939,-1.0606060606060606,-3.080808080808081,-0.1164036872739627
1940,-0.9595959595959593,-3.080808080808081,-0.08509881283329289
1941,-0.858585858585859,-3.080808080808081,-0.05658724419823886
1942,-0.7575757575757578,-3.080808080808081,-0.030987995883089616
1943,-0.6565656565656566,-3.080808080808081,-0.008400405086085505
1944,-0.5555555555555554,-3.080808080808081,0.011093998268481006
1945,-0.45454545454545503,-3.080808080808081,0.02742961495284719
1946,-0.3535353535353538,-3.080808080808081,0.04055497639473452
1947,-0.2525252525252526,-3.080808080808081,0.05043110108679263
1948,-0.15151515151515138,-3.080808080808081,0.05703008081282118
1949,-0.050505050505050164,-3.080808080808081,0.06033396019573994
1950,0.050505050505050164,-3.080808080808081,0.06033396019573994
1951,0.15151515151515138,-3.080808080808081,0.05703008081282118
1952,0.2525252525252526,-3.080808080808081,0.05043110108679263
1953,0.3535353535353538,-3.080808080808081,0.04055497639473452
1954,0.45454545454545414,-3.080808080808081,0.02742961495284719
1955,0.5555555555555554,-3.080808080808081,0.011093998268481006
1956,0.6565656565656566,-3.080808080808081,-0.008400405086085505
1957,0.7575757575757578,-3.080808080808081,-0.030987995883089616
1958,0.8585858585858581,-3.080808080808081,-0.05658724419823886
1959,0.9595959595959593,-3.080808080808081,-0.08509881283329289
1960,1.0606060606060606,-3.080808080808081,-0.1164036872739627
1961,1.1616161616161618,-3.080808080808081,-0.15036139514697822
1962,1.262626262626262,-3.080808080808081,-0.18680839505760652
1963,1.3636363636363633,-3.080808080808081,-0.22555670904232245
1964,1.4646464646464645,-3.080808080808081,-0.26639286514295024
1965,1.5656565656565657,-3.080808080808081,-0.3090772073069472
1966,1.666666666666667,-3.080808080808081,-0.3533436194399554
1967,1.7676767676767673,-3.080808080808081,-0.39889969943754877
1968,1.8686868686868685,-3.080808080808081,-0.44542740780080553
1969,1.9696969696969697,-3.080808080808081,-0.4925842043250597
1970,2.070707070707071,-3.080808080808081,-0.540004675604724
1971,2.1717171717171713,-3.080808080808081,-0.5873026459169131
1972,2.2727272727272725,-3.080808080808081,-0.6340737545743805
1973,2.3737373737373737,-3.080808080808081,-0.6798984741690715
1974,2.474747474747475,-3.080808080808081,-0.7243455363200468
1975,2.5757575757575752,-3.080808080808081,-0.7669757246248852
1976,2.6767676767676765,-3.080808080808081,-0.8073459885038088
1977,2.7777777777777777,-3.080808080808081,-0.8450138265193367
1978,2.878787878787879,-3.080808080808081,-0.8795418835415977
1979,2.9797979797979792,-3.080808080808081,-0.9105027027956645
1980,3.0808080808080813,-3.080808080808081,-0.9374835713546329
1981,3.1818181818181817,-3.080808080808081,-0.9600913960109118
1982,3.282828282828282,-3.080808080808081,-0.9779575456472122
1983,3.383838383838384,-3.080808080808081,-0.9907425962152338
1984,3.4848484848484844,-3.080808080808081,-0.9981409151895693
1985,3.5858585858585865,-3.080808080808081,-0.9998850238697975
1986,3.686868686868687,-3.080808080808081,-0.9957496781251619
1987,3.787878787878787,-3.080808080808081,-0.9855556110801715
1988,3.8888888888888893,-3.080808080808081,-0.9691728847884663
1989,3.9898989898989896,-3.080808080808081,-0.9465238020947079
1990,4.09090909090909,-3.080808080808081,-0.917585334593942
1991,4.191919191919192,-3.080808080808081,-0.8823910278142666
1992,4.292929292929292,-3.080808080808081,-0.8410323504166562
1993,4.3939393939393945,-3.080808080808081,-0.7936594602663277
1994,4.494949494949495,-3.080808080808081,-0.7404813666200053
1995,4.595959595959595,-3.080808080808081,-0.681765474326409
1996,4.696969696969697,-3.080808080808081,-0.6178365027839968
1997,4.797979797979798,-3.080808080808081,-0.5490747793687352
1998,4.8989898989899,-3.080808080808081,-0.47591391406227634
1999,5.0,-3.080808080808081,-0.3988378690033175
2000,-5.0,-2.9797979797979797,-0.4462776715625189
2001,-4.898989898989899,-2.9797979797979797,-0.5219521951510355
2002,-4.797979797979798,-2.9797979797979797,-0.5933336631399143
2003,-4.696969696969697,-2.9797979797979797,-0.6599460589034093
2004,-4.595959595959596,-2.9797979797979797,-0.7213665170702688
2005,-4.494949494949495,-2.9797979797979797,-0.7772281583038075
2006,-4.393939393939394,-2.9797979797979797,-0.8272222942249516
2007,-4.292929292929293,-2.9797979797979797,-0.8710999896610638
2008,-4.191919191919192,-2.9797979797979797,-0.9086729766131126
2009,-4.090909090909091,-2.9797979797979797,-0.9398139215614217
2010,-3.9898989898989896,-2.9797979797979797,-0.9644560549004086
2011,-3.888888888888889,-2.9797979797979797,-0.9825921783309262
2012,-3.787878787878788,-2.9797979797979797,-0.9942730728725142
2013,-3.686868686868687,-2.9797979797979797,-0.9996053367169558
2014,-3.5858585858585856,-2.9797979797979797,-0.9987486883621267
2015,-3.484848484848485,-2.9797979797979797,-0.9919127762779679
2016,-3.383838383838384,-2.9797979797979797,-0.9793535417053728
2017,-3.282828282828283,-2.9797979797979797,-0.9613691860192187
2018,-3.1818181818181817,-2.9797979797979797,-0.9382957983486435
2019,-3.080808080808081,-2.9797979797979797,-0.9105027027956648
2020,-2.9797979797979797,-2.9797979797979797,-0.8783875875866036
2021,-2.878787878787879,-2.9797979797979797,-0.8423714807930516
2022,-2.7777777777777777,-2.9797979797979797,-0.8028936388376251
2023,-2.676767676767677,-2.9797979797979797,-0.760406414825002
2024,-2.5757575757575757,-2.9797979797979797,-0.715370173783516
2025,-2.474747474747475,-2.9797979797979797,-0.6682483211412078
2026,-2.3737373737373737,-2.9797979797979797,-0.6195025091673417
2027,-2.272727272727273,-2.9797979797979797,-0.5695880836604297
2028,-2.1717171717171717,-2.9797979797979797,-0.5189498298299884
2029,-2.070707070707071,-2.9797979797979797,-0.46801807207387647
2030,-1.9696969696969697,-2.9797979797979797,-0.41720517716768535
2031,-1.868686868686869,-2.9797979797979797,-0.36690250423029647
2032,-1.7676767676767677,-2.9797979797979797,-0.31747783768759924
2033,-1.6666666666666665,-2.9797979797979797,-0.26927333131150033
2034,-1.5656565656565657,-2.9797979797979797,-0.22260398226742456
2035,-1.4646464646464645,-2.9797979797979797,-0.1777566439909828
2036,-1.3636363636363638,-2.9797979797979797,-0.13498957570220727
2037,-1.2626262626262625,-2.9797979797979797,-0.09453251457499848
2038,-1.1616161616161618,-2.9797979797979797,-0.05658724419823886
2039,-1.0606060606060606,-2.9797979797979797,-0.021328620261556037
2040,-0.9595959595959593,-2.9797979797979797,0.011093998268481006
2041,-0.858585858585859,-2.9797979797979797,0.04055497639473452
2042,-0.7575757575757578,-2.9797979797979797,0.06695036382155799
2043,-0.6565656565656566,-2.9797979797979797,0.09019567374786475
2044,-0.5555555555555554,-2.9797979797979797,0.11022357152514073
2045,-0.45454545454545503,-2.9797979797979797,0.126981569295206
2046,-0.3535353535353538,-2.9797979797979797,0.14042982355284522
2047,-0.2525252525252526,-2.9797979797979797,0.15053912950318288
2048,-0.15151515151515138,-2.9797979797979797,0.15728919888151593
2049,-0.050505050505050164,-2.9797979797979797,0.16066729661026316
2050,0.050505050505050164,-2.9797979797979797,0.16066729661026316
2051,0.15151515151515138,-2.9797979797979797,0.15728919888151593
2052,0.2525252525252526,-2.9797979797979797,0.15053912950318288
2053,0.3535353535353538,-2.9797979797979797,0.14042982355284522
2054,0.45454545454545414,-2.9797979797979797,0.126981569295206
2055,0.5555555555555554,-2.9797979797979797,0.11022357152514073
2056,0.6565656565656566,-2.9797979797979797,0.09019567374786475
2057,0.7575757575757578,-2.9797979797979797,0.06695036382155799
2058,0.8585858585858581,-2.9797979797979797,0.04055497639473452
2059,0.9595959595959593,-2.9797979797979797,0.011093998268481006
2060,1.0606060606060606,-2.9797979797979797,-0.021328620261556037
2061,1.1616161616161618,-2.9797979797979797,-0.05658724419823886
2062,1.262626262626262,-2.9797979797979797,-0.09453251457499848
2063,1.3636363636363633,-2.9797979797979797,-0.13498957570220682
2064,1.4646464646464645,-2.9797979797979797,-0.1777566439909828
2065,1.5656565656565657,-2.9797979797979797,-0.22260398226742456
2066,1.666666666666667,-2.9797979797979797,-0.2692733313115008
2067,1.7676767676767673,-2.9797979797979797,-0.31747783768759924
2068,1.8686868686868685,-2.9797979797979797,-0.3669025042302961
2069,1.9696969696969697,-2.9797979797979797,-0.41720517716768535
2070,2.070707070707071,-2.9797979797979797,-0.46801807207387647
2071,2.1717171717171713,-2.9797979797979797,-0.5189498298299879
2072,2.2727272727272725,-2.9797979797979797,-0.5695880836604293
2073,2.3737373737373737,-2.9797979797979797,-0.6195025091673417
2074,2.474747474747475,-2.9797979797979797,-0.6682483211412078
2075,2.5757575757575752,-2.9797979797979797,-0.7153701737835156
2076,2.6767676767676765,-2.9797979797979797,-0.7604064148250015
2077,2.7777777777777777,-2.9797979797979797,-0.8028936388376251
2078,2.878787878787879,-2.9797979797979797,-0.8423714807930516
2079,2.9797979797979792,-2.9797979797979797,-0.8783875875866032
2080,3.0808080808080813,-2.9797979797979797,-0.9105027027956648
2081,3.1818181818181817,-2.9797979797979797,-0.9382957983486435
2082,3.282828282828282,-2.9797979797979797,-0.9613691860192185
2083,3.383838383838384,-2.9797979797979797,-0.9793535417053728
2084,3.4848484848484844,-2.9797979797979797,-0.9919127762779678
2085,3.5858585858585865,-2.9797979797979797,-0.9987486883621268
2086,3.686868686868687,-2.9797979797979797,-0.9996053367169558
2087,3.787878787878787,-2.9797979797979797,-0.9942730728725143
2088,3.8888888888888893,-2.9797979797979797,-0.9825921783309262
2089,3.9898989898989896,-2.9797979797979797,-0.9644560549004086
2090,4.09090909090909,-2.9797979797979797,-0.939813921561422
2091,4.191919191919192,-2.9797979797979797,-0.9086729766131126
2092,4.292929292929292,-2.9797979797979797,-0.8710999896610638
2093,4.3939393939393945,-2.9797979797979797,-0.8272222942249512
2094,4.494949494949495,-2.9797979797979797,-0.7772281583038075
2095,4.595959595959595,-2.9797979797979797,-0.7213665170702693
2096,4.696969696969697,-2.9797979797979797,-0.6599460589034093
2097,4.797979797979798,-2.9797979797979797,-0.5933336631399143
2098,4.8989898989899,-2.9797979797979797,-0.5219521951510347
2099,5.0,-2.9797979797979797,-0.4462776715625189
2100,-5.0,-2.878787878787879,-0.49136841262786923
2101,-4.898989898989899,-2.878787878787879,-0.5654463478072158
2102,-4.797979797979798,-2.878787878787879,-0.6348600940159036
2103,-4.696969696969697,-2.878787878787879,-0.6991427007621213
2104,-4.595959595959596,-2.878787878787879,-0.757883141648904
2105,-4.494949494949495,-2.878787878787879,-0.8107290478552426
2106,-4.393939393939394,-2.878787878787879,-0.8573887871223715
2107,-4.292929292929293,-2.878787878787879,-0.8976328763397463
2108,-4.191919191919192,-2.878787878787879,-0.9312947232473664
2109,-4.090909090909091,-2.878787878787879,-0.9582707002037001
2110,-3.9898989898989896,-2.878787878787879,-0.9785195603345841
2111,-3.888888888888889,-2.878787878787879,-0.9920612136026401
2112,-3.787878787878788,-2.878787878787879,-0.9989748873454949
2113,-3.686868686868687,-2.878787878787879,-0.9993967025536916
2114,-3.5858585858585856,-2.878787878787879,-0.9935167035284443
2115,-3.484848484848485,-2.878787878787879,-0.9815753845120099
2116,-3.383838383838384,-2.878787878787879,-0.9638597623606822
2117,-3.282828282828283,-2.878787878787879,-0.9406990492782369
2118,-3.1818181818181817,-2.878787878787879,-0.912459983997105
2119,-3.080808080808081,-2.878787878787879,-0.8795418835415977
2120,-2.9797979797979797,-2.878787878787879,-0.8423714807930516
2121,-2.878787878787879,-2.878787878787879,-0.8013976154660543
2122,-2.7777777777777777,-2.878787878787879,-0.7570858477670424
2123,-2.676767676767677,-2.878787878787879,-0.7099130649136232
2124,-2.5757575757575757,-2.878787878787879,-0.6603621508187131
2125,-2.474747474747475,-2.878787878787879,-0.60891678856245
2126,-2.3737373737373737,-2.878787878787879,-0.5560564637600942
2127,-2.272727272727273,-2.878787878787879,-0.5022517345567551
2128,-2.1717171717171717,-2.878787878787879,-0.44795983070673534
2129,-2.070707070707071,-2.878787878787879,-0.3936206399888853
2130,-1.9696969696969697,-2.878787878787879,-0.3396531350267993
2131,-1.868686868686869,-2.878787878787879,-0.28645228737728007
2132,-1.7676767676767677,-2.878787878787879,-0.23438650847410425
2133,-1.6666666666666665,-2.878787878787879,-0.18379564862268152
2134,-1.5656565656565657,-2.878787878787879,-0.1349895757022077
2135,-1.4646464646464645,-2.878787878787879,-0.08824734453638139
2136,-1.3636363636363638,-2.878787878787879,-0.043816956070878196
2137,-1.2626262626262625,-2.878787878787879,-0.0019156926314955805
2138,-1.1616161616161618,-2.878787878787879,0.03726899820551109
2139,-1.0606060606060606,-2.878787878787879,0.07357811295840004
2140,-0.9595959595959593,-2.878787878787879,0.10687925122514726
2141,-0.858585858585859,-2.878787878787879,0.13706439506380003
2142,-0.7575757575757578,-2.878787878787879,0.1640473929515558
2143,-0.6565656565656566,-2.878787878787879,0.1877612442888051
2144,-0.5555555555555554,-2.878787878787879,0.20815528973215205
2145,-0.45454545454545503,-2.878787878787879,0.22519241865898293
2146,-0.3535353535353538,-2.878787878787879,0.23884640701449342
2147,-0.2525252525252526,-2.878787878787879,0.2490994960537681
2148,-0.15151515151515138,-2.878787878787879,0.2559403146991471
2149,-0.050505050505050164,-2.878787878787879,0.2593622353494284
2150,0.050505050505050164,-2.878787878787879,0.2593622353494284
2151,0.15151515151515138,-2.878787878787879,0.2559403146991471
2152,0.2525252525252526,-2.878787878787879,0.2490994960537681
2153,0.3535353535353538,-2.878787878787879,0.23884640701449342
2154,0.45454545454545414,-2.878787878787879,0.22519241865898335
2155,0.5555555555555554,-2.878787878787879,0.20815528973215205
2156,0.6565656565656566,-2.878787878787879,0.1877612442888051
2157,0.7575757575757578,-2.878787878787879,0.1640473929515558
2158,0.8585858585858581,-2.878787878787879,0.13706439506380047
2159,0.9595959595959593,-2.878787878787879,0.10687925122514726
2160,1.0606060606060606,-2.878787878787879,0.07357811295840004
2161,1.1616161616161618,-2.878787878787879,0.03726899820551109
2162,1.262626262626262,-2.878787878787879,-0.0019156926314955805
2163,1.3636363636363633,-2.878787878787879,-0.04381695607087775
2164,1.4646464646464645,-2.878787878787879,-0.08824734453638139
2165,1.5656565656565657,-2.878787878787879,-0.1349895757022077
2166,1.666666666666667,-2.878787878787879,-0.18379564862268152
2167,1.7676767676767673,-2.878787878787879,-0.23438650847410425
2168,1.8686868686868685,-2.878787878787879,-0.28645228737728007
2169,1.9696969696969697,-2.878787878787879,-0.3396531350267993
2170,2.070707070707071,-2.878787878787879,-0.3936206399888853
2171,2.1717171717171713,-2.878787878787879,-0.44795983070673534
2172,2.2727272727272725,-2.878787878787879,-0.5022517345567548
2173,2.3737373737373737,-2.878787878787879,-0.5560564637600942
2174,2.474747474747475,-2.878787878787879,-0.60891678856245
2175,2.5757575757575752,-2.878787878787879,-0.6603621508187131
2176,2.6767676767676765,-2.878787878787879,-0.7099130649136228
2177,2.7777777777777777,-2.878787878787879,-0.7570858477670424
2178,2.878787878787879,-2.878787878787879,-0.8013976154660543
2179,2.9797979797979792,-2.878787878787879,-0.8423714807930516
2180,3.0808080808080813,-2.878787878787879,-0.8795418835415977
2181,3.1818181818181817,-2.878787878787879,-0.912459983997105
2182,3.282828282828282,-2.878787878787879,-0.9406990492782369
2183,3.383838383838384,-2.878787878787879,-0.9638597623606822
2184,3.4848484848484844,-2.878787878787879,-0.9815753845120099
2185,3.5858585858585865,-2.878787878787879,-0.9935167035284445
2186,3.686868686868687,-2.878787878787879,-0.9993967025536916
2187,3.787878787878787,-2.878787878787879,-0.998974887345495
2188,3.8888888888888893,-2.878787878787879,-0.9920612136026401
2189,3.9898989898989896,-2.878787878787879,-0.9785195603345841
2190,4.09090909090909,-2.878787878787879,-0.9582707002037003
2191,4.191919191919192,-2.878787878787879,-0.9312947232473664
2192,4.292929292929292,-2.878787878787879,-0.8976328763397466
2193,4.3939393939393945,-2.878787878787879,-0.8573887871223711
2194,4.494949494949495,-2.878787878787879,-0.8107290478552426
2195,4.595959595959595,-2.878787878787879,-0.7578831416489047
2196,4.696969696969697,-2.878787878787879,-0.6991427007621213
2197,4.797979797979798,-2.878787878787879,-0.6348600940159036
2198,4.8989898989899,-2.878787878787879,-0.5654463478072151
2199,5.0,-2.878787878787879,-0.49136841262786923
2200,-5.0,-2.7777777777777777,-0.534055998204512
2201,-4.898989898989899,-2.7777777777777777,-0.6063606462811474
2202,-4.797979797979798,-2.7777777777777777,-0.6736378386703046
2203,-4.696969696969697,-2.7777777777777777,-0.7354307468053894
2204,-4.595959595959596,-2.7777777777777777,-0.7913412075547029
2205,-4.494949494949495,-2.7777777777777777,-0.8410323504166558
2206,-4.393939393939394,-2.7777777777777777,-0.8842305457809357
2207,-4.292929292929293,-2.7777777777777777,-0.9207266632634974
2208,-4.191919191919192,-2.7777777777777777,-0.9503766367522083
2209,-4.090909090909091,-2.7777777777777777,-0.9731013404313866
2210,-3.9898989898989896,-2.7777777777777777,-0.9888857876092664
2211,-3.888888888888889,-2.7777777777777777,-0.9977776715759489
2212,-3.787878787878788,-2.7777777777777777,-0.9998852748963829
2213,-3.686868686868687,-2.7777777777777777,-0.9953747804221315
2214,-3.5858585858585856,-2.7777777777777777,-0.9844670238196906
2215,-3.484848484848485,-2.7777777777777777,-0.9674337334988222
2216,-3.383838383838384,-2.7777777777777777,-0.9445933094235464
2217,-3.282828282828283,-2.7777777777777777,-0.91630619734813
2218,-3.1818181818181817,-2.7777777777777777,-0.8829699194930362
2219,-3.080808080808081,-2.7777777777777777,-0.8450138265193367
2220,-2.9797979797979797,-2.7777777777777777,-0.8028936388376251
2221,-2.878787878787879,-2.7777777777777777,-0.7570858477670424
2222,-2.7777777777777777,-2.7777777777777777,-0.7080820488134968
2223,-2.676767676767677,-2.7777777777777777,-0.6563832803385476
2224,-2.5757575757575757,-2.7777777777777777,-0.6024944411179999
2225,-2.474747474747475,-2.7777777777777777,-0.5469188597182981
2226,-2.3737373737373737,-2.7777777777777777,-0.49015308722300266
2227,-2.272727272727273,-2.7777777777777777,-0.4326819825903186
2228,-2.1717171717171717,-2.7777777777777777,-0.37497415677802265
2229,-2.070707070707071,-2.7777777777777777,-0.31747783768759924
2230,-1.9696969696969697,-2.7777777777777777,-0.2606172128977301
2231,-1.868686868686869,-2.7777777777777777,-0.20478930101072038
2232,-1.7676767676767677,-2.7777777777777777,-0.15036139514697822
2233,-1.6666666666666665,-2.7777777777777777,-0.09766911361076017
2234,-1.5656565656565657,-2.7777777777777777,-0.04701508293690346
2235,-1.4646464646464645,-2.7777777777777777,0.0013317326487153234
2236,-1.3636363636363638,-2.7777777777777777,0.047136053890192674
2237,-1.2626262626262625,-2.7777777777777777,0.09019567374786475
2238,-1.1616161616161618,-2.7777777777777777,0.13034023686607468
2239,-1.0606060606060606,-2.7777777777777777,0.1674294550811462
2240,-0.9595959595959593,-2.7777777777777777,0.20135081959940113
2241,-0.858585858585859,-2.7777777777777777,0.23201688736267959
2242,-0.7575757575757578,-2.7777777777777777,0.2593622353494288
2243,-0.6565656565656566,-2.7777777777777777,0.28334019122905896
2244,-0.5555555555555554,-2.7777777777777777,0.3039194608600497
2245,-0.45454545454545503,-2.7777777777777777,0.32108078150100944
2246,-0.3535353535353538,-2.7777777777777777,0.33481373323238717
2247,-0.2525252525252526,-2.7777777777777777,0.34511383907522203
2248,-0.15151515151515138,-2.7777777777777777,0.3519800760547413
2249,-0.050505050505050164,-2.7777777777777777,0.355412904828242
2250,0.050505050505050164,-2.7777777777777777,0.355412904828242
2251,0.15151515151515138,-2.7777777777777777,0.3519800760547413
2252,0.2525252525252526,-2.7777777777777777,0.34511383907522203
2253,0.3535353535353538,-2.7777777777777777,0.33481373323238717
2254,0.45454545454545414,-2.7777777777777777,0.32108078150100944
2255,0.5555555555555554,-2.7777777777777777,0.3039194608600497
2256,0.6565656565656566,-2.7777777777777777,0.28334019122905896
2257,0.7575757575757578,-2.7777777777777777,0.2593622353494288
2258,0.8585858585858581,-2.7777777777777777,0.23201688736268
2259,0.9595959595959593,-2.7777777777777777,0.20135081959940113
2260,1.0606060606060606,-2.7777777777777777,0.1674294550811462
2261,1.1616161616161618,-2.7777777777777777,0.13034023686607468
2262,1.262626262626262,-2.7777777777777777,0.09019567374786519
2263,1.3636363636363633,-2.7777777777777777,0.04713605389019312
2264,1.4646464646464645,-2.7777777777777777,0.0013317326487153234
2265,1.5656565656565657,-2.7777777777777777,-0.04701508293690346
2266,1.666666666666667,-2.7777777777777777,-0.09766911361076061
2267,1.7676767676767673,-2.7777777777777777,-0.15036139514697777
2268,1.8686868686868685,-2.7777777777777777,-0.20478930101072038
2269,1.9696969696969697,-2.7777777777777777,-0.2606172128977301
2270,2.070707070707071,-2.7777777777777777,-0.31747783768759924
2271,2.1717171717171713,-2.7777777777777777,-0.37497415677802226
2272,2.2727272727272725,-2.7777777777777777,-0.43268198259031815
2273,2.3737373737373737,-2.7777777777777777,-0.49015308722300266
2274,2.474747474747475,-2.7777777777777777,-0.5469188597182981
2275,2.5757575757575752,-2.7777777777777777,-0.6024944411179995
2276,2.6767676767676765,-2.7777777777777777,-0.6563832803385473
2277,2.7777777777777777,-2.7777777777777777,-0.7080820488134968
2278,2.878787878787879,-2.7777777777777777,-0.7570858477670424
2279,2.9797979797979792,-2.7777777777777777,-0.8028936388376251
2280,3.0808080808080813,-2.7777777777777777,-0.8450138265193367
2281,3.1818181818181817,-2.7777777777777777,-0.8829699194930362
2282,3.282828282828282,-2.7777777777777777,-0.9163061973481297
2283,3.383838383838384,-2.7777777777777777,-0.9445933094235464
2284,3.4848484848484844,-2.7777777777777777,-0.967433733498822
2285,3.5858585858585865,-2.7777777777777777,-0.9844670238196909
2286,3.686868686868687,-2.7777777777777777,-0.9953747804221315
2287,3.787878787878787,-2.7777777777777777,-0.9998852748963828
2288,3.8888888888888893,-2.7777777777777777,-0.9977776715759489
2289,3.9898989898989896,-2.7777777777777777,-0.9888857876092664
2290,4.09090909090909,-2.7777777777777777,-0.9731013404313869
2291,4.191919191919192,-2.7777777777777777,-0.9503766367522083
2292,4.292929292929292,-2.7777777777777777,-0.9207266632634977
2293,4.3939393939393945,-2.7777777777777777,-0.8842305457809353
2294,4.494949494949495,-2.7777777777777777,-0.8410323504166558
2295,4.595959595959595,-2.7777777777777777,-0.7913412075547029
2296,4.696969696969697,-2.7777777777777777,-0.7354307468053894
2297,4.797979797979798,-2.7777777777777777,-0.6736378386703046
2298,4.8989898989899,-2.7777777777777777,-0.6063606462811474
2299,5.0,-2.7777777777777777,-0.534055998204512
2300,-5.0,-2.676767676767677,-0.574307696140525
2301,-4.898989898989899,-2.676767676767677,-0.6446813710574029
2302,-4.797979797979798,-2.676767676767677,-0.7096732348258863
2303,-4.696969696969697,-2.676767676767677,-0.7688375651393348
2304,-4.595959595959596,-2.676767676767677,-0.821790009872222
2305,-4.494949494949495,-2.676767676767677,-0.8682101036876515
2306,-4.393939393939394,-2.676767676767677,-0.9078430815291837
2307,-4.292929292929293,-2.676767676767677,-0.9405009789159292
2308,-4.191919191919192,-2.676767676767677,-0.9660630167891978
2309,-4.090909090909091,-2.676767676767677,-0.9844752764825282
2310,-3.9898989898989896,-2.676767676767677,-0.995749678125162
2311,-3.888888888888889,-2.676767676767677,-0.9999622833643549
2312,-3.787878787878788,-2.676767676767677,-0.9972509506292222
2313,-3.686868686868687,-2.676767676767677,-0.9878123781863991
2314,-3.5858585858585856,-2.676767676767677,-0.9718985768881022
2315,-3.484848484848485,-2.676767676767677,-0.9498128207233991
2316,-3.383838383838384,-2.676767676767677,-0.921905128996207
2317,-3.282828282828283,-2.676767676767677,-0.8885673391170457
2318,-3.1818181818181817,-2.676767676767677,-0.8502278335641709
2319,-3.080808080808081,-2.676767676767677,-0.8073459885038088
2320,-2.9797979797979797,-2.676767676767677,-0.760406414825002
2321,-2.878787878787879,-2.676767676767677,-0.7099130649136232
2322,-2.7777777777777777,-2.676767676767677,-0.6563832803385476
2323,-2.676767676767677,-2.676767676767677,-0.6003418567300298
2324,-2.5757575757575757,-2.676767676767677,-0.5423152024769232
2325,-2.474747474747475,-2.676767676767677,-0.4828256674356271
2326,-2.3737373737373737,-2.676767676767677,-0.42238611660632164
2327,-2.272727272727273,-2.676767676767677,-0.36149482166139774
2328,-2.1717171717171717,-2.676767676767677,-0.3006307402672111
2329,-2.070707070707071,-2.676767676767677,-0.2402492492700677
2330,-1.9696969696969697,-2.676767676767677,-0.1807783929506014
2331,-1.868686868686869,-2.676767676767677,-0.12261570159848975
2332,-1.7676767676767677,-2.676767676767677,-0.0661256285135664
2333,-1.6666666666666665,-2.676767676767677,-0.011637645075179804
2334,-1.5656565656565657,-2.676767676767677,0.04055497639473408
2335,-1.4646464646464645,-2.676767676767677,0.09019567374786475
2336,-1.3636363636363638,-2.676767676767677,0.13706439506380047
2337,-1.2626262626262625,-2.676767676767677,0.18097669752574644
2338,-1.1616161616161618,-2.676767676767677,0.22178217162493222
2339,-1.0606060606060606,-2.676767676767677,0.2593622353494284
2340,-0.9595959595959593,-2.676767676767677,0.2936273623299583
2341,-0.858585858585859,-2.676767676767677,0.3245138278206258
2342,-0.7575757575757578,-2.676767676767677,0.3519800760547409
2343,-0.6565656565656566,-2.676767676767677,0.3760028308494891
2344,-0.5555555555555554,-2.676767676767677,0.3965730870339652
2345,-0.45454545454545503,-2.676767676767677,0.413692131902171
2346,-0.3535353535353538,-2.676767676767677,0.4273677519993428
2347,-0.2525252525252526,-2.676767676767677,0.4376107798565125
2348,-0.15151515151515138,-2.676767676767677,0.4444321268759809
2349,-0.050505050505050164,-2.676767676767677,0.4478404320684168
2350,0.050505050505050164,-2.676767676767677,0.4478404320684168
2351,0.15151515151515138,-2.676767676767677,0.4444321268759809
2352,0.2525252525252526,-2.676767676767677,0.4376107798565125
2353,0.3535353535353538,-2.676767676767677,0.4273677519993428
2354,0.45454545454545414,-2.676767676767677,0.4136921319021714
2355,0.5555555555555554,-2.676767676767677,0.3965730870339652
2356,0.6565656565656566,-2.676767676767677,0.3760028308494891
2357,0.7575757575757578,-2.676767676767677,0.3519800760547409
2358,0.8585858585858581,-2.676767676767677,0.3245138278206262
2359,0.9595959595959593,-2.676767676767677,0.2936273623299583
2360,1.0606060606060606,-2.676767676767677,0.2593622353494284
2361,1.1616161616161618,-2.676767676767677,0.22178217162493222
2362,1.262626262626262,-2.676767676767677,0.18097669752574685
2363,1.3636363636363633,-2.676767676767677,0.13706439506380047
2364,1.4646464646464645,-2.676767676767677,0.09019567374786475
2365,1.5656565656565657,-2.676767676767677,0.04055497639473408
2366,1.666666666666667,-2.676767676767677,-0.011637645075179804
2367,1.7676767676767673,-2.676767676767677,-0.06612562851356596
2368,1.8686868686868685,-2.676767676767677,-0.12261570159848932
2369,1.9696969696969697,-2.676767676767677,-0.1807783929506014
2370,2.070707070707071,-2.676767676767677,-0.2402492492700677
2371,2.1717171717171713,-2.676767676767677,-0.30063074026721065
2372,2.2727272727272725,-2.676767676767677,-0.3614948216613973
2373,2.3737373737373737,-2.676767676767677,-0.42238611660632164
2374,2.474747474747475,-2.676767676767677,-0.4828256674356271
2375,2.5757575757575752,-2.676767676767677,-0.5423152024769226
2376,2.6767676767676765,-2.676767676767677,-0.6003418567300295
2377,2.7777777777777777,-2.676767676767677,-0.6563832803385476
2378,2.878787878787879,-2.676767676767677,-0.7099130649136232
2379,2.9797979797979792,-2.676767676767677,-0.7604064148250015
2380,3.0808080808080813,-2.676767676767677,-0.8073459885038093
2381,3.1818181818181817,-2.676767676767677,-0.8502278335641709
2382,3.282828282828282,-2.676767676767677,-0.8885673391170457
2383,3.383838383838384,-2.676767676767677,-0.921905128996207
2384,3.4848484848484844,-2.676767676767677,-0.9498128207233988
2385,3.5858585858585865,-2.676767676767677,-0.9718985768881023
2386,3.686868686868687,-2.676767676767677,-0.9878123781863991
2387,3.787878787878787,-2.676767676767677,-0.9972509506292222
2388,3.8888888888888893,-2.676767676767677,-0.9999622833643549
2389,3.9898989898989896,-2.676767676767677,-0.995749678125162
2390,4.09090909090909,-2.676767676767677,-0.9844752764825283
2391,4.191919191919192,-2.676767676767677,-0.9660630167891978
2392,4.292929292929292,-2.676767676767677,-0.9405009789159292
2393,4.3939393939393945,-2.676767676767677,-0.9078430815291832
2394,4.494949494949495,-2.676767676767677,-0.8682101036876515
2395,4.595959595959595,-2.676767676767677,-0.8217900098722225
2396,4.696969696969697,-2.676767676767677,-0.7688375651393348
2397,4.797979797979798,-2.676767676767677,-0.7096732348258863
2398,4.8989898989899,-2.676767676767677,-0.6446813710574022
2399,5.0,-2.676767676767677,-0.574307696140525
2400,-5.0,-2.5757575757575757,-0.6121109877947406
2401,-4.898989898989899,-2.5757575757575757,-0.6804155025214594
2402,-4.797979797979798,-2.5757575757575757,-0.742993722174627
2403,-4.696969696969697,-2.5757575757575757,-0.799411937193773
2404,-4.595959595959596,-2.5757575757575757,-0.8493004713945164
2405,-4.494949494949495,-2.5757575757575757,-0.8923560844080554
2406,-4.393939393939394,-2.5757575757575757,-0.9283436471427186
2407,-4.292929292929293,-2.5757575757575757,-0.9570970810917876
2408,-4.191919191919192,-2.5757575757575757,-0.9785195603345841
2409,-4.090909090909091,-2.5757575757575757,-0.9925829830859907
2410,-3.9898989898989896,-2.5757575757575757,-0.9993267275623554
2411,-3.888888888888889,-2.5757575757575757,-0.9988557146703905
2412,-3.787878787878788,-2.5757575757575757,-0.9913378075143282
2413,-3.686868686868687,-2.5757575757575757,-0.9770005848830537
2414,-3.5858585858585856,-2.5757575757575757,-0.9561275326555578
2415,-3.484848484848485,-2.5757575757575757,-0.9290537033874078
2416,-3.383838383838384,-2.5757575757575757,-0.8961609001565084
2417,-3.282828282828283,-2.5757575757575757,-0.8578724460029978
2418,-3.1818181818181817,-2.5757575757575757,-0.8146476049522502
2419,-3.080808080808081,-2.5757575757575757,-0.7669757246248852
2420,-2.9797979797979797,-2.5757575757575757,-0.715370173783516
2421,-2.878787878787879,-2.5757575757575757,-0.6603621508187131
2422,-2.7777777777777777,-2.5757575757575757,-0.6024944411179999
2423,-2.676767676767677,-2.5757575757575757,-0.5423152024769232
2424,-2.5757575757575757,-2.5757575757575757,-0.4803718581879197
2425,-2.474747474747475,-2.5757575757575757,-0.4172051771676858
2426,-2.3737373737373737,-2.5757575757575757,-0.35334361943995496
2427,-2.272727272727273,-2.5757575757575757,-0.28929802345305405
2428,-2.1717171717171717,-2.5757575757575757,-0.2255567090423229
2429,-2.070707070707071,-2.5757575757575757,-0.16258106629062374
2430,-1.9696969696969697,-2.5757575757575757,-0.1008016960161063
2431,-1.868686868686869,-2.5757575757575757,-0.0406151620172426
2432,-1.7676767676767677,-2.5757575757575757,0.017618591608757672
2433,-1.6666666666666665,-2.5757575757575757,0.07357811295840047
2434,-1.5656565656565657,-2.5757575757575757,0.126981569295206
2435,-1.4646464646464645,-2.5757575757575757,0.1775871047590538
2436,-1.3636363636363638,-2.5757575757575757,0.22519241865898335
2437,-1.2626262626262625,-2.5757575757575757,0.26963356996282234
2438,-1.1616161616161618,-2.5757575757575757,0.3107830316155232
2439,-1.0606060606060606,-2.5757575757575757,0.34854703852001107
2440,-0.9595959595959593,-2.5757575757575757,0.38286229511398306
2441,-0.858585858585859,-2.5757575757575757,0.4136921319021714
2442,-0.7575757575757578,-2.5757575757575757,0.44102222414243025
2443,-0.6565656565656566,-2.5757575757575757,0.4648560088531459
2444,-0.5555555555555554,-2.5757575757575757,0.48520995677966205
2445,-0.45454545454545503,-2.5757575757575757,0.5021088720418407
2446,-0.3535353535353538,-2.5757575757575757,0.5155814019033523
2447,-0.2525252525252526,-2.5757575757575757,0.5256559406169411
2448,-0.15151515151515138,-2.5757575757575757,0.532357103191943
2449,-0.050505050505050164,-2.5757575757575757,0.5357029264885605
2450,0.050505050505050164,-2.5757575757575757,0.5357029264885605
2451,0.15151515151515138,-2.5757575757575757,0.532357103191943
2452,0.2525252525252526,-2.5757575757575757,0.5256559406169411
2453,0.3535353535353538,-2.5757575757575757,0.5155814019033523
2454,0.45454545454545414,-2.5757575757575757,0.5021088720418412
2455,0.5555555555555554,-2.5757575757575757,0.48520995677966205
2456,0.6565656565656566,-2.5757575757575757,0.4648560088531459
2457,0.7575757575757578,-2.5757575757575757,0.44102222414243025
2458,0.8585858585858581,-2.5757575757575757,0.4136921319021718
2459,0.9595959595959593,-2.5757575757575757,0.38286229511398306
2460,1.0606060606060606,-2.5757575757575757,0.34854703852001107
2461,1.1616161616161618,-2.5757575757575757,0.3107830316155232
2462,1.262626262626262,-2.5757575757575757,0.2696335699628228
2463,1.3636363636363633,-2.5757575757575757,0.22519241865898335
2464,1.4646464646464645,-2.5757575757575757,0.1775871047590538
2465,1.5656565656565657,-2.5757575757575757,0.126981569295206
2466,1.666666666666667,-2.5757575757575757,0.07357811295840004
2467,1.7676767676767673,-2.5757575757575757,0.017618591608758116
2468,1.8686868686868685,-2.5757575757575757,-0.040615162017242155
2469,1.9696969696969697,-2.5757575757575757,-0.1008016960161063
2470,2.070707070707071,-2.5757575757575757,-0.16258106629062374
2471,2.1717171717171713,-2.5757575757575757,-0.22555670904232245
2472,2.2727272727272725,-2.5757575757575757,-0.28929802345305405
2473,2.3737373737373737,-2.5757575757575757,-0.35334361943995496
2474,2.474747474747475,-2.5757575757575757,-0.4172051771676858
2475,2.5757575757575752,-2.5757575757575757,-0.48037185818791933
2476,2.6767676767676765,-2.5757575757575757,-0.5423152024769226
2477,2.7777777777777777,-2.5757575757575757,-0.6024944411179999
2478,2.878787878787879,-2.5757575757575757,-0.6603621508187131
2479,2.9797979797979792,-2.5757575757575757,-0.7153701737835156
2480,3.0808080808080813,-2.5757575757575757,-0.7669757246248857
2481,3.1818181818181817,-2.5757575757575757,-0.8146476049522502
2482,3.282828282828282,-2.5757575757575757,-0.8578724460029978
2483,3.383838383838384,-2.5757575757575757,-0.8961609001565084
2484,3.4848484848484844,-2.5757575757575757,-0.9290537033874074
2485,3.5858585858585865,-2.5757575757575757,-0.9561275326555578
2486,3.686868686868687,-2.5757575757575757,-0.9770005848830537
2487,3.787878787878787,-2.5757575757575757,-0.9913378075143281
2488,3.8888888888888893,-2.5757575757575757,-0.9988557146703905
2489,3.9898989898989896,-2.5757575757575757,-0.9993267275623554
2490,4.09090909090909,-2.5757575757575757,-0.9925829830859908
2491,4.191919191919192,-2.5757575757575757,-0.9785195603345841
2492,4.292929292929292,-2.5757575757575757,-0.9570970810917876
2493,4.3939393939393945,-2.5757575757575757,-0.9283436471427182
2494,4.494949494949495,-2.5757575757575757,-0.8923560844080554
2495,4.595959595959595,-2.5757575757575757,-0.8493004713945168
2496,4.696969696969697,-2.5757575757575757,-0.799411937193773
2497,4.797979797979798,-2.5757575757575757,-0.742993722174627
2498,4.8989898989899,-2.5757575757575757,-0.6804155025214589
2499,5.0,-2.5757575757575757,-0.6121109877947406
2500,-5.0,-2.474747474747475,-0.6474722807027061
2501,-4.898989898989899,-2.474747474747475,-0.7135892786033691
2502,-4.797979797979798,-2.474747474747475,-0.7736462412082207
2503,-4.696969696969697,-2.474747474747475,-0.8272222942249512
2504,-4.595959595959596,-2.474747474747475,-0.8739632135426526
2505,-4.494949494949495,-2.474747474747475,-0.9135837106745995
2506,-4.393939393939394,-2.474747474747475,-0.9458689677445706
2507,-4.292929292929293,-2.474747474747475,-0.9706754137373664
2508,-4.191919191919192,-2.474747474747475,-0.9879307419430208
2509,-4.090909090909091,-2.474747474747475,-0.9976331767090001
2510,-3.9898989898989896,-2.474747474747475,-0.9998500056934462
2511,-3.888888888888889,-2.474747474747475,-0.994715401705296
2512,-3.787878787878788,-2.474747474747475,-0.9824275658472199
2513,-3.686868686868687,-2.474747474747475,-0.9632452309720156
2514,-3.5858585858585856,-2.474747474747475,-0.9374835713546329
2515,-3.484848484848485,-2.474747474747475,-0.9055095709083261
2516,-3.383838383838384,-2.474747474747475,-0.8677369081789437
2517,-3.282828282828283,-2.474747474747475,-0.8246204216874911
2518,-3.1818181818181817,-2.474747474747475,-0.7766502239168039
2519,-3.080808080808081,-2.474747474747475,-0.7243455363200468
2520,-2.9797979797979797,-2.474747474747475,-0.6682483211412078
2521,-2.878787878787879,-2.474747474747475,-0.60891678856245
2522,-2.7777777777777777,-2.474747474747475,-0.5469188597182981
2523,-2.676767676767677,-2.474747474747475,-0.4828256674356271
2524,-2.5757575757575757,-2.474747474747475,-0.4172051771676858
2525,-2.474747474747475,-2.474747474747475,-0.3506160104867733
2526,-2.3737373737373737,-2.474747474747475,-0.28360155267666065
2527,-2.272727272727273,-2.474747474747475,-0.21668442440696997
2528,-2.1717171717171717,-2.474747474747475,-0.15036139514697822
2529,-2.070707070707071,-2.474747474747475,-0.08509881283329289
2530,-1.9696969696969697,-2.474747474747475,-0.02132862026155648
2531,-1.868686868686869,-2.474747474747475,0.04055497639473408
2532,-1.7676767676767677,-2.474747474747475,0.10019812779309407
2533,-1.6666666666666665,-2.474747474747475,0.1572891988815155
2534,-1.5656565656565657,-2.474747474747475,0.21155982148061256
2535,-1.4646464646464645,-2.474747474747475,0.2627851112048608
2536,-1.3636363636363638,-2.474747474747475,0.3107830316155232
2537,-1.2626262626262625,-2.474747474747475,0.355412904828242
2538,-1.1616161616161618,-2.474747474747475,0.3965730870339652
2539,-1.0606060606060606,-2.474747474747475,0.43419784963431707
2540,-0.9595959595959593,-2.474747474747475,0.4682535317965133
2541,-0.858585858585859,-2.474747474747475,0.4987340576993585
2542,-0.7575757575757578,-2.474747474747475,0.5256559406169408
2543,-0.6565656565656566,-2.474747474747475,0.5490529247921306
2544,-0.5555555555555554,-2.474747474747475,0.5689704427772956
2545,-0.45454545454545503,-2.474747474747475,0.5854600881062092
2546,-0.3535353535353538,-2.474747474747475,0.5985743181019858
2547,-0.2525252525252526,-2.474747474747475,0.6083616066811478
2548,-0.15151515151515138,-2.474747474747475,0.6148622600152872
2549,-0.050505050505050164,-2.474747474747475,0.6181050875931962
2550,0.050505050505050164,-2.474747474747475,0.6181050875931962
2551,0.15151515151515138,-2.474747474747475,0.6148622600152872
2552,0.2525252525252526,-2.474747474747475,0.6083616066811478
2553,0.3535353535353538,-2.474747474747475,0.5985743181019858
2554,0.45454545454545414,-2.474747474747475,0.5854600881062092
2555,0.5555555555555554,-2.474747474747475,0.5689704427772956
2556,0.6565656565656566,-2.474747474747475,0.5490529247921306
2557,0.7575757575757578,-2.474747474747475,0.5256559406169408
2558,0.8585858585858581,-2.474747474747475,0.4987340576993589
2559,0.9595959595959593,-2.474747474747475,0.4682535317965133
2560,1.0606060606060606,-2.474747474747475,0.43419784963431707
2561,1.1616161616161618,-2.474747474747475,0.3965730870339652
2562,1.262626262626262,-2.474747474747475,0.355412904828242
2563,1.3636363636363633,-2.474747474747475,0.3107830316155236
2564,1.4646464646464645,-2.474747474747475,0.2627851112048608
2565,1.5656565656565657,-2.474747474747475,0.21155982148061256
2566,1.666666666666667,-2.474747474747475,0.15728919888151505
2567,1.7676767676767673,-2.474747474747475,0.10019812779309452
2568,1.8686868686868685,-2.474747474747475,0.04055497639473452
2569,1.9696969696969697,-2.474747474747475,-0.02132862026155648
2570,2.070707070707071,-2.474747474747475,-0.08509881283329289
2571,2.1717171717171713,-2.474747474747475,-0.15036139514697777
2572,2.2727272727272725,-2.474747474747475,-0.21668442440696956
2573,2.3737373737373737,-2.474747474747475,-0.28360155267666065
2574,2.474747474747475,-2.474747474747475,-0.3506160104867733
2575,2.5757575757575752,-2.474747474747475,-0.41720517716768535
2576,2.6767676767676765,-2.474747474747475,-0.4828256674356267
2577,2.7777777777777777,-2.474747474747475,-0.5469188597182981
2578,2.878787878787879,-2.474747474747475,-0.60891678856245
2579,2.9797979797979792,-2.474747474747475,-0.6682483211412078
2580,3.0808080808080813,-2.474747474747475,-0.7243455363200472
2581,3.1818181818181817,-2.474747474747475,-0.7766502239168039
2582,3.282828282828282,-2.474747474747475,-0.8246204216874905
2583,3.383838383838384,-2.474747474747475,-0.8677369081789437
2584,3.4848484848484844,-2.474747474747475,-0.9055095709083257
2585,3.5858585858585865,-2.474747474747475,-0.9374835713546329
2586,3.686868686868687,-2.474747474747475,-0.9632452309720156
2587,3.787878787878787,-2.474747474747475,-0.9824275658472199
2588,3.8888888888888893,-2.474747474747475,-0.994715401705296
2589,3.9898989898989896,-2.474747474747475,-0.9998500056934462
2590,4.09090909090909,-2.474747474747475,-0.9976331767090002
2591,4.191919191919192,-2.474747474747475,-0.9879307419430208
2592,4.292929292929292,-2.474747474747475,-0.9706754137373667
2593,4.3939393939393945,-2.474747474747475,-0.9458689677445704
2594,4.494949494949495,-2.474747474747475,-0.9135837106745995
2595,4.595959595959595,-2.474747474747475,-0.873963213542653
2596,4.696969696969697,-2.474747474747475,-0.8272222942249512
2597,4.797979797979798,-2.474747474747475,-0.7736462412082207
2598,4.8989898989899,-2.474747474747475,-0.7135892786033685
2599,5.0,-2.474747474747475,-0.6474722807027061
2600,-5.0,-2.3737373737373737,-0.6804155025214589
2601,-4.898989898989899,-2.3737373737373737,-0.7442466381160319
2602,-4.797979797979798,-2.3737373737373737,-0.8016955231635284
2603,-4.696969696969697,-2.3737373737373737,-0.8523548514029256
2604,-4.595959595959596,-2.3737373737373737,-0.8958865324306836
2605,-4.494949494949495,-2.3737373737373737,-0.9320238580930658
2606,-4.393939393939394,-2.3737373737373737,-0.9605728953936024
2607,-4.292929292929293,-2.3737373737373737,-0.9814130985217269
2608,-4.191919191919192,-2.3737373737373737,-0.99449714099563
2609,-4.090909090909091,-2.3737373737373737,-0.9998499772654603
2610,-3.9898989898989896,-2.3737373737373737,-0.9975671513586649
2611,-3.888888888888889,-2.3737373737373737,-0.9878123781863991
2612,-3.787878787878788,-2.3737373737373737,-0.9708144308908612
2613,-3.686868686868687,-2.3737373737373737,-0.9468633750247817
2614,-3.5858585858585856,-2.3737373737373737,-0.9163061973481297
2615,-3.484848484848485,-2.3737373737373737,-0.8795418835415977
2616,-3.383838383838384,-2.3737373737373737,-0.8370160051168666
2617,-3.282828282828283,-2.3737373737373737,-0.7892148812030861
2618,-3.1818181818181817,-2.3737373737373737,-0.7366593856688131
2619,-3.080808080808081,-2.3737373737373737,-0.6798984741690715
2620,-2.9797979797979797,-2.3737373737373737,-0.6195025091673417
2621,-2.878787878787879,-2.3737373737373737,-0.5560564637600942
2622,-2.7777777777777777,-2.3737373737373737,-0.49015308722300266
2623,-2.676767676767677,-2.3737373737373737,-0.42238611660632164
2624,-2.5757575757575757,-2.3737373737373737,-0.35334361943995496
2625,-2.474747474747475,-2.3737373737373737,-0.28360155267666065
2626,-2.3737373737373737,-2.3737373737373737,-0.2137176224121952
2627,-2.272727272727273,-2.3737373737373737,-0.1442255276739277
2628,-2.1717171717171717,-2.3737373737373737,-0.07562966964871218
2629,-2.070707070707071,-2.3737373737373737,-0.008400405086085505
2630,-1.9696969696969697,-2.3737373737373737,0.05703008081282118
2631,-1.868686868686869,-2.3737373737373737,0.12027121105253703
2632,-1.7676767676767677,-2.3737373737373737,0.18097669752574685
2633,-1.6666666666666665,-2.3737373737373737,0.23884640701449383
2634,-1.5656565656565657,-2.3737373737373737,0.2936273623299583
2635,-1.4646464646464645,-2.3737373737373737,0.34511383907522203
2636,-1.3636363636363638,-2.3737373737373737,0.3931465318111713
2637,-1.2626262626262625,-2.3737373737373737,0.43761077985651287
2638,-1.1616161616161618,-2.3737373737373737,0.47843386304963037
2639,-1.0606060606060606,-2.3737373737373737,0.5155814019033523
2640,-0.9595959595959593,-2.3737373737373737,0.549052924792131
2641,-0.858585858585859,-2.3737373737373737,0.5788766968025696
2642,-0.7575757575757578,-2.3737373737373737,0.6051039397430938
2643,-0.6565656565656566,-2.3737373737373737,0.6278026089087384
2644,-0.5555555555555554,-2.3737373737373737,0.6470509270969081
2645,-0.45454545454545503,-2.3737373737373737,0.6629309068925671
2646,-0.3535353535353538,-2.3737373737373737,0.6755221146955986
2647,-0.2525252525252526,-2.3737373737373737,0.6848959405610748
2648,-0.15151515151515138,-2.3737373737373737,0.691110633360396
2649,-0.050505050505050164,-2.3737373737373737,0.6942073388851228
2650,0.050505050505050164,-2.3737373737373737,0.6942073388851228
2651,0.15151515151515138,-2.3737373737373737,0.691110633360396
2652,0.2525252525252526,-2.3737373737373737,0.6848959405610748
2653,0.3535353535353538,-2.3737373737373737,0.6755221146955986
2654,0.45454545454545414,-2.3737373737373737,0.6629309068925674
2655,0.5555555555555554,-2.3737373737373737,0.6470509270969081
2656,0.6565656565656566,-2.3737373737373737,0.6278026089087384
2657,0.7575757575757578,-2.3737373737373737,0.6051039397430938
2658,0.8585858585858581,-2.3737373737373737,0.57887669680257
2659,0.9595959595959593,-2.3737373737373737,0.549052924792131
2660,1.0606060606060606,-2.3737373737373737,0.5155814019033523
2661,1.1616161616161618,-2.3737373737373737,0.47843386304963037
2662,1.262626262626262,-2.3737373737373737,0.43761077985651287
2663,1.3636363636363633,-2.3737373737373737,0.3931465318111713
2664,1.4646464646464645,-2.3737373737373737,0.34511383907522203
2665,1.5656565656565657,-2.3737373737373737,0.2936273623299583
2666,1.666666666666667,-2.3737373737373737,0.23884640701449342
2667,1.7676767676767673,-2.3737373737373737,0.18097669752574685
2668,1.8686868686868685,-2.3737373737373737,0.12027121105253746
2669,1.9696969696969697,-2.3737373737373737,0.05703008081282118
2670,2.070707070707071,-2.3737373737373737,-0.008400405086085505
2671,2.1717171717171713,-2.3737373737373737,-0.07562966964871218
2672,2.2727272727272725,-2.3737373737373737,-0.14422552767392727
2673,2.3737373737373737,-2.3737373737373737,-0.2137176224121952
2674,2.474747474747475,-2.3737373737373737,-0.28360155267666065
2675,2.5757575757575752,-2.3737373737373737,-0.35334361943995496
2676,2.6767676767676765,-2.3737373737373737,-0.4223861166063212
2677,2.7777777777777777,-2.3737373737373737,-0.49015308722300266
2678,2.878787878787879,-2.3737373737373737,-0.5560564637600942
2679,2.9797979797979792,-2.3737373737373737,-0.6195025091673417
2680,3.0808080808080813,-2.3737373737373737,-0.6798984741690718
2681,3.1818181818181817,-2.3737373737373737,-0.7366593856688131
2682,3.282828282828282,-2.3737373737373737,-0.7892148812030856
2683,3.383838383838384,-2.3737373737373737,-0.8370160051168666
2684,3.4848484848484844,-2.3737373737373737,-0.8795418835415972
2685,3.5858585858585865,-2.3737373737373737,-0.91630619734813
2686,3.686868686868687,-2.3737373737373737,-0.9468633750247817
2687,3.787878787878787,-2.3737373737373737,-0.970814430890861
2688,3.8888888888888893,-2.3737373737373737,-0.9878123781863992
2689,3.9898989898989896,-2.3737373737373737,-0.9975671513586649
2690,4.09090909090909,-2.3737373737373737,-0.9998499772654604
2691,4.191919191919192,-2.3737373737373737,-0.99449714099563
2692,4.292929292929292,-2.3737373737373737,-0.9814130985217271
2693,4.3939393939393945,-2.3737373737373737,-0.960572895393602
2694,4.494949494949495,-2.3737373737373737,-0.9320238580930658
2695,4.595959595959595,-2.3737373737373737,-0.8958865324306841
2696,4.696969696969697,-2.3737373737373737,-0.8523548514029256
2697,4.797979797979798,-2.3737373737373737,-0.8016955231635284
2698,4.8989898989899,-2.3737373737373737,-0.7442466381160313
2699,5.0,-2.3737373737373737,-0.6804155025214589
2700,-5.0,-2.272727272727273,-0.7109805967089277
2701,-4.898989898989899,-2.272727272727273,-0.7724475715668913
2702,-4.797979797979798,-2.272727272727273,-0.8272222942249516
2703,-4.696969696969697,-2.272727272727273,-0.8749116640322754
2704,-4.595959595959596,-2.272727272727273,-0.9151943060794157
2705,-4.494949494949495,-2.272727272727273,-0.9478226172768963
2706,-4.393939393939394,-2.272727272727273,-0.972624016438725
2707,-4.292929292929293,-2.272727272727273,-0.9895013918493958
2708,-4.191919191919192,-2.272727272727273,-0.9984327483501461
2709,-4.090909090909091,-2.272727272727273,-0.9994700644929607
2710,-3.9898989898989896,-2.272727272727273,-0.9927373786940956
2711,-3.888888888888889,-2.272727272727273,-0.9784281314902453
2712,-3.787878787878788,-2.272727272727273,-0.9568017988811475
2713,-3.686868686868687,-2.272727272727273,-0.9281798592582468
2714,-3.5858585858585856,-2.272727272727273,-0.8929411435016198
2715,-3.484848484848485,-2.272727272727273,-0.8515166244149639
2716,-3.383838383838384,-2.272727272727273,-0.8043837077070258
2717,-3.282828282828283,-2.272727272727273,-0.7520600921717986
2718,-3.1818181818181817,-2.272727272727273,-0.6950972715330017
2719,-3.080808080808081,-2.272727272727273,-0.6340737545743809
2720,-2.9797979797979797,-2.272727272727273,-0.5695880836604297
2721,-2.878787878787879,-2.272727272727273,-0.5022517345567551
2722,-2.7777777777777777,-2.272727272727273,-0.4326819825903186
2723,-2.676767676767677,-2.272727272727273,-0.36149482166139774
2724,-2.5757575757575757,-2.272727272727273,-0.28929802345305405
2725,-2.474747474747475,-2.272727272727273,-0.21668442440696997
2726,-2.3737373737373737,-2.272727272727273,-0.1442255276739277
2727,-2.272727272727273,-2.272727272727273,-0.07246550632481767
2728,-2.1717171717171717,-2.272727272727273,-0.0019156926314955805
2729,-2.070707070707071,-2.272727272727273,0.06695036382155711
2730,-1.9696969696969697,-2.272727272727273,0.13370118911171283
2731,-1.868686868686869,-2.272727272727273,0.1979509523784
2732,-1.7676767676767677,-2.272727272727273,0.2593622353494284
2733,-1.6666666666666665,-2.272727272727273,0.3176479372854422
2734,-1.5656565656565657,-2.272727272727273,0.37257225586861936
2735,-1.4646464646464645,-2.272727272727273,0.4239506939811269
2736,-1.3636363636363638,-2.272727272727273,0.4716490545952028
2737,-1.2626262626262625,-2.272727272727273,0.5155814019033523
2738,-1.1616161616161618,-2.272727272727273,0.5557069871647125
2739,-1.0606060606060606,-2.272727272727273,0.5920261632671183
2740,-0.9595959595959593,-2.272727272727273,0.6245753431931851
2741,-0.858585858585859,-2.272727272727273,0.6534210944518106
2742,-0.7575757575757578,-2.272727272727273,0.6786535033814994
2743,-0.6565656565656566,-2.272727272727273,0.7003789883502085
2744,-0.5555555555555554,-2.272727272727273,0.718712786402525
2745,-0.45454545454545503,-2.272727272727273,0.7337713797867589
2746,-0.3535353535353538,-2.272727272727273,0.7456651620230641
2747,-0.2525252525252526,-2.272727272727273,0.7544916623175629
2748,-0.15151515151515138,-2.272727272727273,0.760329647159832
2749,-0.050505050505050164,-2.272727272727273,0.763234395248184
2750,0.050505050505050164,-2.272727272727273,0.763234395248184
2751,0.15151515151515138,-2.272727272727273,0.760329647159832
2752,0.2525252525252526,-2.272727272727273,0.7544916623175629
2753,0.3535353535353538,-2.272727272727273,0.7456651620230641
2754,0.45454545454545414,-2.272727272727273,0.7337713797867592
2755,0.5555555555555554,-2.272727272727273,0.718712786402525
2756,0.6565656565656566,-2.272727272727273,0.7003789883502085
2757,0.7575757575757578,-2.272727272727273,0.6786535033814994
2758,0.8585858585858581,-2.272727272727273,0.6534210944518111
2759,0.9595959595959593,-2.272727272727273,0.6245753431931851
2760,1.0606060606060606,-2.272727272727273,0.5920261632671183
2761,1.1616161616161618,-2.272727272727273,0.5557069871647125
2762,1.262626262626262,-2.272727272727273,0.5155814019033523
2763,1.3636363636363633,-2.272727272727273,0.47164905459520323
2764,1.4646464646464645,-2.272727272727273,0.4239506939811269
2765,1.5656565656565657,-2.272727272727273,0.37257225586861936
2766,1.666666666666667,-2.272727272727273,0.3176479372854422
2767,1.7676767676767673,-2.272727272727273,0.2593622353494288
2768,1.8686868686868685,-2.272727272727273,0.1979509523784
2769,1.9696969696969697,-2.272727272727273,0.13370118911171283
2770,2.070707070707071,-2.272727272727273,0.06695036382155711
2771,2.1717171717171713,-2.272727272727273,-0.0019156926314955805
2772,2.2727272727272725,-2.272727272727273,-0.07246550632481723
2773,2.3737373737373737,-2.272727272727273,-0.1442255276739277
2774,2.474747474747475,-2.272727272727273,-0.21668442440696997
2775,2.5757575757575752,-2.272727272727273,-0.28929802345305405
2776,2.6767676767676765,-2.272727272727273,-0.3614948216613973
2777,2.7777777777777777,-2.272727272727273,-0.4326819825903186
2778,2.878787878787879,-2.272727272727273,-0.5022517345567551
2779,2.9797979797979792,-2.272727272727273,-0.5695880836604297
2780,3.0808080808080813,-2.272727272727273,-0.6340737545743813
2781,3.1818181818181817,-2.272727272727273,-0.6950972715330017
2782,3.282828282828282,-2.272727272727273,-0.752060092171798
2783,3.383838383838384,-2.272727272727273,-0.8043837077070258
2784,3.4848484848484844,-2.272727272727273,-0.8515166244149639
2785,3.5858585858585865,-2.272727272727273,-0.8929411435016201
2786,3.686868686868687,-2.272727272727273,-0.9281798592582468
2787,3.787878787878787,-2.272727272727273,-0.9568017988811471
2788,3.8888888888888893,-2.272727272727273,-0.9784281314902453
2789,3.9898989898989896,-2.272727272727273,-0.9927373786940956
2790,4.09090909090909,-2.272727272727273,-0.9994700644929607
2791,4.191919191919192,-2.272727272727273,-0.9984327483501461
2792,4.292929292929292,-2.272727272727273,-0.9895013918493959
2793,4.3939393939393945,-2.272727272727273,-0.9726240164387245
2794,4.494949494949495,-2.272727272727273,-0.9478226172768963
2795,4.595959595959595,-2.272727272727273,-0.915194306079416
2796,4.696969696969697,-2.272727272727273,-0.8749116640322754
2797,4.797979797979798,-2.272727272727273,-0.8272222942249516
2798,4.8989898989899,-2.272727272727273,-0.7724475715668907
2799,5.0,-2.272727272727273,-0.7109805967089277
2800,-5.0,-2.1717171717171717,-0.7392219402969454
2801,-4.898989898989899,-2.1717171717171717,-0.7982664009935626
2802,-4.797979797979798,-2.1717171717171717,-0.8503214167547549
2803,-4.696969696969697,-2.1717171717171717,-0.8950086299302558
2804,-4.595959595959596,-2.1717171717171717,-0.9320238580930658
2805,-4.494949494949495,-2.1717171717171717,-0.9611390193388242
2806,-4.393939393939394,-2.1717171717171717,-0.9822032396670076
2807,-4.292929292929293,-2.1717171717171717,-0.9951431367811159
2808,-4.191919191919192,-2.1717171717171717,-0.9999622833643549
2809,-4.090909090909091,-2.1717171717171717,-0.9967398615510521
2810,-3.9898989898989896,-2.1717171717171717,-0.9856285288355743
2811,-3.888888888888889,-2.1717171717171717,-0.9668515239559098
2812,-3.787878787878788,-2.1717171717171717,-0.9406990492782369
2813,-3.686868686868687,-2.1717171717171717,-0.9075239738165816
2814,-3.5858585858585856,-2.1717171717171717,-0.8677369081789432
2815,-3.484848484848485,-2.1717171717171717,-0.8218007093760527
2816,-3.383838383838384,-2.1717171717171717,-0.7702244795074769
2817,-3.282828282828283,-2.1717171717171717,-0.7135571278075721
2818,-3.1818181818181817,-2.1717171717171717,-0.652380570356585
2819,-3.080808080808081,-2.1717171717171717,-0.5873026459169134
2820,-2.9797979797979797,-2.1717171717171717,-0.5189498298299884
2821,-2.878787878787879,-2.1717171717171717,-0.44795983070673534
2822,-2.7777777777777777,-2.1717171717171717,-0.37497415677802265
2823,-2.676767676767677,-2.1717171717171717,-0.3006307402672111
2824,-2.5757575757575757,-2.1717171717171717,-0.2255567090423229
2825,-2.474747474747475,-2.1717171717171717,-0.15036139514697822
2826,-2.3737373737373737,-2.1717171717171717,-0.07562966964871218
2827,-2.272727272727273,-2.1717171717171717,-0.0019156926314955805
2828,-2.1717171717171717,-2.1717171717171717,0.07026283386278838
2829,-2.070707070707071,-2.1717171717171717,0.14042982355284478
2830,-1.9696969696969697,-2.1717171717171717,0.20815528973215247
2831,-1.868686868686869,-2.1717171717171717,0.27305907293826115
2832,-1.7676767676767677,-2.1717171717171717,0.33481373323238717
2833,-1.6666666666666665,-2.1717171717171717,0.3931465318111713
2834,-1.5656565656565657,-2.1717171717171717,0.4478404320684172
2835,-1.4646464646464645,-2.1717171717171717,0.4987340576993589
2836,-1.3636363636363638,-2.1717171717171717,0.5457205558540152
2837,-1.2626262626262625,-2.1717171717171717,0.5887453277642568
2838,-1.1616161616161618,-2.1717171717171717,0.6278026089087384
2839,-1.0606060606060606,-2.1717171717171717,0.6629309068925674
2840,-0.9595959595959593,-2.1717171717171717,0.6942073388851228
2841,-0.858585858585859,-2.1717171717171717,0.7217409522864189
2842,-0.7575757575757578,-2.1717171717171717,0.7456651620230641
2843,-0.6565656565656566,-2.1717171717171717,0.7661294939609429
2844,-0.5555555555555554,-2.1717171717171717,0.7832908831490907
2845,-0.45454545454545503,-2.1717171717171717,0.7973048329154347
2846,-0.3535353535353538,-2.1717171717171717,0.8083167894773732
2847,-0.2525252525252526,-2.1717171717171717,0.8164541189342546
2848,-0.15151515151515138,-2.1717171717171717,0.8218190816309444
2849,-0.050505050505050164,-2.1717171717171717,0.8244831769532214
2850,0.050505050505050164,-2.1717171717171717,0.8244831769532214
2851,0.15151515151515138,-2.1717171717171717,0.8218190816309444
2852,0.2525252525252526,-2.1717171717171717,0.8164541189342546
2853,0.3535353535353538,-2.1717171717171717,0.8083167894773732
2854,0.45454545454545414,-2.1717171717171717,0.7973048329154347
2855,0.5555555555555554,-2.1717171717171717,0.7832908831490907
2856,0.6565656565656566,-2.1717171717171717,0.7661294939609429
2857,0.7575757575757578,-2.1717171717171717,0.7456651620230641
2858,0.8585858585858581,-2.1717171717171717,0.7217409522864189
2859,0.9595959595959593,-2.1717171717171717,0.6942073388851228
2860,1.0606060606060606,-2.1717171717171717,0.6629309068925674
2861,1.1616161616161618,-2.1717171717171717,0.6278026089087384
2862,1.262626262626262,-2.1717171717171717,0.5887453277642568
2863,1.3636363636363633,-2.1717171717171717,0.5457205558540152
2864,1.4646464646464645,-2.1717171717171717,0.4987340576993589
2865,1.5656565656565657,-2.1717171717171717,0.4478404320684172
2866,1.666666666666667,-2.1717171717171717,0.3931465318111713
2867,1.7676767676767673,-2.1717171717171717,0.3348137332323876
2868,1.8686868686868685,-2.1717171717171717,0.27305907293826115
2869,1.9696969696969697,-2.1717171717171717,0.20815528973215247
2870,2.070707070707071,-2.1717171717171717,0.14042982355284478
2871,2.1717171717171713,-2.1717171717171717,0.07026283386278838
2872,2.2727272727272725,-2.1717171717171717,-0.0019156926314951364
2873,2.3737373737373737,-2.1717171717171717,-0.07562966964871218
2874,2.474747474747475,-2.1717171717171717,-0.15036139514697822
2875,2.5757575757575752,-2.1717171717171717,-0.22555670904232245
2876,2.6767676767676765,-2.1717171717171717,-0.30063074026721065
2877,2.7777777777777777,-2.1717171717171717,-0.37497415677802265
2878,2.878787878787879,-2.1717171717171717,-0.44795983070673534
2879,2.9797979797979792,-2.1717171717171717,-0.5189498298299879
2880,3.0808080808080813,-2.1717171717171717,-0.5873026459169137
2881,3.1818181818181817,-2.1717171717171717,-0.652380570356585
2882,3.282828282828282,-2.1717171717171717,-0.7135571278075717
2883,3.383838383838384,-2.1717171717171717,-0.7702244795074769
2884,3.4848484848484844,-2.1717171717171717,-0.8218007093760527
2885,3.5858585858585865,-2.1717171717171717,-0.8677369081789437
2886,3.686868686868687,-2.1717171717171717,-0.9075239738165816
2887,3.787878787878787,-2.1717171717171717,-0.9406990492782366
2888,3.8888888888888893,-2.1717171717171717,-0.9668515239559098
2889,3.9898989898989896,-2.1717171717171717,-0.9856285288355743
2890,4.09090909090909,-2.1717171717171717,-0.996739861551052
2891,4.191919191919192,-2.1717171717171717,-0.9999622833643549
2892,4.292929292929292,-2.1717171717171717,-0.995143136781116
2893,4.3939393939393945,-2.1717171717171717,-0.9822032396670075
2894,4.494949494949495,-2.1717171717171717,-0.9611390193388242
2895,4.595959595959595,-2.1717171717171717,-0.9320238580930661
2896,4.696969696969697,-2.1717171717171717,-0.8950086299302558
2897,4.797979797979798,-2.1717171717171717,-0.8503214167547549
2898,4.8989898989899,-2.1717171717171717,-0.7982664009935626
2899,5.0,-2.1717171717171717,-0.7392219402969454
2900,-5.0,-2.070707070707071,-0.7652067037624771
2901,-4.898989898989899,-2.070707070707071,-0.821790009872222
2902,-4.797979797979798,-2.070707070707071,-0.8710999896610638
2903,-4.696969696969697,-2.070707070707071,-0.9127734611529806
2904,-4.595959595959596,-2.070707070707071,-0.9465238020947075
2905,-4.494949494949495,-2.070707070707071,-0.9721427548067813
2906,-4.393939393939394,-2.070707070707071,-0.9895013918493959
2907,-4.292929292929293,-2.070707070707071,-0.9985502376844227
2908,-4.191919191919192,-2.070707070707071,-0.9993185503884481
2909,-4.090909090909091,-2.070707070707071,-0.9919127762779679
2910,-3.9898989898989896,-2.070707070707071,-0.9765141989585365
2911,-3.888888888888889,-2.070707070707071,-0.9533758127191235
2912,-3.787878787878788,-2.070707070707071,-0.9228184582795815
2913,-3.686868686868687,-2.070707070707071,-0.8852262665865006
2914,-3.5858585858585856,-2.070707070707071,-0.8410414635706348
2915,-3.484848484848485,-2.070707070707071,-0.7907585954649035
2916,-3.383838383838384,-2.070707070707071,-0.7349182403817051
2917,-3.282828282828283,-2.070707070707071,-0.6741002773178998
2918,-3.1818181818181817,-2.070707070707071,-0.6089167885624497
2919,-3.080808080808081,-2.070707070707071,-0.540004675604724
2920,-2.9797979797979797,-2.070707070707071,-0.46801807207387647
2921,-2.878787878787879,-2.070707070707071,-0.3936206399888853
2922,-2.7777777777777777,-2.070707070707071,-0.31747783768759924
2923,-2.676767676767677,-2.070707070707071,-0.2402492492700677
2924,-2.5757575757575757,-2.070707070707071,-0.16258106629062374
2925,-2.474747474747475,-2.070707070707071,-0.08509881283329289
2926,-2.3737373737373737,-2.070707070707071,-0.008400405086085505
2927,-2.272727272727273,-2.070707070707071,0.06695036382155711
2928,-2.1717171717171717,-2.070707070707071,0.14042982355284478
2929,-2.070707070707071,-2.070707070707071,0.21155982148061256
2930,-1.9696969696969697,-2.070707070707071,0.27991242431738783
2931,-1.868686868686869,-2.070707070707071,0.34511383907522164
2932,-1.7676767676767677,-2.070707070707071,0.4068474673491831
2933,-1.6666666666666665,-2.070707070707071,0.4648560088531459
2934,-1.5656565656565657,-2.070707070707071,0.5189425330943092
2935,-1.4646464646464645,-2.070707070707071,0.5689704427772956
2936,-1.3636363636363638,-2.070707070707071,0.6148622600152872
2937,-1.2626262626262625,-2.070707070707071,0.6565971780735367
2938,-1.1616161616161618,-2.070707070707071,0.6942073388851224
2939,-1.0606060606060606,-2.070707070707071,0.7277728218907829
2940,-0.9595959595959593,-2.070707070707071,0.7574153647951531
2941,-0.858585858585859,-2.070707070707071,0.7832908831490903
2942,-0.7575757575757578,-2.070707070707071,0.805580913875564
2943,-0.6565656565656566,-2.070707070707071,0.8244831769532214
2944,-0.5555555555555554,-2.070707070707071,0.8402015261475367
2945,-0.45454545454545503,-2.070707070707071,0.8529356378173089
2946,-0.3535353535353538,-2.070707070707071,0.8628708574682639
2947,-0.2525252525252526,-2.070707070707071,0.870168675788832
2948,-0.15151515151515138,-2.070707070707071,0.8749583277608791
2949,-0.050505050505050164,-2.070707070707071,0.8773299902864613
2950,0.050505050505050164,-2.070707070707071,0.8773299902864613
2951,0.15151515151515138,-2.070707070707071,0.8749583277608791
2952,0.2525252525252526,-2.070707070707071,0.870168675788832
2953,0.3535353535353538,-2.070707070707071,0.8628708574682639
2954,0.45454545454545414,-2.070707070707071,0.8529356378173089
2955,0.5555555555555554,-2.070707070707071,0.8402015261475367
2956,0.6565656565656566,-2.070707070707071,0.8244831769532214
2957,0.7575757575757578,-2.070707070707071,0.805580913875564
2958,0.8585858585858581,-2.070707070707071,0.7832908831490903
2959,0.9595959595959593,-2.070707070707071,0.7574153647951531
2960,1.0606060606060606,-2.070707070707071,0.7277728218907829
2961,1.1616161616161618,-2.070707070707071,0.6942073388851224
2962,1.262626262626262,-2.070707070707071,0.6565971780735367
2963,1.3636363636363633,-2.070707070707071,0.6148622600152875
2964,1.4646464646464645,-2.070707070707071,0.5689704427772956
2965,1.5656565656565657,-2.070707070707071,0.5189425330943092
2966,1.666666666666667,-2.070707070707071,0.4648560088531455
2967,1.7676767676767673,-2.070707070707071,0.4068474673491835
2968,1.8686868686868685,-2.070707070707071,0.34511383907522203
2969,1.9696969696969697,-2.070707070707071,0.27991242431738783
2970,2.070707070707071,-2.070707070707071,0.21155982148061256
2971,2.1717171717171713,-2.070707070707071,0.14042982355284522
2972,2.2727272727272725,-2.070707070707071,0.06695036382155756
2973,2.3737373737373737,-2.070707070707071,-0.008400405086085505
2974,2.474747474747475,-2.070707070707071,-0.08509881283329289
2975,2.5757575757575752,-2.070707070707071,-0.16258106629062333
2976,2.6767676767676765,-2.070707070707071,-0.24024924927006727
2977,2.7777777777777777,-2.070707070707071,-0.31747783768759924
2978,2.878787878787879,-2.070707070707071,-0.3936206399888853
2979,2.9797979797979792,-2.070707070707071,-0.46801807207387647
2980,3.0808080808080813,-2.070707070707071,-0.5400046756047244
2981,3.1818181818181817,-2.070707070707071,-0.6089167885624497
2982,3.282828282828282,-2.070707070707071,-0.6741002773178991
2983,3.383838383838384,-2.070707070707071,-0.7349182403817051
2984,3.4848484848484844,-2.070707070707071,-0.7907585954649035
2985,3.5858585858585865,-2.070707070707071,-0.8410414635706353
2986,3.686868686868687,-2.070707070707071,-0.8852262665865006
2987,3.787878787878787,-2.070707070707071,-0.9228184582795812
2988,3.8888888888888893,-2.070707070707071,-0.9533758127191235
2989,3.9898989898989896,-2.070707070707071,-0.9765141989585365
2990,4.09090909090909,-2.070707070707071,-0.9919127762779678
2991,4.191919191919192,-2.070707070707071,-0.9993185503884481
2992,4.292929292929292,-2.070707070707071,-0.9985502376844227
2993,4.3939393939393945,-2.070707070707071,-0.9895013918493958
2994,4.494949494949495,-2.070707070707071,-0.9721427548067813
2995,4.595959595959595,-2.070707070707071,-0.9465238020947079
2996,4.696969696969697,-2.070707070707071,-0.9127734611529806
2997,4.797979797979798,-2.070707070707071,-0.8710999896610638
2998,4.8989898989899,-2.070707070707071,-0.8217900098722215
2999,5.0,-2.070707070707071,-0.7652067037624771
3000,-5.0,-1.9696969696969697,-0.7890131724084034
3001,-4.898989898989899,-1.9696969696969697,-0.8431160433932468
3002,-4.797979797979798,-1.9696969696969697,-0.8896754290842769
3003,-4.696969696969697,-1.9696969696969697,-0.9283436471427186
3004,-4.595959595959596,-1.9696969696969697,-0.9588518898962102
3005,-4.494949494949495,-1.9696969696969697,-0.9810119098582415
3006,-4.393939393939394,-1.9696969696969697,-0.9947168455195959
3007,-4.292929292929293,-1.9696969696969697,-0.999941183422856
3008,-4.191919191919192,-1.9696969696969697,-0.9967398615510521
3009,-4.090909090909091,-1.9696969696969697,-0.9852465280022725
3010,-3.9898989898989896,-1.9696969696969697,-0.9656709776931979
3011,-3.888888888888889,-1.9696969696969697,-0.9382957983486435
3012,-3.787878787878788,-1.9696969696969697,-0.903472265207932
3013,-3.686868686868687,-1.9696969696969697,-0.8616155316341573
3014,-3.5858585858585856,-1.9696969696969697,-0.8131991700775237
3015,-3.484848484848485,-1.9696969696969697,-0.7587491245550647
3016,-3.383838383838384,-1.9696969696969697,-0.6988371419113968
3017,-3.282828282828283,-1.9696969696969697,-0.6340737545743809
3018,-3.1818181818181817,-1.9696969696969697,-0.5651008922831692
3019,-3.080808080808081,-1.9696969696969697,-0.4925842043250597
3020,-2.9797979797979797,-1.9696969696969697,-0.41720517716768535
3021,-2.878787878787879,-1.9696969696969697,-0.3396531350267993
3022,-2.7777777777777777,-1.9696969696969697,-0.2606172128977301
3023,-2.676767676767677,-1.9696969696969697,-0.1807783929506014
3024,-2.5757575757575757,-1.9696969696969697,-0.1008016960161063
3025,-2.474747474747475,-1.9696969696969697,-0.02132862026155648
3026,-2.3737373737373737,-1.9696969696969697,0.05703008081282118
3027,-2.272727272727273,-1.9696969696969697,0.13370118911171283
3028,-2.1717171717171717,-1.9696969696969697,0.20815528973215247
3029,-2.070707070707071,-1.9696969696969697,0.27991242431738783
3030,-1.9696969696969697,-1.9696969696969697,0.34854703852001107
3031,-1.868686868686869,-1.9696969696969697,0.4136921319021714
3032,-1.7676767676767677,-1.9696969696969697,0.4750425181719768
3033,-1.6666666666666665,-1.9696969696969697,0.532357103191943
3034,-1.5656565656565657,-1.9696969696969697,0.5854600881062092
3035,-1.4646464646464645,-1.9696969696969697,0.6342410059496889
3036,-1.3636363636363638,-1.9696969696969697,0.6786535033814994
3037,-1.2626262626262625,-1.9696969696969697,0.7187127864025254
3038,-1.1616161616161618,-1.9696969696969697,0.7544916623175629
3039,-1.0606060606060606,-1.9696969696969697,0.7861151325574303
3040,-0.9595959595959593,-1.9696969696969697,0.813753525378421
3041,-0.858585858585859,-1.9696969696969697,0.8376142068785737
3042,-0.7575757575757578,-1.9696969696969697,0.8579319753299133
3043,-0.6565656565656566,-1.9696969696969697,0.8749583277608791
3044,-0.5555555555555554,-1.9696969696969697,0.8889498861986046
3045,-0.45454545454545503,-1.9696969696969697,0.900156377014001
3046,-0.3535353535353538,-1.9696969696969697,0.9088086587673829
3047,-0.2525252525252526,-1.9696969696969697,0.9151073761293469
3048,-0.15151515151515138,-1.9696969696969697,0.919212862175412
3049,-0.050505050505050164,-1.9696969696969697,0.9212369025449566
3050,0.050505050505050164,-1.9696969696969697,0.9212369025449566
3051,0.15151515151515138,-1.9696969696969697,0.919212862175412
3052,0.2525252525252526,-1.9696969696969697,0.9151073761293469
3053,0.3535353535353538,-1.9696969696969697,0.9088086587673829
3054,0.45454545454545414,-1.9696969696969697,0.9001563770140012
3055,0.5555555555555554,-1.9696969696969697,0.8889498861986046
3056,0.6565656565656566,-1.9696969696969697,0.8749583277608791
3057,0.7575757575757578,-1.9696969696969697,0.8579319753299133
3058,0.8585858585858581,-1.9696969696969697,0.837614206878574
3059,0.9595959595959593,-1.9696969696969697,0.813753525378421
3060,1.0606060606060606,-1.9696969696969697,0.7861151325574303
3061,1.1616161616161618,-1.9696969696969697,0.7544916623175629
3062,1.262626262626262,-1.9696969696969697,0.7187127864025254
3063,1.3636363636363633,-1.9696969696969697,0.6786535033814998
3064,1.4646464646464645,-1.9696969696969697,0.6342410059496889
3065,1.5656565656565657,-1.9696969696969697,0.5854600881062092
3066,1.666666666666667,-1.9696969696969697,0.532357103191943
3067,1.7676767676767673,-1.9696969696969697,0.4750425181719772
3068,1.8686868686868685,-1.9696969696969697,0.4136921319021718
3069,1.9696969696969697,-1.9696969696969697,0.34854703852001107
3070,2.070707070707071,-1.9696969696969697,0.27991242431738783
3071,2.1717171717171713,-1.9696969696969697,0.20815528973215247
3072,2.2727272727272725,-1.9696969696969697,0.13370118911171328
3073,2.3737373737373737,-1.9696969696969697,0.05703008081282118
3074,2.474747474747475,-1.9696969696969697,-0.02132862026155648
3075,2.5757575757575752,-1.9696969696969697,-0.10080169601610588
3076,2.6767676767676765,-1.9696969696969697,-0.18077839295060097
3077,2.7777777777777777,-1.9696969696969697,-0.2606172128977301
3078,2.878787878787879,-1.9696969696969697,-0.3396531350267993
3079,2.9797979797979792,-1.9696969696969697,-0.41720517716768535
3080,3.0808080808080813,-1.9696969696969697,-0.4925842043250601
3081,3.1818181818181817,-1.9696969696969697,-0.5651008922831692
3082,3.282828282828282,-1.9696969696969697,-0.6340737545743802
3083,3.383838383838384,-1.9696969696969697,-0.6988371419113968
3084,3.4848484848484844,-1.9696969696969697,-0.7587491245550647
3085,3.5858585858585865,-1.9696969696969697,-0.8131991700775243
3086,3.686868686868687,-1.9696969696969697,-0.8616155316341573
3087,3.787878787878787,-1.9696969696969697,-0.9034722652079317
3088,3.8888888888888893,-1.9696969696969697,-0.9382957983486435
3089,3.9898989898989896,-1.9696969696969697,-0.9656709776931979
3090,4.09090909090909,-1.9696969696969697,-0.9852465280022724
3091,4.191919191919192,-1.9696969696969697,-0.9967398615510521
3092,4.292929292929292,-1.9696969696969697,-0.999941183422856
3093,4.3939393939393945,-1.9696969696969697,-0.9947168455195958
3094,4.494949494949495,-1.9696969696969697,-0.9810119098582415
3095,4.595959595959595,-1.9696969696969697,-0.9588518898962104
3096,4.696969696969697,-1.9696969696969697,-0.9283436471427186
3097,4.797979797979798,-1.9696969696969697,-0.8896754290842769
3098,4.8989898989899,-1.9696969696969697,-0.8431160433932463
3099,5.0,-1.9696969696969697,-0.7890131724084034
3100,-5.0,-1.868686868686869,-0.8107290478552426
3101,-4.898989898989899,-1.868686868686869,-0.8623510984162557
3102,-4.797979797979798,-1.868686868686869,-0.9061735494131923
3103,-4.696969696969697,-1.868686868686869,-0.9418644299975947
3104,-4.595959595959596,-1.868686868686869,-0.9691728847884663
3105,-4.494949494949495,-1.868686868686869,-0.9879307419430208
3106,-4.393939393939394,-1.868686868686869,-0.9980532017469792
3107,-4.292929292929293,-1.868686868686869,-0.9995386425509948
3108,-4.191919191919192,-1.868686868686869,-0.9924675500391376
3109,-4.090909090909091,-1.868686868686869,-0.9770005848830539
3110,-3.9898989898989896,-1.868686868686869,-0.9533758127191232
3111,-3.888888888888889,-1.868686868686869,-0.9219051289962067
3112,-3.787878787878788,-1.868686868686869,-0.8829699194930366
3113,-3.686868686868687,-1.868686868686869,-0.837016005116866
3114,-3.5858585858585856,-1.868686868686869,-0.7845479268951294
3115,-3.484848484848485,-1.868686868686869,-0.7261226337938808
3116,-3.383838383838384,-1.868686868686869,-0.6623426420843989
3117,-3.282828282828283,-1.868686868686869,-0.5938487403868343
3118,-3.1818181818181817,-1.868686868686869,-0.5213123192140507
3119,-3.080808080808081,-1.868686868686869,-0.4454274078008059
3120,-2.9797979797979797,-1.868686868686869,-0.36690250423029647
3121,-2.878787878787879,-1.868686868686869,-0.28645228737728007
3122,-2.7777777777777777,-1.868686868686869,-0.20478930101072038
3123,-2.676767676767677,-1.868686868686869,-0.12261570159848975
3124,-2.5757575757575757,-1.868686868686869,-0.0406151620172426
3125,-2.474747474747475,-1.868686868686869,0.04055497639473408
3126,-2.3737373737373737,-1.868686868686869,0.12027121105253703
3127,-2.272727272727273,-1.868686868686869,0.1979509523784
3128,-2.1717171717171717,-1.868686868686869,0.27305907293826115
3129,-2.070707070707071,-1.868686868686869,0.34511383907522164
3130,-1.9696969696969697,-1.868686868686869,0.4136921319021714
3131,-1.868686868686869,-1.868686868686869,0.47843386304963
3132,-1.7676767676767677,-1.868686868686869,0.5390454882629285
3133,-1.6666666666666665,-1.868686868686869,0.595302518824156
3134,-1.5656565656565657,-1.868686868686869,0.6470509270969078
3135,-1.4646464646464645,-1.868686868686869,0.6942073388851224
3136,-1.3636363636363638,-1.868686868686869,0.7367579029265824
3137,-1.2626262626262625,-1.868686868686869,0.7747557285900041
3138,-1.1616161616161618,-1.868686868686869,0.8083167894773728
3139,-1.0606060606060606,-1.868686868686869,0.8376142068785737
3140,-0.9595959595959593,-1.868686868686869,0.8628708574682639
3141,-0.858585858585859,-1.868686868686869,0.8843502992866192
3142,-0.7575757575757578,-1.868686868686869,0.9023460834462061
3143,-0.6565656565656566,-1.868686868686869,0.91716961877562
3144,-0.5555555555555554,-1.868686868686869,0.929136881512153
3145,-0.45454545454545503,-1.868686868686869,0.9385544050387088
3146,-0.3535353535353538,-1.868686868686869,0.9457051309556064
3147,-0.2525252525252526,-1.868686868686869,0.9508348305363067
3148,-0.15151515151515138,-1.868686868686869,0.9541398880098124
3149,-0.050505050505050164,-1.868686868686869,0.9557572477530863
3150,0.050505050505050164,-1.868686868686869,0.9557572477530863
3151,0.15151515151515138,-1.868686868686869,0.9541398880098124
3152,0.2525252525252526,-1.868686868686869,0.9508348305363067
3153,0.3535353535353538,-1.868686868686869,0.9457051309556064
3154,0.45454545454545414,-1.868686868686869,0.9385544050387089
3155,0.5555555555555554,-1.868686868686869,0.929136881512153
3156,0.6565656565656566,-1.868686868686869,0.91716961877562
3157,0.7575757575757578,-1.868686868686869,0.9023460834462061
3158,0.8585858585858581,-1.868686868686869,0.8843502992866192
3159,0.9595959595959593,-1.868686868686869,0.8628708574682639
3160,1.0606060606060606,-1.868686868686869,0.8376142068785737
3161,1.1616161616161618,-1.868686868686869,0.8083167894773728
3162,1.262626262626262,-1.868686868686869,0.7747557285900041
3163,1.3636363636363633,-1.868686868686869,0.7367579029265827
3164,1.4646464646464645,-1.868686868686869,0.6942073388851224
3165,1.5656565656565657,-1.868686868686869,0.6470509270969078
3166,1.666666666666667,-1.868686868686869,0.595302518824156
3167,1.7676767676767673,-1.868686868686869,0.5390454882629285
3168,1.8686868686868685,-1.868686868686869,0.47843386304963037
3169,1.9696969696969697,-1.868686868686869,0.4136921319021714
3170,2.070707070707071,-1.868686868686869,0.34511383907522164
3171,2.1717171717171713,-1.868686868686869,0.27305907293826115
3172,2.2727272727272725,-1.868686868686869,0.1979509523784004
3173,2.3737373737373737,-1.868686868686869,0.12027121105253703
3174,2.474747474747475,-1.868686868686869,0.04055497639473408
3175,2.5757575757575752,-1.868686868686869,-0.04061516201724171
3176,2.6767676767676765,-1.868686868686869,-0.12261570159848932
3177,2.7777777777777777,-1.868686868686869,-0.20478930101072038
3178,2.878787878787879,-1.868686868686869,-0.28645228737728007
3179,2.9797979797979792,-1.868686868686869,-0.3669025042302961
3180,3.0808080808080813,-1.868686868686869,-0.4454274078008063
3181,3.1818181818181817,-1.868686868686869,-0.5213123192140507
3182,3.282828282828282,-1.868686868686869,-0.593848740386834
3183,3.383838383838384,-1.868686868686869,-0.6623426420843989
3184,3.4848484848484844,-1.868686868686869,-0.7261226337938804
3185,3.5858585858585865,-1.868686868686869,-0.78454792689513
3186,3.686868686868687,-1.868686868686869,-0.837016005116866
3187,3.787878787878787,-1.868686868686869,-0.8829699194930362
3188,3.8888888888888893,-1.868686868686869,-0.921905128996207
3189,3.9898989898989896,-1.868686868686869,-0.9533758127191232
3190,4.09090909090909,-1.868686868686869,-0.9770005848830537
3191,4.191919191919192,-1.868686868686869,-0.9924675500391376
3192,4.292929292929292,-1.868686868686869,-0.9995386425509948
3193,4.3939393939393945,-1.868686868686869,-0.9980532017469791
3194,4.494949494949495,-1.868686868686869,-0.9879307419430208
3195,4.595959595959595,-1.868686868686869,-0.9691728847884665
3196,4.696969696969697,-1.868686868686869,-0.9418644299975947
3197,4.797979797979798,-1.868686868686869,-0.9061735494131923
3198,4.8989898989899,-1.868686868686869,-0.8623510984162552
3199,5.0,-1.868686868686869,-0.8107290478552426
3200,-5.0,-1.7676767676767677,-0.8304497472442492
3201,-4.898989898989899,-1.7676767676767677,-0.8796089212347119
3202,-4.797979797979798,-1.7676767676767677,-0.9207266632634974
3203,-4.696969696969697,-1.7676767676767677,-0.9534868109731552
3204,-4.595959595959596,-1.7676767676767677,-0.9776564795154251
3205,-4.494949494949495,-1.7676767676767677,-0.9930875147938073
3206,-4.393939393939394,-1.7676767676767677,-0.9997170483265756
3207,-4.292929292929293,-1.7676767676767677,-0.9975671513586649
3208,-4.191919191919192,-1.7676767676767677,-0.9867435951428885
3209,-4.090909090909091,-1.7676767676767677,-0.9674337334988222
3210,-3.9898989898989896,-1.7676767676767677,-0.9399035327469912
3211,-3.888888888888889,-1.7676767676767677,-0.9044937828150851
3212,-3.787878787878788,-1.7676767676767677,-0.8616155316341573
3213,-3.686868686868687,-1.7676767676767677,-0.8117447928038011
3214,-3.5858585858585856,-1.7676767676767677,-0.7554165838301538
3215,-3.484848484848485,-1.7676767676767677,-0.6932183589613021
3216,-3.383838383838384,-1.7676767676767677,-0.6257829067024225
3217,-3.282828282828283,-1.7676767676767677,-0.5537807874399078
3218,-3.1818181818181817,-1.7676767676767677,-0.4779123912045141
3219,-3.080808080808081,-1.7676767676767677,-0.39889969943754916
3220,-2.9797979797979797,-1.7676767676767677,-0.31747783768759924
3221,-2.878787878787879,-1.7676767676767677,-0.23438650847410425
3222,-2.7777777777777777,-1.7676767676767677,-0.15036139514697822
3223,-2.676767676767677,-1.7676767676767677,-0.0661256285135664
3224,-2.5757575757575757,-1.7676767676767677,0.017618591608757672
3225,-2.474747474747475,-1.7676767676767677,0.10019812779309407
3226,-2.3737373737373737,-1.7676767676767677,0.18097669752574685
3227,-2.272727272727273,-1.7676767676767677,0.2593622353494284
3228,-2.1717171717171717,-1.7676767676767677,0.33481373323238717
3229,-2.070707070707071,-1.7676767676767677,0.4068474673491831
3230,-1.9696969696969697,-1.7676767676767677,0.4750425181719768
3231,-1.868686868686869,-1.7676767676767677,0.5390454882629285
3232,-1.7676767676767677,-1.7676767676767677,0.5985743181019862
3233,-1.6666666666666665,-1.7676767676767677,0.6534210944518111
3234,-1.5656565656565657,-1.7676767676767677,0.7034537381368042
3235,-1.4646464646464645,-1.7676767676767677,0.7486164490608928
3236,-1.3636363636363638,-1.7676767676767677,0.7889287767882389
3237,-1.2626262626262625,-1.7676767676767677,0.8244831769532214
3238,-1.1616161616161618,-1.7676767676767677,0.8554409102865579
3239,-1.0606060606060606,-1.7676767676767677,0.8820261468218054
3240,-0.9595959595959593,-1.7676767676767677,0.9045181592267553
3241,-0.858585858585859,-1.7676767676767677,0.9232415339347086
3242,-0.7575757575757578,-1.7676767676767677,0.9385544050387089
3243,-0.6565656565656566,-1.7676767676767677,0.9508348305363068
3244,-0.5555555555555554,-1.7676767676767677,0.9604655858868281
3245,-0.45454545454545503,-1.7676767676767677,0.9678178403479718
3246,-0.3535353535353538,-1.7676767676767677,0.973234390122531
3247,-0.2525252525252526,-1.7676767676767677,0.9770133189589533
3248,-0.15151515151515138,-1.7676767676767677,0.9793931009929506
3249,-0.050505050505050164,-1.7676767676767677,0.9805402089113274
3250,0.050505050505050164,-1.7676767676767677,0.9805402089113274
3251,0.15151515151515138,-1.7676767676767677,0.9793931009929506
3252,0.2525252525252526,-1.7676767676767677,0.9770133189589533
3253,0.3535353535353538,-1.7676767676767677,0.973234390122531
3254,0.45454545454545414,-1.7676767676767677,0.9678178403479719
3255,0.5555555555555554,-1.7676767676767677,0.9604655858868281
3256,0.6565656565656566,-1.7676767676767677,0.9508348305363068
3257,0.7575757575757578,-1.7676767676767677,0.9385544050387089
3258,0.8585858585858581,-1.7676767676767677,0.9232415339347088
3259,0.9595959595959593,-1.7676767676767677,0.9045181592267553
3260,1.0606060606060606,-1.7676767676767677,0.8820261468218054
3261,1.1616161616161618,-1.7676767676767677,0.8554409102865579
3262,1.262626262626262,-1.7676767676767677,0.8244831769532217
3263,1.3636363636363633,-1.7676767676767677,0.7889287767882392
3264,1.4646464646464645,-1.7676767676767677,0.7486164490608928
3265,1.5656565656565657,-1.7676767676767677,0.7034537381368042
3266,1.666666666666667,-1.7676767676767677,0.6534210944518111
3267,1.7676767676767673,-1.7676767676767677,0.5985743181019862
3268,1.8686868686868685,-1.7676767676767677,0.5390454882629285
3269,1.9696969696969697,-1.7676767676767677,0.4750425181719768
3270,2.070707070707071,-1.7676767676767677,0.4068474673491831
3271,2.1717171717171713,-1.7676767676767677,0.3348137332323876
3272,2.2727272727272725,-1.7676767676767677,0.25936223534942926
3273,2.3737373737373737,-1.7676767676767677,0.18097669752574685
3274,2.474747474747475,-1.7676767676767677,0.10019812779309407
3275,2.5757575757575752,-1.7676767676767677,0.017618591608758116
3276,2.6767676767676765,-1.7676767676767677,-0.06612562851356596
3277,2.7777777777777777,-1.7676767676767677,-0.15036139514697822
3278,2.878787878787879,-1.7676767676767677,-0.23438650847410425
3279,2.9797979797979792,-1.7676767676767677,-0.3174778376875988
3280,3.0808080808080813,-1.7676767676767677,-0.39889969943754955
3281,3.1818181818181817,-1.7676767676767677,-0.4779123912045141
3282,3.282828282828282,-1.7676767676767677,-0.5537807874399073
3283,3.383838383838384,-1.7676767676767677,-0.6257829067024225
3284,3.4848484848484844,-1.7676767676767677,-0.6932183589613019
3285,3.5858585858585865,-1.7676767676767677,-0.7554165838301543
3286,3.686868686868687,-1.7676767676767677,-0.8117447928038011
3287,3.787878787878787,-1.7676767676767677,-0.8616155316341568
3288,3.8888888888888893,-1.7676767676767677,-0.9044937828150851
3289,3.9898989898989896,-1.7676767676767677,-0.9399035327469912
3290,4.09090909090909,-1.7676767676767677,-0.967433733498822
3291,4.191919191919192,-1.7676767676767677,-0.9867435951428885
3292,4.292929292929292,-1.7676767676767677,-0.9975671513586648
3293,4.3939393939393945,-1.7676767676767677,-0.9997170483265756
3294,4.494949494949495,-1.7676767676767677,-0.9930875147938073
3295,4.595959595959595,-1.7676767676767677,-0.9776564795154253
3296,4.696969696969697,-1.7676767676767677,-0.9534868109731552
3297,4.797979797979798,-1.7676767676767677,-0.9207266632634974
3298,4.8989898989899,-1.7676767676767677,-0.8796089212347115
3299,5.0,-1.7676767676767677,-0.8304497472442492
3300,-5.0,-1.6666666666666665,-0.8482767165888189
3301,-4.898989898989899,-1.6666666666666665,-0.8950086299302558
3302,-4.797979797979798,-1.6666666666666665,-0.9334717174982258
3303,-4.696969696969697,-1.6666666666666665,-0.9633656055515962
3304,-4.595959595959596,-1.6666666666666665,-0.9844752764825282
3305,-4.494949494949495,-1.6666666666666665,-0.9966724105518008
3306,-4.393939393939394,-1.6666666666666665,-0.9999158112575521
3307,-4.292929292929293,-1.6666666666666665,-0.9942509127545082
3308,-4.191919191919192,-1.6666666666666665,-0.9798083771594854
3309,-4.090909090909091,-1.6666666666666665,-0.9568017988811475
3310,-3.9898989898989896,-1.6666666666666665,-0.9255245422010497
3311,-3.888888888888889,-1.6666666666666665,-0.8863457471150009
3312,-3.787878787878788,-1.6666666666666665,-0.8397055468286128
3313,-3.686868686868687,-1.6666666666666665,-0.7861095482036701
3314,-3.5858585858585856,-1.6666666666666665,-0.7261226337938801
3315,-3.484848484848485,-1.6666666666666665,-0.6603621508187131
3316,-3.383838383838384,-1.6666666666666665,-0.5894905584403817
3317,-3.282828282828283,-1.6666666666666665,-0.5142076099802925
3318,-3.1818181818181817,-1.6666666666666665,-0.4352421511986324
3319,-3.080808080808081,-1.6666666666666665,-0.35334361943995496
3320,-2.9797979797979797,-1.6666666666666665,-0.26927333131150033
3321,-2.878787878787879,-1.6666666666666665,-0.18379564862268152
3322,-2.7777777777777777,-1.6666666666666665,-0.09766911361076017
3323,-2.676767676767677,-1.6666666666666665,-0.011637645075179804
3324,-2.5757575757575757,-1.6666666666666665,0.07357811295840047
3325,-2.474747474747475,-1.6666666666666665,0.1572891988815155
3326,-2.3737373737373737,-1.6666666666666665,0.23884640701449383
3327,-2.272727272727273,-1.6666666666666665,0.3176479372854422
3328,-2.1717171717171717,-1.6666666666666665,0.3931465318111713
3329,-2.070707070707071,-1.6666666666666665,0.4648560088531459
3330,-1.9696969696969697,-1.6666666666666665,0.532357103191943
3331,-1.868686868686869,-1.6666666666666665,0.595302518824156
3332,-1.7676767676767677,-1.6666666666666665,0.6534210944518111
3333,-1.6666666666666665,-1.6666666666666665,0.706520973939051
3334,-1.5656565656565657,-1.6666666666666665,0.7544916623175629
3335,-1.4646464646464645,-1.6666666666666665,0.7973048329154347
3336,-1.3636363636363638,-1.6666666666666665,0.8350137332660064
3337,-1.2626262626262625,-1.6666666666666665,0.8677510181692337
3338,-1.1616161616161618,-1.6666666666666665,0.8957248207716684
3339,-1.0606060606060606,-1.6666666666666665,0.919212862175412
3340,-0.9595959595959593,-1.6666666666666665,0.938554405038709
3341,-0.858585858585859,-1.6666666666666665,0.9541398880098124
3342,-0.7575757575757578,-1.6666666666666665,0.9663981490393871
3343,-0.6565656565656566,-1.6666666666666665,0.9757812701776686
3344,-0.5555555555555554,-1.6666666666666665,0.9827472639276573
3345,-0.45454545454545503,-1.6666666666666665,0.9877410710768538
3346,-0.3535353535353538,-1.6666666666666665,0.9911746346917739
3347,-0.2525252525252526,-1.6666666666666665,0.9934071151979642
3348,-0.15151515151515138,-1.6666666666666665,0.9947265566385105
3349,-0.050505050505050164,-1.6666666666666665,0.9953344329155889
3350,0.050505050505050164,-1.6666666666666665,0.9953344329155889
3351,0.15151515151515138,-1.6666666666666665,0.9947265566385105
3352,0.2525252525252526,-1.6666666666666665,0.9934071151979642
3353,0.3535353535353538,-1.6666666666666665,0.9911746346917739
3354,0.45454545454545414,-1.6666666666666665,0.9877410710768539
3355,0.5555555555555554,-1.6666666666666665,0.9827472639276573
3356,0.6565656565656566,-1.6666666666666665,0.9757812701776686
3357,0.7575757575757578,-1.6666666666666665,0.9663981490393871
3358,0.8585858585858581,-1.6666666666666665,0.9541398880098126
3359,0.9595959595959593,-1.6666666666666665,0.938554405038709
3360,1.0606060606060606,-1.6666666666666665,0.919212862175412
3361,1.1616161616161618,-1.6666666666666665,0.8957248207716684
3362,1.262626262626262,-1.6666666666666665,0.867751018169234
3363,1.3636363636363633,-1.6666666666666665,0.8350137332660066
3364,1.4646464646464645,-1.6666666666666665,0.7973048329154347
3365,1.5656565656565657,-1.6666666666666665,0.7544916623175629
3366,1.666666666666667,-1.6666666666666665,0.7065209739390507
3367,1.7676767676767673,-1.6666666666666665,0.6534210944518113
3368,1.8686868686868685,-1.6666666666666665,0.5953025188241563
3369,1.9696969696969697,-1.6666666666666665,0.532357103191943
3370,2.070707070707071,-1.6666666666666665,0.4648560088531459
3371,2.1717171717171713,-1.6666666666666665,0.39314653181117176
3372,2.2727272727272725,-1.6666666666666665,0.31764793728544305
3373,2.3737373737373737,-1.6666666666666665,0.23884640701449383
3374,2.474747474747475,-1.6666666666666665,0.1572891988815155
3375,2.5757575757575752,-1.6666666666666665,0.07357811295840092
3376,2.6767676767676765,-1.6666666666666665,-0.01163764507517936
3377,2.7777777777777777,-1.6666666666666665,-0.09766911361076017
3378,2.878787878787879,-1.6666666666666665,-0.18379564862268152
3379,2.9797979797979792,-1.6666666666666665,-0.26927333131150033
3380,3.0808080808080813,-1.6666666666666665,-0.3533436194399554
3381,3.1818181818181817,-1.6666666666666665,-0.4352421511986324
3382,3.282828282828282,-1.6666666666666665,-0.5142076099802917
3383,3.383838383838384,-1.6666666666666665,-0.5894905584403817
3384,3.4848484848484844,-1.6666666666666665,-0.6603621508187127
3385,3.5858585858585865,-1.6666666666666665,-0.7261226337938808
3386,3.686868686868687,-1.6666666666666665,-0.7861095482036701
3387,3.787878787878787,-1.6666666666666665,-0.8397055468286123
3388,3.8888888888888893,-1.6666666666666665,-0.8863457471150009
3389,3.9898989898989896,-1.6666666666666665,-0.9255245422010497
3390,4.09090909090909,-1.6666666666666665,-0.9568017988811471
3391,4.191919191919192,-1.6666666666666665,-0.9798083771594854
3392,4.292929292929292,-1.6666666666666665,-0.9942509127545082
3393,4.3939393939393945,-1.6666666666666665,-0.9999158112575521
3394,4.494949494949495,-1.6666666666666665,-0.9966724105518008
3395,4.595959595959595,-1.6666666666666665,-0.9844752764825283
3396,4.696969696969697,-1.6666666666666665,-0.9633656055515962
3397,4.797979797979798,-1.6666666666666665,-0.9334717174982258
3398,4.8989898989899,-1.6666666666666665,-0.8950086299302558
3399,5.0,-1.6666666666666665,-0.8482767165888189
3400,-5.0,-1.5656565656565657,-0.8643157734160597
3401,-4.898989898989899,-1.5656565656565657,-0.9086729766131123
3402,-4.797979797979798,-1.5656565656565657,-0.9445484806801779
3403,-4.696969696969697,-1.5656565656565657,-0.9716575625006715
3404,-4.595959595959596,-1.5656565656565657,-0.9898028455923362
3405,-4.494949494949495,-1.5656565656565657,-0.9988755343117245
3406,-4.393939393939394,-1.5656565656565657,-0.9988557146703905
3407,-4.292929292929293,-1.5656565656565657,-0.9898117209555578
3408,-4.191919191919192,-1.5656565656565657,-0.9718985768881023
3409,-4.090909090909091,-1.5656565656565657,-0.9453555294622585
3410,-3.9898989898989896,-1.5656565656565657,-0.9105027027956648
3411,-3.888888888888889,-1.5656565656565657,-0.8677369081789432
3412,-3.787878787878788,-1.5656565656565657,-0.8175266549583122
3413,-3.686868686868687,-1.5656565656565657,-0.760406414825002
3414,-3.5858585858585856,-1.5656565656565657,-0.6969701994396564
3415,-3.484848484848485,-1.5656565656565657,-0.6278645180140038
3416,-3.383838383838384,-1.5656565656565657,-0.5537807874399081
3417,-3.282828282828283,-1.5656565656565657,-0.4754472727418392
3418,-3.1818181818181817,-1.5656565656565657,-0.3936206399888849
3419,-3.080808080808081,-1.5656565656565657,-0.3090772073069472
3420,-2.9797979797979797,-1.5656565656565657,-0.22260398226742456
3421,-2.878787878787879,-1.5656565656565657,-0.1349895757022077
3422,-2.7777777777777777,-1.5656565656565657,-0.04701508293690346
3423,-2.676767676767677,-1.5656565656565657,0.04055497639473408
3424,-2.5757575757575757,-1.5656565656565657,0.126981569295206
3425,-2.474747474747475,-1.5656565656565657,0.21155982148061256
3426,-2.3737373737373737,-1.5656565656565657,0.2936273623299583
3427,-2.272727272727273,-1.5656565656565657,0.37257225586861936
3428,-2.1717171717171717,-1.5656565656565657,0.4478404320684172
3429,-2.070707070707071,-1.5656565656565657,0.5189425330943092
3430,-1.9696969696969697,-1.5656565656565657,0.5854600881062092
3431,-1.868686868686869,-1.5656565656565657,0.6470509270969078
3432,-1.7676767676767677,-1.5656565656565657,0.7034537381368042
3433,-1.6666666666666665,-1.5656565656565657,0.7544916623175629
3434,-1.5656565656565657,-1.5656565656565657,0.800074805632035
3435,-1.4646464646464645,-1.5656565656565657,0.8402015261475367
3436,-1.3636363636363638,-1.5656565656565657,0.8749583277608791
3437,-1.2626262626262625,-1.5656565656565657,0.904518159226755
3438,-1.1616161616161618,-1.5656565656565657,0.929136881512153
3439,-1.0606060606060606,-1.5656565656565657,0.9491476332368035
3440,-0.9595959595959593,-1.5656565656565657,0.9649528025452845
3441,-0.858585858585859,-1.5656565656565657,0.9770133189589532
3442,-0.7575757575757578,-1.5656565656565657,0.9858350307077214
3443,-0.6565656565656566,-1.5656565656565657,0.9919520554724224
3444,-0.5555555555555554,-1.5656565656565657,0.9959072075987283
3445,-0.45454545454545503,-1.5656565656565657,0.998229924076465
3446,-0.3535353535353538,-1.5656565656565657,0.9994125227529366
3447,-0.2525252525252526,-1.5656565656565657,0.9998860812913046
3448,-0.15151515151515138,-1.5656565656565657,0.9999976357061501
3449,-0.050505050505050164,-1.5656565656565657,0.9999906455786104
3450,0.050505050505050164,-1.5656565656565657,0.9999906455786104
3451,0.15151515151515138,-1.5656565656565657,0.9999976357061501
3452,0.2525252525252526,-1.5656565656565657,0.9998860812913046
3453,0.3535353535353538,-1.5656565656565657,0.9994125227529366
3454,0.45454545454545414,-1.5656565656565657,0.998229924076465
3455,0.5555555555555554,-1.5656565656565657,0.9959072075987283
3456,0.6565656565656566,-1.5656565656565657,0.9919520554724224
3457,0.7575757575757578,-1.5656565656565657,0.9858350307077214
3458,0.8585858585858581,-1.5656565656565657,0.9770133189589533
3459,0.9595959595959593,-1.5656565656565657,0.9649528025452845
3460,1.0606060606060606,-1.5656565656565657,0.9491476332368035
3461,1.1616161616161618,-1.5656565656565657,0.929136881512153
3462,1.262626262626262,-1.5656565656565657,0.9045181592267553
3463,1.3636363636363633,-1.5656565656565657,0.8749583277608791
3464,1.4646464646464645,-1.5656565656565657,0.8402015261475367
3465,1.5656565656565657,-1.5656565656565657,0.800074805632035
3466,1.666666666666667,-1.5656565656565657,0.7544916623175629
3467,1.7676767676767673,-1.5656565656565657,0.7034537381368046
3468,1.8686868686868685,-1.5656565656565657,0.6470509270969081
3469,1.9696969696969697,-1.5656565656565657,0.5854600881062092
3470,2.070707070707071,-1.5656565656565657,0.5189425330943092
3471,2.1717171717171713,-1.5656565656565657,0.4478404320684172
3472,2.2727272727272725,-1.5656565656565657,0.37257225586861975
3473,2.3737373737373737,-1.5656565656565657,0.2936273623299583
3474,2.474747474747475,-1.5656565656565657,0.21155982148061256
3475,2.5757575757575752,-1.5656565656565657,0.126981569295206
3476,2.6767676767676765,-1.5656565656565657,0.04055497639473452
3477,2.7777777777777777,-1.5656565656565657,-0.04701508293690346
3478,2.878787878787879,-1.5656565656565657,-0.1349895757022077
3479,2.9797979797979792,-1.5656565656565657,-0.22260398226742456
3480,3.0808080808080813,-1.5656565656565657,-0.30907720730694804
3481,3.1818181818181817,-1.5656565656565657,-0.3936206399888849
3482,3.282828282828282,-1.5656565656565657,-0.47544727274183796
3483,3.383838383838384,-1.5656565656565657,-0.5537807874399081
3484,3.4848484848484844,-1.5656565656565657,-0.6278645180140034
3485,3.5858585858585865,-1.5656565656565657,-0.6969701994396571
3486,3.686868686868687,-1.5656565656565657,-0.760406414825002
3487,3.787878787878787,-1.5656565656565657,-0.8175266549583117
3488,3.8888888888888893,-1.5656565656565657,-0.8677369081789437
3489,3.9898989898989896,-1.5656565656565657,-0.9105027027956648
3490,4.09090909090909,-1.5656565656565657,-0.9453555294622582
3491,4.191919191919192,-1.5656565656565657,-0.9718985768881023
3492,4.292929292929292,-1.5656565656565657,-0.9898117209555577
3493,4.3939393939393945,-1.5656565656565657,-0.9988557146703906
3494,4.494949494949495,-1.5656565656565657,-0.9988755343117245
3495,4.595959595959595,-1.5656565656565657,-0.9898028455923362
3496,4.696969696969697,-1.5656565656565657,-0.9716575625006715
3497,4.797979797979798,-1.5656565656565657,-0.9445484806801779
3498,4.8989898989899,-1.5656565656565657,-0.9086729766131123
3499,5.0,-1.5656565656565657,-0.8643157734160597
3500,-5.0,-1.4646464646464645,-0.8786754924462941
3501,-4.898989898989899,-1.4646464646464645,-0.9207266632634974
3502,-4.797979797979798,-1.4646464646464645,-0.9540977955602128
3503,-4.696969696969697,-1.4646464646464645,-0.9785195603345841
3504,-4.595959595959596,-1.4646464646464645,-0.9938118728461994
3505,-4.494949494949495,-1.4646464646464645,-0.9998850238697976
3506,-4.393939393939394,-1.4646464646464645,-0.996739861551052
3507,-4.292929292929293,-1.4646464646464645,-0.9844670238196906
3508,-4.191919191919192,-1.4646464646464645,-0.9632452309720156
3509,-4.090909090909091,-1.4646464646464645,-0.9333386575518058
3510,-3.9898989898989896,-1.4646464646464645,-0.8950934119345998
3511,-3.888888888888889,-1.4646464646464645,-0.8489331609568637
3512,-3.787878787878788,-1.4646464646464645,-0.795353945433275
3513,-3.686868686868687,-1.4646464646464645,-0.7349182403817048
3514,-3.5858585858585856,-1.4646464646464645,-0.6682483211412078
3515,-3.484848484848485,-1.4646464646464645,-0.5960190032452464
3516,-3.383838383838384,-1.4646464646464645,-0.5189498298299887
3517,-3.282828282828283,-1.4646464646464645,-0.43779678545491146
3518,-3.1818181818181817,-1.4646464646464645,-0.35334361943995496
3519,-3.080808080808081,-1.4646464646464645,-0.26639286514295024
3520,-2.9797979797979797,-1.4646464646464645,-0.1777566439909828
3521,-2.878787878787879,-1.4646464646464645,-0.08824734453638139
3522,-2.7777777777777777,-1.4646464646464645,0.0013317326487153234
3523,-2.676767676767677,-1.4646464646464645,0.09019567374786475
3524,-2.5757575757575757,-1.4646464646464645,0.1775871047590538
3525,-2.474747474747475,-1.4646464646464645,0.2627851112048608
3526,-2.3737373737373737,-1.4646464646464645,0.34511383907522203
3527,-2.272727272727273,-1.4646464646464645,0.4239506939811269
3528,-2.1717171717171717,-1.4646464646464645,0.4987340576993589
3529,-2.070707070707071,-1.4646464646464645,0.5689704427772956
3530,-1.9696969696969697,-1.4646464646464645,0.6342410059496889
3531,-1.868686868686869,-1.4646464646464645,0.6942073388851224
3532,-1.7676767676767677,-1.4646464646464645,0.7486164490608928
3533,-1.6666666666666665,-1.4646464646464645,0.7973048329154347
3534,-1.5656565656565657,-1.4646464646464645,0.8402015261475367
3535,-1.4646464646464645,-1.4646464646464645,0.8773299902864613
3536,-1.3636363636363638,-1.4646464646464645,0.9088086587673829
3537,-1.2626262626262625,-1.4646464646464645,0.9348499187648573
3538,-1.1616161616161618,-1.4646464646464645,0.9557572477530863
3539,-1.0606060606060606,-1.4646464646464645,0.971920160274932
3540,-0.9595959595959593,-1.4646464646464645,0.9838065603012427
3541,-0.858585858585859,-1.4646464646464645,0.9919520554724224
3542,-0.7575757575757578,-1.4646464646464645,0.9969457991875079
3543,-0.6565656565656566,-1.4646464646464645,0.9994125227529366
3544,-0.5555555555555554,-1.4646464646464645,0.9999906455786104
3545,-0.45454545454545503,-1.4646464646464645,0.9993067420904798
3546,-0.3535353535353538,-1.4646464646464645,0.9979472057268537
3547,-0.2525252525252526,-1.4646464646464645,0.996428633397451
3548,-0.15151515151515138,-1.4646464646464645,0.99516913362206
3549,-0.050505050505050164,-1.4646464646464645,0.9944632466815394
3550,0.050505050505050164,-1.4646464646464645,0.9944632466815394
3551,0.15151515151515138,-1.4646464646464645,0.99516913362206
3552,0.2525252525252526,-1.4646464646464645,0.996428633397451
3553,0.3535353535353538,-1.4646464646464645,0.9979472057268537
3554,0.45454545454545414,-1.4646464646464645,0.9993067420904798
3555,0.5555555555555554,-1.4646464646464645,0.9999906455786104
3556,0.6565656565656566,-1.4646464646464645,0.9994125227529366
3557,0.7575757575757578,-1.4646464646464645,0.9969457991875079
3558,0.8585858585858581,-1.4646464646464645,0.9919520554724225
3559,0.9595959595959593,-1.4646464646464645,0.9838065603012427
3560,1.0606060606060606,-1.4646464646464645,0.971920160274932
3561,1.1616161616161618,-1.4646464646464645,0.9557572477530863
3562,1.262626262626262,-1.4646464646464645,0.9348499187648573
3563,1.3636363636363633,-1.4646464646464645,0.908808658767383
3564,1.4646464646464645,-1.4646464646464645,0.8773299902864613
3565,1.5656565656565657,-1.4646464646464645,0.8402015261475367
3566,1.666666666666667,-1.4646464646464645,0.7973048329154347
3567,1.7676767676767673,-1.4646464646464645,0.7486164490608931
3568,1.8686868686868685,-1.4646464646464645,0.6942073388851228
3569,1.9696969696969697,-1.4646464646464645,0.6342410059496889
3570,2.070707070707071,-1.4646464646464645,0.5689704427772956
3571,2.1717171717171713,-1.4646464646464645,0.4987340576993593
3572,2.2727272727272725,-1.4646464646464645,0.4239506939811273
3573,2.3737373737373737,-1.4646464646464645,0.34511383907522203
3574,2.474747474747475,-1.4646464646464645,0.2627851112048608
3575,2.5757575757575752,-1.4646464646464645,0.1775871047590542
3576,2.6767676767676765,-1.4646464646464645,0.09019567374786519
3577,2.7777777777777777,-1.4646464646464645,0.0013317326487153234
3578,2.878787878787879,-1.4646464646464645,-0.08824734453638139
3579,2.9797979797979792,-1.4646464646464645,-0.1777566439909828
3580,3.0808080808080813,-1.4646464646464645,-0.2663928651429507
3581,3.1818181818181817,-1.4646464646464645,-0.35334361943995496
3582,3.282828282828282,-1.4646464646464645,-0.43779678545491024
3583,3.383838383838384,-1.4646464646464645,-0.5189498298299887
3584,3.4848484848484844,-1.4646464646464645,-0.596019003245246
3585,3.5858585858585865,-1.4646464646464645,-0.6682483211412085
3586,3.686868686868687,-1.4646464646464645,-0.7349182403817048
3587,3.787878787878787,-1.4646464646464645,-0.7953539454332744
3588,3.8888888888888893,-1.4646464646464645,-0.8489331609568637
3589,3.9898989898989896,-1.4646464646464645,-0.8950934119345998
3590,4.09090909090909,-1.4646464646464645,-0.9333386575518055
3591,4.191919191919192,-1.4646464646464645,-0.9632452309720156
3592,4.292929292929292,-1.4646464646464645,-0.9844670238196906
3593,4.3939393939393945,-1.4646464646464645,-0.9967398615510521
3594,4.494949494949495,-1.4646464646464645,-0.9998850238697976
3595,4.595959595959595,-1.4646464646464645,-0.9938118728461995
3596,4.696969696969697,-1.4646464646464645,-0.9785195603345841
3597,4.797979797979798,-1.4646464646464645,-0.9540977955602128
3598,4.8989898989899,-1.4646464646464645,-0.9207266632634971
3599,5.0,-1.4646464646464645,-0.8786754924462941
3600,-5.0,-1.3636363636363638,-0.8914656465988168
3601,-4.898989898989899,-1.3636363636363638,-0.9312947232473664
3602,-4.797979797979798,-1.3636363636363638,-0.9622599083643031
3603,-4.696969696969697,-1.3636363636363638,-0.9841068925297002
3604,-4.595959595959596,-1.3636363636363638,-0.9966724105518008
3605,-4.494949494949495,-1.3636363636363638,-0.9998852748963828
3606,-4.393939393939394,-1.3636363636363638,-0.9937664447599296
3607,-4.292929292929293,-1.3636363636363638,-0.9784281314902453
3608,-4.191919191919192,-1.3636363636363638,-0.9540719508276324
3609,-4.090909090909091,-1.3636363636363638,-0.9209861420588347
3610,-3.9898989898989896,-1.3636363636363638,-0.8795418835415972
3611,-3.888888888888889,-1.3636363636363638,-0.8301887430690369
3612,-3.787878787878788,-1.3636363636363638,-0.7734493101022965
3613,-3.686868686868687,-1.3636363636363638,-0.7099130649136228
3614,-3.5858585858585856,-1.3636363636363638,-0.6402295470615695
3615,-3.484848484848485,-1.3636363636363638,-0.5651008922831695
3616,-3.383838383838384,-1.3636363636363638,-0.48527381275951553
3617,-3.282828282828283,-1.3636363636363638,-0.40153110072434167
3618,-3.1818181818181817,-1.3636363636363638,-0.3146827394826704
3619,-3.080808080808081,-1.3636363636363638,-0.2255567090423229
3620,-2.9797979797979797,-1.3636363636363638,-0.13498957570220727
3621,-2.878787878787879,-1.3636363636363638,-0.043816956070878196
3622,-2.7777777777777777,-1.3636363636363638,0.047136053890192674
3623,-2.676767676767677,-1.3636363636363638,0.13706439506380047
3624,-2.5757575757575757,-1.3636363636363638,0.22519241865898335
3625,-2.474747474747475,-1.3636363636363638,0.3107830316155232
3626,-2.3737373737373737,-1.3636363636363638,0.3931465318111713
3627,-2.272727272727273,-1.3636363636363638,0.4716490545952028
3628,-2.1717171717171717,-1.3636363636363638,0.5457205558540152
3629,-2.070707070707071,-1.3636363636363638,0.6148622600152872
3630,-1.9696969696969697,-1.3636363636363638,0.6786535033814994
3631,-1.868686868686869,-1.3636363636363638,0.7367579029265824
3632,-1.7676767676767677,-1.3636363636363638,0.7889287767882389
3633,-1.6666666666666665,-1.3636363636363638,0.8350137332660064
3634,-1.5656565656565657,-1.3636363636363638,0.8749583277608791
3635,-1.4646464646464645,-1.3636363636363638,0.9088086587673829
3636,-1.3636363636363638,-1.3636363636363638,0.9367127313301619
3637,-1.2626262626262625,-1.3636363636363638,0.9589203559214354
3638,-1.1616161616161618,-1.3636363636363638,0.9757812701776685
3639,-1.0606060606060606,-1.3636363636363638,0.9877410710768538
3640,-0.9595959595959593,-1.3636363636363638,0.9953344329155889
3641,-0.858585858585859,-1.3636363636363638,0.9991749797145068
3642,-0.7575757575757578,-1.3636363636363638,0.9999411136536174
3643,-0.6565656565656566,-1.3636363636363638,0.9983571286024153
3644,-0.5555555555555554,-1.3636363636363638,0.99516913362206
3645,-0.45454545454545503,-1.3636363636363638,0.9911157543485511
3646,-0.3535353535353538,-1.3636363636363638,0.9868943211192435
3647,-0.2525252525252526,-1.3636363636363638,0.9831242624908019
3648,-0.15151515151515138,-1.3636363636363638,0.9803105401976915
3649,-0.050505050505050164,-1.3636363636363638,0.9788108791925219
3650,0.050505050505050164,-1.3636363636363638,0.9788108791925219
3651,0.15151515151515138,-1.3636363636363638,0.9803105401976915
3652,0.2525252525252526,-1.3636363636363638,0.9831242624908019
3653,0.3535353535353538,-1.3636363636363638,0.9868943211192435
3654,0.45454545454545414,-1.3636363636363638,0.991115754348551
3655,0.5555555555555554,-1.3636363636363638,0.99516913362206
3656,0.6565656565656566,-1.3636363636363638,0.9983571286024153
3657,0.7575757575757578,-1.3636363636363638,0.9999411136536174
3658,0.8585858585858581,-1.3636363636363638,0.9991749797145068
3659,0.9595959595959593,-1.3636363636363638,0.9953344329155889
3660,1.0606060606060606,-1.3636363636363638,0.9877410710768538
3661,1.1616161616161618,-1.3636363636363638,0.9757812701776685
3662,1.262626262626262,-1.3636363636363638,0.9589203559214355
3663,1.3636363636363633,-1.3636363636363638,0.936712731330162
3664,1.4646464646464645,-1.3636363636363638,0.9088086587673829
3665,1.5656565656565657,-1.3636363636363638,0.8749583277608791
3666,1.666666666666667,-1.3636363636363638,0.8350137332660061
3667,1.7676767676767673,-1.3636363636363638,0.7889287767882392
3668,1.8686868686868685,-1.3636363636363638,0.7367579029265827
3669,1.9696969696969697,-1.3636363636363638,0.6786535033814994
3670,2.070707070707071,-1.3636363636363638,0.6148622600152872
3671,2.1717171717171713,-1.3636363636363638,0.5457205558540157
3672,2.2727272727272725,-1.3636363636363638,0.47164905459520323
3673,2.3737373737373737,-1.3636363636363638,0.3931465318111713
3674,2.474747474747475,-1.3636363636363638,0.3107830316155232
3675,2.5757575757575752,-1.3636363636363638,0.2251924186589838
3676,2.6767676767676765,-1.3636363636363638,0.13706439506380047
3677,2.7777777777777777,-1.3636363636363638,0.047136053890192674
3678,2.878787878787879,-1.3636363636363638,-0.043816956070878196
3679,2.9797979797979792,-1.3636363636363638,-0.13498957570220682
3680,3.0808080808080813,-1.3636363636363638,-0.2255567090423233
3681,3.1818181818181817,-1.3636363636363638,-0.3146827394826704
3682,3.282828282828282,-1.3636363636363638,-0.4015311007243413
3683,3.383838383838384,-1.3636363636363638,-0.48527381275951553
3684,3.4848484848484844,-1.3636363636363638,-0.5651008922831692
3685,3.5858585858585865,-1.3636363636363638,-0.6402295470615703
3686,3.686868686868687,-1.3636363636363638,-0.7099130649136228
3687,3.787878787878787,-1.3636363636363638,-0.7734493101022959
3688,3.8888888888888893,-1.3636363636363638,-0.8301887430690369
3689,3.9898989898989896,-1.3636363636363638,-0.8795418835415972
3690,4.09090909090909,-1.3636363636363638,-0.9209861420588343
3691,4.191919191919192,-1.3636363636363638,-0.9540719508276324
3692,4.292929292929292,-1.3636363636363638,-0.9784281314902452
3693,4.3939393939393945,-1.3636363636363638,-0.9937664447599298
3694,4.494949494949495,-1.3636363636363638,-0.9998852748963828
3695,4.595959595959595,-1.3636363636363638,-0.9966724105518009
3696,4.696969696969697,-1.3636363636363638,-0.9841068925297002
3697,4.797979797979798,-1.3636363636363638,-0.9622599083643031
3698,4.8989898989899,-1.3636363636363638,-0.9312947232473661
3699,5.0,-1.3636363636363638,-0.8914656465988168
3700,-5.0,-1.2626262626262625,-0.9027957141214787
3701,-4.898989898989899,-1.2626262626262625,-0.9405009789159292
3702,-4.797979797979798,-1.2626262626262625,-0.9691728847884663
3703,-4.696969696969697,-1.2626262626262625,-0.988571650785519
3704,-4.595959595959596,-1.2626262626262625,-0.9985502376844227
3705,-4.494949494949495,-1.2626262626262625,-0.9990552892099203
3706,-4.393939393939394,-1.2626262626262625,-0.9901270950187028
3707,-4.292929292929293,-1.2626262626262625,-0.9718985768881023
3708,-4.191919191919192,-1.2626262626262625,-0.9445933094235464
3709,-4.090909090909091,-1.2626262626262625,-0.9085225963181351
3710,-3.9898989898989896,-1.2626262626262625,-0.864081632651776
3711,-3.888888888888889,-1.2626262626262625,-0.8117447928038011
3712,-3.787878787878788,-1.2626262626262625,-0.7520600921717986
3713,-3.686868686868687,-1.2626262626262625,-0.6856428789442476
3714,-3.5858585858585856,-1.2626262626262625,-0.6131688195738019
3715,-3.484848484848485,-1.2626262626262625,-0.5353662482554606
3716,-3.383838383838384,-1.2626262626262625,-0.45300795654952697
3717,-3.282828282828283,-1.2626262626262625,-0.36690250423029647
3718,-3.1818181818181817,-1.2626262626262625,-0.27788513642296225
3719,-3.080808080808081,-1.2626262626262625,-0.18680839505760696
3720,-2.9797979797979797,-1.2626262626262625,-0.09453251457499848
3721,-2.878787878787879,-1.2626262626262625,-0.0019156926314955805
3722,-2.7777777777777777,-1.2626262626262625,0.09019567374786475
3723,-2.676767676767677,-1.2626262626262625,0.18097669752574644
3724,-2.5757575757575757,-1.2626262626262625,0.26963356996282234
3725,-2.474747474747475,-1.2626262626262625,0.355412904828242
3726,-2.3737373737373737,-1.2626262626262625,0.43761077985651287
3727,-2.272727272727273,-1.2626262626262625,0.5155814019033523
3728,-2.1717171717171717,-1.2626262626262625,0.5887453277642568
3729,-2.070707070707071,-1.2626262626262625,0.6565971780735367
3730,-1.9696969696969697,-1.2626262626262625,0.7187127864025254
3731,-1.868686868686869,-1.2626262626262625,0.7747557285900041
3732,-1.7676767676767677,-1.2626262626262625,0.8244831769532214
3733,-1.6666666666666665,-1.2626262626262625,0.8677510181692337
3734,-1.5656565656565657,-1.2626262626262625,0.904518159226755
3735,-1.4646464646464645,-1.2626262626262625,0.9348499187648573
3736,-1.3636363636363638,-1.2626262626262625,0.9589203559214354
3737,-1.2626262626262625,-1.2626262626262625,0.9770133189589533
3738,-1.1616161616161618,-1.2626262626262625,0.9895218944476931
3739,-1.0606060606060606,-1.2626262626262625,0.9969457991875079
3740,-0.9595959595959593,-1.2626262626262625,0.9998860812913047
3741,-0.858585858585859,-1.2626262626262625,0.9990362962661947
3742,-0.7575757575757578,-1.2626262626262625,0.99516913362206
3743,-0.6565656565656566,-1.2626262626262625,0.9891173598137804
3744,-0.5555555555555554,-1.2626262626262625,0.9817480282907897
3745,-0.45454545454545503,-1.2626262626262625,0.973929337268268
3746,-0.3535353535353538,-1.2626262626262625,0.9664904344370984
3747,-0.2525252525252526,-1.2626262626262625,0.960175922457289
3748,-0.15151515151515138,-1.2626262626262625,0.955598637856862
3749,-0.050505050505050164,-1.2626262626262625,0.9531959837542944
3750,0.050505050505050164,-1.2626262626262625,0.9531959837542944
3751,0.15151515151515138,-1.2626262626262625,0.955598637856862
3752,0.2525252525252526,-1.2626262626262625,0.960175922457289
3753,0.3535353535353538,-1.2626262626262625,0.9664904344370984
3754,0.45454545454545414,-1.2626262626262625,0.973929337268268
3755,0.5555555555555554,-1.2626262626262625,0.9817480282907897
3756,0.6565656565656566,-1.2626262626262625,0.9891173598137804
3757,0.7575757575757578,-1.2626262626262625,0.99516913362206
3758,0.8585858585858581,-1.2626262626262625,0.9990362962661947
3759,0.9595959595959593,-1.2626262626262625,0.9998860812913047
3760,1.0606060606060606,-1.2626262626262625,0.9969457991875079
3761,1.1616161616161618,-1.2626262626262625,0.9895218944476931
3762,1.262626262626262,-1.2626262626262625,0.9770133189589534
3763,1.3636363636363633,-1.2626262626262625,0.9589203559214355
3764,1.4646464646464645,-1.2626262626262625,0.9348499187648573
3765,1.5656565656565657,-1.2626262626262625,0.904518159226755
3766,1.666666666666667,-1.2626262626262625,0.8677510181692337
3767,1.7676767676767673,-1.2626262626262625,0.8244831769532217
3768,1.8686868686868685,-1.2626262626262625,0.7747557285900041
3769,1.9696969696969697,-1.2626262626262625,0.7187127864025254
3770,2.070707070707071,-1.2626262626262625,0.6565971780735367
3771,2.1717171717171713,-1.2626262626262625,0.5887453277642568
3772,2.2727272727272725,-1.2626262626262625,0.5155814019033528
3773,2.3737373737373737,-1.2626262626262625,0.43761077985651287
3774,2.474747474747475,-1.2626262626262625,0.355412904828242
3775,2.5757575757575752,-1.2626262626262625,0.2696335699628228
3776,2.6767676767676765,-1.2626262626262625,0.18097669752574685
3777,2.7777777777777777,-1.2626262626262625,0.09019567374786475
3778,2.878787878787879,-1.2626262626262625,-0.0019156926314955805
3779,2.9797979797979792,-1.2626262626262625,-0.09453251457499848
3780,3.0808080808080813,-1.2626262626262625,-0.1868083950576074
3781,3.1818181818181817,-1.2626262626262625,-0.27788513642296225
3782,3.282828282828282,-1.2626262626262625,-0.36690250423029563
3783,3.383838383838384,-1.2626262626262625,-0.45300795654952697
3784,3.4848484848484844,-1.2626262626262625,-0.5353662482554602
3785,3.5858585858585865,-1.2626262626262625,-0.613168819573803
3786,3.686868686868687,-1.2626262626262625,-0.6856428789442476
3787,3.787878787878787,-1.2626262626262625,-0.752060092171798
3788,3.8888888888888893,-1.2626262626262625,-0.8117447928038016
3789,3.9898989898989896,-1.2626262626262625,-0.864081632651776
3790,4.09090909090909,-1.2626262626262625,-0.9085225963181347
3791,4.191919191919192,-1.2626262626262625,-0.9445933094235464
3792,4.292929292929292,-1.2626262626262625,-0.9718985768881022
3793,4.3939393939393945,-1.2626262626262625,-0.9901270950187029
3794,4.494949494949495,-1.2626262626262625,-0.9990552892099203
3795,4.595959595959595,-1.2626262626262625,-0.9985502376844227
3796,4.696969696969697,-1.2626262626262625,-0.988571650785519
3797,4.797979797979798,-1.2626262626262625,-0.9691728847884663
3798,4.8989898989899,-1.2626262626262625,-0.9405009789159289
3799,5.0,-1.2626262626262625,-0.9027957141214787
3800,-5.0,-1.1616161616161618,-0.912773461152981
3801,-4.898989898989899,-1.1616161616161618,-0.9484665840494718
3802,-4.797979797979798,-1.1616161616161618,-0.9749711207858139
3803,-4.696969696969697,-1.1616161616161618,-0.9920612136026401
3804,-4.595959595959596,-1.1616161616161618,-0.9996053367169558
3805,-4.494949494949495,-1.1616161616161618,-0.9975671513586649
3806,-4.393939393939394,-1.1616161616161618,-0.9860053698044744
3807,-4.292929292929293,-1.1616161616161618,-0.965072630558985
3808,-4.191919191919192,-1.1616161616161618,-0.9350133968168901
3809,-4.090909090909091,-1.1616161616161618,-0.896160900156508
3810,-3.9898989898989896,-1.1616161616161618,-0.8489331609568632
3811,-3.888888888888889,-1.1616161616161618,-0.7938281261934981
3812,-3.787878787878788,-1.1616161616161618,-0.7314179739500141
3813,-3.686868686868687,-1.1616161616161618,-0.6623426420843989
3814,-3.5858585858585856,-1.1616161616161618,-0.5873026459169134
3815,-3.484848484848485,-1.1616161616161618,-0.5070512564700415
3816,-3.383838383838384,-1.1616161616161618,-0.422386116606322
3817,-3.282828282828283,-1.1616161616161618,-0.3341403772983079
3818,-3.1818181818181817,-1.1616161616161618,-0.24317344015414893
3819,-3.080808080808081,-1.1616161616161618,-0.15036139514697822
3820,-2.9797979797979797,-1.1616161616161618,-0.05658724419823886
3821,-2.878787878787879,-1.1616161616161618,0.03726899820551109
3822,-2.7777777777777777,-1.1616161616161618,0.13034023686607468
3823,-2.676767676767677,-1.1616161616161618,0.22178217162493222
3824,-2.5757575757575757,-1.1616161616161618,0.3107830316155232
3825,-2.474747474747475,-1.1616161616161618,0.3965730870339652
3826,-2.3737373737373737,-1.1616161616161618,0.47843386304963037
3827,-2.272727272727273,-1.1616161616161618,0.5557069871647125
3828,-2.1717171717171717,-1.1616161616161618,0.6278026089087384
3829,-2.070707070707071,-1.1616161616161618,0.6942073388851224
3830,-1.9696969696969697,-1.1616161616161618,0.7544916623175629
3831,-1.868686868686869,-1.1616161616161618,0.8083167894773728
3832,-1.7676767676767677,-1.1616161616161618,0.8554409102865579
3833,-1.6666666666666665,-1.1616161616161618,0.8957248207716684
3834,-1.5656565656565657,-1.1616161616161618,0.929136881512153
3835,-1.4646464646464645,-1.1616161616161618,0.9557572477530863
3836,-1.3636363636363638,-1.1616161616161618,0.9757812701776685
3837,-1.2626262626262625,-1.1616161616161618,0.9895218944476931
3838,-1.1616161616161618,-1.1616161616161618,0.9974107736236926
3839,-1.0606060606060606,-1.1616161616161618,0.9999976357061501
3840,-0.9595959595959593,-1.1616161616161618,0.9979472057268537
3841,-0.858585858585859,-1.1616161616161618,0.992032665031665
3842,-0.7575757575757578,-1.1616161616161618,0.9831242624908019
3843,-0.6565656565656566,-1.1616161616161618,0.9721713470280198
3844,-0.5555555555555554,-1.1616161616161618,0.9601759224572891
3845,-0.45454545454545503,-1.1616161616161618,0.948156086483535
3846,-0.3535353535353538,-1.1616161616161618,0.937098722574734
3847,-0.2525252525252526,-1.1616161616161618,0.927902812236325
3848,-0.15151515151515138,-1.1616161616161618,0.9213176472616389
3849,-0.050505050505050164,-1.1616161616161618,0.9178833714048736
3850,0.050505050505050164,-1.1616161616161618,0.9178833714048736
3851,0.15151515151515138,-1.1616161616161618,0.9213176472616389
3852,0.2525252525252526,-1.1616161616161618,0.927902812236325
3853,0.3535353535353538,-1.1616161616161618,0.937098722574734
3854,0.45454545454545414,-1.1616161616161618,0.9481560864835349
3855,0.5555555555555554,-1.1616161616161618,0.9601759224572891
3856,0.6565656565656566,-1.1616161616161618,0.9721713470280198
3857,0.7575757575757578,-1.1616161616161618,0.9831242624908019
3858,0.8585858585858581,-1.1616161616161618,0.992032665031665
3859,0.9595959595959593,-1.1616161616161618,0.9979472057268537
3860,1.0606060606060606,-1.1616161616161618,0.9999976357061501
3861,1.1616161616161618,-1.1616161616161618,0.9974107736236926
3862,1.262626262626262,-1.1616161616161618,0.9895218944476932
3863,1.3636363636363633,-1.1616161616161618,0.9757812701776685
3864,1.4646464646464645,-1.1616161616161618,0.9557572477530863
3865,1.5656565656565657,-1.1616161616161618,0.929136881512153
3866,1.666666666666667,-1.1616161616161618,0.8957248207716682
3867,1.7676767676767673,-1.1616161616161618,0.8554409102865579
3868,1.8686868686868685,-1.1616161616161618,0.8083167894773732
3869,1.9696969696969697,-1.1616161616161618,0.7544916623175629
3870,2.070707070707071,-1.1616161616161618,0.6942073388851224
3871,2.1717171717171713,-1.1616161616161618,0.6278026089087388
3872,2.2727272727272725,-1.1616161616161618,0.5557069871647128
3873,2.3737373737373737,-1.1616161616161618,0.47843386304963037
3874,2.474747474747475,-1.1616161616161618,0.3965730870339652
3875,2.5757575757575752,-1.1616161616161618,0.310783031615524
3876,2.6767676767676765,-1.1616161616161618,0.22178217162493222
3877,2.7777777777777777,-1.1616161616161618,0.13034023686607468
3878,2.878787878787879,-1.1616161616161618,0.03726899820551109
3879,2.9797979797979792,-1.1616161616161618,-0.056587244198238414
3880,3.0808080808080813,-1.1616161616161618,-0.15036139514697866
3881,3.1818181818181817,-1.1616161616161618,-0.24317344015414893
3882,3.282828282828282,-1.1616161616161618,-0.3341403772983071
3883,3.383838383838384,-1.1616161616161618,-0.422386116606322
3884,3.4848484848484844,-1.1616161616161618,-0.5070512564700411
3885,3.5858585858585865,-1.1616161616161618,-0.5873026459169142
3886,3.686868686868687,-1.1616161616161618,-0.6623426420843989
3887,3.787878787878787,-1.1616161616161618,-0.7314179739500135
3888,3.8888888888888893,-1.1616161616161618,-0.7938281261934981
3889,3.9898989898989896,-1.1616161616161618,-0.8489331609568632
3890,4.09090909090909,-1.1616161616161618,-0.8961609001565076
3891,4.191919191919192,-1.1616161616161618,-0.9350133968168901
3892,4.292929292929292,-1.1616161616161618,-0.9650726305589847
3893,4.3939393939393945,-1.1616161616161618,-0.9860053698044745
3894,4.494949494949495,-1.1616161616161618,-0.9975671513586649
3895,4.595959595959595,-1.1616161616161618,-0.9996053367169558
3896,4.696969696969697,-1.1616161616161618,-0.9920612136026401
3897,4.797979797979798,-1.1616161616161618,-0.9749711207858139
3898,4.8989898989899,-1.1616161616161618,-0.9484665840494718
3899,5.0,-1.1616161616161618,-0.912773461152981
3900,-5.0,-1.0606060606060606,-0.9215036075723673
3901,-4.898989898989899,-1.0606060606060606,-0.9553086583081228
3902,-4.797979797979798,-1.0606060606060606,-0.9797839544742808
3903,-4.696969696969697,-1.0606060606060606,-0.9947168455195958
3904,-4.595959595959596,-1.0606060606060606,-0.999990491110663
3905,-4.494949494949495,-1.0606060606060606,-0.9955846363786908
3906,-4.393939393939394,-1.0606060606060606,-0.9815753845120099
3907,-4.292929292929293,-1.0606060606060606,-0.9581339695350869
3908,-4.191919191919192,-1.0606060606060606,-0.9255245422010497
3909,-4.090909090909091,-1.0606060606060606,-0.8841009918365946
3910,-3.9898989898989896,-1.0606060606060606,-0.8343028366078113
3911,-3.888888888888889,-1.0606060606060606,-0.7766502239168039
3912,-3.787878787878788,-1.0606060606060606,-0.7117380913882361
3913,-3.686868686868687,-1.0606060606060606,-0.6402295470615695
3914,-3.5858585858585856,-1.0606060606060606,-0.5628485348719613
3915,-3.484848484848485,-1.0606060606060606,-0.4803718581879197
3916,-3.383838383838384,-1.0606060606060606,-0.3936206399888853
3917,-3.282828282828283,-1.0606060606060606,-0.3034513031274289
3918,-3.1818181818181817,-1.0606060606060606,-0.21074615795012233
3919,-3.080808080808081,-1.0606060606060606,-0.1164036872739627
3920,-2.9797979797979797,-1.0606060606060606,-0.021328620261556037
3921,-2.878787878787879,-1.0606060606060606,0.07357811295840004
3922,-2.7777777777777777,-1.0606060606060606,0.1674294550811462
3923,-2.676767676767677,-1.0606060606060606,0.2593622353494284
3924,-2.5757575757575757,-1.0606060606060606,0.34854703852001107
3925,-2.474747474747475,-1.0606060606060606,0.43419784963431707
3926,-2.3737373737373737,-1.0606060606060606,0.5155814019033523
3927,-2.272727272727273,-1.0606060606060606,0.5920261632671183
3928,-2.1717171717171717,-1.0606060606060606,0.6629309068925674
3929,-2.070707070707071,-1.0606060606060606,0.7277728218907829
3930,-1.9696969696969697,-1.0606060606060606,0.7861151325574303
3931,-1.868686868686869,-1.0606060606060606,0.8376142068785737
3932,-1.7676767676767677,-1.0606060606060606,0.8820261468218054
3933,-1.6666666666666665,-1.0606060606060606,0.919212862175412
3934,-1.5656565656565657,-1.0606060606060606,0.9491476332368035
3935,-1.4646464646464645,-1.0606060606060606,0.971920160274932
3936,-1.3636363636363638,-1.0606060606060606,0.9877410710768538
3937,-1.2626262626262625,-1.0606060606060606,0.9969457991875079
3938,-1.1616161616161618,-1.0606060606060606,0.9999976357061501
3939,-1.0606060606060606,-1.0606060606060606,0.9974895705362912
3940,-0.9595959595959593,-1.0606060606060606,0.9901442424338275
3941,-0.858585858585859,-1.0606060606060606,0.9788108791925219
3942,-0.7575757575757578,-1.0606060606060606,0.964457517012117
3943,-0.6565656565656566,-1.0606060606060606,0.9481560864835349
3944,-0.5555555555555554,-1.0606060606060606,0.9310573088691847
3945,-0.45454545454545503,-1.0606060606060606,0.9143521267867956
3946,-0.3535353535353538,-1.0606060606060606,0.8992171937177972
3947,-0.2525252525252526,-1.0606060606060606,0.8867444492306147
3948,-0.15151515151515138,-1.0606060606060606,0.8778593240579886
3949,-0.050505050505050164,-1.0606060606060606,0.8732378787406762
3950,0.050505050505050164,-1.0606060606060606,0.8732378787406762
3951,0.15151515151515138,-1.0606060606060606,0.8778593240579886
3952,0.2525252525252526,-1.0606060606060606,0.8867444492306147
3953,0.3535353535353538,-1.0606060606060606,0.8992171937177972
3954,0.45454545454545414,-1.0606060606060606,0.9143521267867956
3955,0.5555555555555554,-1.0606060606060606,0.9310573088691847
3956,0.6565656565656566,-1.0606060606060606,0.9481560864835349
3957,0.7575757575757578,-1.0606060606060606,0.964457517012117
3958,0.8585858585858581,-1.0606060606060606,0.9788108791925219
3959,0.9595959595959593,-1.0606060606060606,0.9901442424338275
3960,1.0606060606060606,-1.0606060606060606,0.9974895705362912
3961,1.1616161616161618,-1.0606060606060606,0.9999976357061501
3962,1.262626262626262,-1.0606060606060606,0.9969457991875079
3963,1.3636363636363633,-1.0606060606060606,0.9877410710768539
3964,1.4646464646464645,-1.0606060606060606,0.971920160274932
3965,1.5656565656565657,-1.0606060606060606,0.9491476332368035
3966,1.666666666666667,-1.0606060606060606,0.9192128621754119
3967,1.7676767676767673,-1.0606060606060606,0.8820261468218056
3968,1.8686868686868685,-1.0606060606060606,0.837614206878574
3969,1.9696969696969697,-1.0606060606060606,0.7861151325574303
3970,2.070707070707071,-1.0606060606060606,0.7277728218907829
3971,2.1717171717171713,-1.0606060606060606,0.6629309068925677
3972,2.2727272727272725,-1.0606060606060606,0.5920261632671187
3973,2.3737373737373737,-1.0606060606060606,0.5155814019033523
3974,2.474747474747475,-1.0606060606060606,0.43419784963431707
3975,2.5757575757575752,-1.0606060606060606,0.34854703852001145
3976,2.6767676767676765,-1.0606060606060606,0.25936223534942926
3977,2.7777777777777777,-1.0606060606060606,0.1674294550811462
3978,2.878787878787879,-1.0606060606060606,0.07357811295840004
3979,2.9797979797979792,-1.0606060606060606,-0.021328620261555593
3980,3.0808080808080813,-1.0606060606060606,-0.11640368727396315
3981,3.1818181818181817,-1.0606060606060606,-0.21074615795012233
3982,3.282828282828282,-1.0606060606060606,-0.30345130312742846
3983,3.383838383838384,-1.0606060606060606,-0.3936206399888853
3984,3.4848484848484844,-1.0606060606060606,-0.48037185818791933
3985,3.5858585858585865,-1.0606060606060606,-0.5628485348719621
3986,3.686868686868687,-1.0606060606060606,-0.6402295470615695
3987,3.787878787878787,-1.0606060606060606,-0.7117380913882354
3988,3.8888888888888893,-1.0606060606060606,-0.7766502239168045
3989,3.9898989898989896,-1.0606060606060606,-0.8343028366078113
3990,4.09090909090909,-1.0606060606060606,-0.8841009918365942
3991,4.191919191919192,-1.0606060606060606,-0.9255245422010497
3992,4.292929292929292,-1.0606060606060606,-0.9581339695350867
3993,4.3939393939393945,-1.0606060606060606,-0.9815753845120101
3994,4.494949494949495,-1.0606060606060606,-0.9955846363786908
3995,4.595959595959595,-1.0606060606060606,-0.999990491110663
3996,4.696969696969697,-1.0606060606060606,-0.9947168455195958
3997,4.797979797979798,-1.0606060606060606,-0.9797839544742808
3998,4.8989898989899,-1.0606060606060606,-0.9553086583081226
3999,5.0,-1.0606060606060606,-0.9215036075723673
4000,-5.0,-0.9595959595959593,-0.9290865826000181
4001,-4.898989898989899,-0.9595959595959593,-0.9611390193388242
4002,-4.797979797979798,-0.9595959595959593,-0.983734383844783
4003,-4.696969696969697,-0.9595959595959593,-0.9966724105518008
4004,-4.595959595959596,-0.9595959595959593,-0.9998500056934462
4005,-4.494949494949495,-0.9595959595959593,-0.9932619494448148
4006,-4.393939393939394,-0.9595959595959593,-0.9770005848830537
4007,-4.292929292929293,-0.9595959595959593,-0.9512544972703997
4008,-4.191919191919192,-0.9595959595959593,-0.9163061973481297
4009,-4.090909090909091,-0.9595959595959593,-0.8725288323349589
4010,-3.9898989898989896,-0.9595959595959593,-0.8203819580403783
4011,-3.888888888888889,-0.9595959595959593,-0.7604064148250015
4012,-3.787878787878788,-0.9595959595959593,-0.6932183589613021
4013,-3.686868686868687,-0.9595959595959593,-0.6195025091673421
4014,-3.5858585858585856,-0.9595959595959593,-0.540004675604724
4015,-3.484848484848485,-0.9595959595959593,-0.45552364535548934
4016,-3.383838383838384,-0.9595959595959593,-0.3669025042302969
4017,-3.282828282828283,-0.9595959595959593,-0.2750194796249542
4018,-3.1818181818181817,-0.9595959595959593,-0.18077839295060097
4019,-3.080808080808081,-0.9595959595959593,-0.08509881283329289
4020,-2.9797979797979797,-0.9595959595959593,0.011093998268481006
4021,-2.878787878787879,-0.9595959595959593,0.10687925122514726
4022,-2.7777777777777777,-0.9595959595959593,0.20135081959940113
4023,-2.676767676767677,-0.9595959595959593,0.2936273623299583
4024,-2.5757575757575757,-0.9595959595959593,0.38286229511398306
4025,-2.474747474747475,-0.9595959595959593,0.4682535317965133
4026,-2.3737373737373737,-0.9595959595959593,0.549052924792131
4027,-2.272727272727273,-0.9595959595959593,0.6245753431931851
4028,-2.1717171717171717,-0.9595959595959593,0.6942073388851228
4029,-2.070707070707071,-0.9595959595959593,0.7574153647951531
4030,-1.9696969696969697,-0.9595959595959593,0.813753525378421
4031,-1.868686868686869,-0.9595959595959593,0.8628708574682639
4032,-1.7676767676767677,-0.9595959595959593,0.9045181592267553
4033,-1.6666666666666665,-0.9595959595959593,0.938554405038709
4034,-1.5656565656565657,-0.9595959595959593,0.9649528025452845
4035,-1.4646464646464645,-0.9595959595959593,0.9838065603012427
4036,-1.3636363636363638,-0.9595959595959593,0.9953344329155889
4037,-1.2626262626262625,-0.9595959595959593,0.9998860812913047
4038,-1.1616161616161618,-0.9595959595959593,0.9979472057268537
4039,-1.0606060606060606,-0.9595959595959593,0.9901442424338275
4040,-0.9595959595959593,-0.9595959595959593,0.9772481044930139
4041,-0.858585858585859,-0.9595959595959593,0.9601759224572891
4042,-0.7575757575757578,-0.9595959595959593,0.9399889169259241
4043,-0.6565656565656566,-0.9595959595959593,0.9178833714048736
4044,-0.5555555555555554,-0.9595959595959593,0.8951702640914404
4045,-0.45454545454545503,-0.9595959595959593,0.8732378787406763
4046,-0.3535353535353538,-0.9595959595959593,0.85349159892251
4047,-0.2525252525252526,-0.9595959595959593,0.8372676015798669
4048,-0.15151515151515138,-0.9595959595959593,0.8257237337780203
4049,-0.050505050505050164,-0.9595959595959593,0.8197212201389523
4050,0.050505050505050164,-0.9595959595959593,0.8197212201389523
4051,0.15151515151515138,-0.9595959595959593,0.8257237337780203
4052,0.2525252525252526,-0.9595959595959593,0.8372676015798669
4053,0.3535353535353538,-0.9595959595959593,0.85349159892251
4054,0.45454545454545414,-0.9595959595959593,0.873237878740676
4055,0.5555555555555554,-0.9595959595959593,0.8951702640914404
4056,0.6565656565656566,-0.9595959595959593,0.9178833714048736
4057,0.7575757575757578,-0.9595959595959593,0.9399889169259241
4058,0.8585858585858581,-0.9595959595959593,0.960175922457289
4059,0.9595959595959593,-0.9595959595959593,0.9772481044930139
4060,1.0606060606060606,-0.9595959595959593,0.9901442424338275
4061,1.1616161616161618,-0.9595959595959593,0.9979472057268537
4062,1.262626262626262,-0.9595959595959593,0.9998860812913047
4063,1.3636363636363633,-0.9595959595959593,0.9953344329155889
4064,1.4646464646464645,-0.9595959595959593,0.9838065603012427
4065,1.5656565656565657,-0.9595959595959593,0.9649528025452845
4066,1.666666666666667,-0.9595959595959593,0.9385544050387089
4067,1.7676767676767673,-0.9595959595959593,0.9045181592267553
4068,1.8686868686868685,-0.9595959595959593,0.8628708574682641
4069,1.9696969696969697,-0.9595959595959593,0.813753525378421
4070,2.070707070707071,-0.9595959595959593,0.7574153647951531
4071,2.1717171717171713,-0.9595959595959593,0.6942073388851231
4072,2.2727272727272725,-0.9595959595959593,0.6245753431931851
4073,2.3737373737373737,-0.9595959595959593,0.549052924792131
4074,2.474747474747475,-0.9595959595959593,0.4682535317965133
4075,2.5757575757575752,-0.9595959595959593,0.3828622951139839
4076,2.6767676767676765,-0.9595959595959593,0.29362736232995873
4077,2.7777777777777777,-0.9595959595959593,0.20135081959940113
4078,2.878787878787879,-0.9595959595959593,0.10687925122514726
4079,2.9797979797979792,-0.9595959595959593,0.01109399826848145
4080,3.0808080808080813,-0.9595959595959593,-0.08509881283329333
4081,3.1818181818181817,-0.9595959595959593,-0.18077839295060097
4082,3.282828282828282,-0.9595959595959593,-0.2750194796249534
4083,3.383838383838384,-0.9595959595959593,-0.3669025042302969
4084,3.4848484848484844,-0.9595959595959593,-0.45552364535548895
4085,3.5858585858585865,-0.9595959595959593,-0.5400046756047248
4086,3.686868686868687,-0.9595959595959593,-0.6195025091673421
4087,3.787878787878787,-0.9595959595959593,-0.6932183589613016
4088,3.8888888888888893,-0.9595959595959593,-0.760406414825002
4089,3.9898989898989896,-0.9595959595959593,-0.8203819580403783
4090,4.09090909090909,-0.9595959595959593,-0.8725288323349585
4091,4.191919191919192,-0.9595959595959593,-0.9163061973481297
4092,4.292929292929292,-0.9595959595959593,-0.9512544972703997
4093,4.3939393939393945,-0.9595959595959593,-0.9770005848830539
4094,4.494949494949495,-0.9595959595959593,-0.9932619494448148
4095,4.595959595959595,-0.9595959595959593,-0.9998500056934462
4096,4.696969696969697,-0.9595959595959593,-0.9966724105518008
4097,4.797979797979798,-0.9595959595959593,-0.983734383844783
4098,4.8989898989899,-0.9595959595959593,-0.961139019338824
4099,5.0,-0.9595959595959593,-0.9290865826000181
4100,-5.0,-0.858585858585859,-0.9356173753154952
4101,-4.898989898989899,-0.858585858585859,-0.9660630167891978
4102,-4.797979797979798,-0.858585858585859,-0.9869378934416341
4103,-4.696969696969697,-0.858585858585859,-0.9980532017469791
4104,-4.595959595959596,-0.858585858585859,-0.9993185503884481
4105,-4.494949494949495,-0.858585858585859,-0.9907425962152338
4106,-4.393939393939394,-0.858585858585859,-0.9724326576133953
4107,-4.292929292929293,-0.858585858585859,-0.9445933094235466
4108,-4.191919191919192,-0.858585858585859,-0.9075239738165816
4109,-4.090909090909091,-0.858585858585859,-0.8616155316341573
4110,-3.9898989898989896,-0.858585858585859,-0.8073459885038088
4111,-3.888888888888889,-0.858585858585859,-0.7452752394416297
4112,-3.787878787878788,-0.858585858585859,-0.676038984552866
4113,-3.686868686868687,-0.858585858585859,-0.6003418567300295
4114,-3.5858585858585856,-0.858585858585859,-0.5189498298299884
4115,-3.484848484848485,-0.858585858585859,-0.4326819825903186
4116,-3.383838383838384,-0.858585858585859,-0.3424016994289173
4117,-3.282828282828283,-0.858585858585859,-0.24900739417053822
4118,-3.1818181818181817,-0.858585858585859,-0.15342284657294178
4119,-3.080808080808081,-0.858585858585859,-0.05658724419823886
4120,-2.9797979797979797,-0.858585858585859,0.04055497639473452
4121,-2.878787878787879,-0.858585858585859,0.13706439506380003
4122,-2.7777777777777777,-0.858585858585859,0.23201688736267959
4123,-2.676767676767677,-0.858585858585859,0.3245138278206258
4124,-2.5757575757575757,-0.858585858585859,0.4136921319021714
4125,-2.474747474747475,-0.858585858585859,0.4987340576993585
4126,-2.3737373737373737,-0.858585858585859,0.5788766968025696
4127,-2.272727272727273,-0.858585858585859,0.6534210944518106
4128,-2.1717171717171717,-0.858585858585859,0.7217409522864189
4129,-2.070707070707071,-0.858585858585859,0.7832908831490903
4130,-1.9696969696969697,-0.858585858585859,0.8376142068785737
4131,-1.868686868686869,-0.858585858585859,0.8843502992866192
4132,-1.7676767676767677,-0.858585858585859,0.9232415339347086
4133,-1.6666666666666665,-0.858585858585859,0.9541398880098124
4134,-1.5656565656565657,-0.858585858585859,0.9770133189589532
4135,-1.4646464646464645,-0.858585858585859,0.9919520554724224
4136,-1.3636363636363638,-0.858585858585859,0.9991749797145068
4137,-1.2626262626262625,-0.858585858585859,0.9990362962661947
4138,-1.1616161616161618,-0.858585858585859,0.992032665031665
4139,-1.0606060606060606,-0.858585858585859,0.9788108791925219
4140,-0.9595959595959593,-0.858585858585859,0.9601759224572891
4141,-0.858585858585859,-0.858585858585859,0.9370987225747341
4142,-0.7575757575757578,-0.858585858585859,0.9107219527002859
4143,-0.6565656565656566,-0.858585858585859,0.8823606023386251
4144,-0.5555555555555554,-0.858585858585859,0.8534915989225103
4145,-0.45454545454545503,-0.858585858585859,0.8257237337780208
4146,-0.3535353535353538,-0.858585858585859,0.8007366986584452
4147,-0.2525252525252526,-0.858585858585859,0.780178914670936
4148,-0.15151515151515138,-0.858585858585859,0.765522068592845
4149,-0.050505050505050164,-0.858585858585859,0.7578882437180992
4150,0.050505050505050164,-0.858585858585859,0.7578882437180992
4151,0.15151515151515138,-0.858585858585859,0.765522068592845
4152,0.2525252525252526,-0.858585858585859,0.780178914670936
4153,0.3535353535353538,-0.858585858585859,0.8007366986584452
4154,0.45454545454545414,-0.858585858585859,0.8257237337780206
4155,0.5555555555555554,-0.858585858585859,0.8534915989225103
4156,0.6565656565656566,-0.858585858585859,0.8823606023386251
4157,0.7575757575757578,-0.858585858585859,0.9107219527002859
4158,0.8585858585858581,-0.858585858585859,0.9370987225747339
4159,0.9595959595959593,-0.858585858585859,0.9601759224572891
4160,1.0606060606060606,-0.858585858585859,0.9788108791925219
4161,1.1616161616161618,-0.858585858585859,0.992032665031665
4162,1.262626262626262,-0.858585858585859,0.9990362962661947
4163,1.3636363636363633,-0.858585858585859,0.9991749797145068
4164,1.4646464646464645,-0.858585858585859,0.9919520554724224
4165,1.5656565656565657,-0.858585858585859,0.9770133189589532
4166,1.666666666666667,-0.858585858585859,0.9541398880098124
4167,1.7676767676767673,-0.858585858585859,0.9232415339347088
4168,1.8686868686868685,-0.858585858585859,0.8843502992866192
4169,1.9696969696969697,-0.858585858585859,0.8376142068785737
4170,2.070707070707071,-0.858585858585859,0.7832908831490903
4171,2.1717171717171713,-0.858585858585859,0.7217409522864189
4172,2.2727272727272725,-0.858585858585859,0.6534210944518111
4173,2.3737373737373737,-0.858585858585859,0.5788766968025696
4174,2.474747474747475,-0.858585858585859,0.4987340576993585
4175,2.5757575757575752,-0.858585858585859,0.4136921319021718
4176,2.6767676767676765,-0.858585858585859,0.3245138278206262
4177,2.7777777777777777,-0.858585858585859,0.23201688736267959
4178,2.878787878787879,-0.858585858585859,0.13706439506380003
4179,2.9797979797979792,-0.858585858585859,0.04055497639473452
4180,3.0808080808080813,-0.858585858585859,-0.056587244198239746
4181,3.1818181818181817,-0.858585858585859,-0.15342284657294178
4182,3.282828282828282,-0.858585858585859,-0.24900739417053736
4183,3.383838383838384,-0.858585858585859,-0.3424016994289173
4184,3.4848484848484844,-0.858585858585859,-0.43268198259031815
4185,3.5858585858585865,-0.858585858585859,-0.5189498298299892
4186,3.686868686868687,-0.858585858585859,-0.6003418567300295
4187,3.787878787878787,-0.858585858585859,-0.6760389845528654
4188,3.8888888888888893,-0.858585858585859,-0.7452752394416299
4189,3.9898989898989896,-0.858585858585859,-0.8073459885038088
4190,4.09090909090909,-0.858585858585859,-0.8616155316341568
4191,4.191919191919192,-0.858585858585859,-0.9075239738165816
4192,4.292929292929292,-0.858585858585859,-0.9445933094235464
4193,4.3939393939393945,-0.858585858585859,-0.9724326576133955
4194,4.494949494949495,-0.858585858585859,-0.9907425962152338
4195,4.595959595959595,-0.858585858585859,-0.9993185503884481
4196,4.696969696969697,-0.858585858585859,-0.9980532017469791
4197,4.797979797979798,-0.858585858585859,-0.9869378934416341
4198,4.8989898989899,-0.858585858585859,-0.9660630167891976
4199,5.0,-0.858585858585859,-0.9356173753154952
4200,-5.0,-0.7575757575757578,-0.941184484073081
4201,-4.898989898989899,-0.7575757575757578,-0.9701784712212441
4202,-4.797979797979798,-0.7575757575757578,-0.9895013918493959
4203,-4.696969696969697,-0.7575757575757578,-0.998974887345495
4204,-4.595959595959596,-0.7575757575757578,-0.998520126231167
4205,-4.494949494949495,-0.7575757575757578,-0.988158381034201
4206,-4.393939393939394,-0.7575757575757578,-0.9680105742837183
4207,-4.292929292929293,-0.7575757575757578,-0.9382957983486435
4208,-4.191919191919192,-0.7575757575757578,-0.8993288242069458
4209,-4.090909090909091,-0.7575757575757578,-0.8515166244149639
4210,-3.9898989898989896,-0.7575757575757578,-0.7953539454332744
4211,-3.888888888888889,-0.7575757575757578,-0.7314179739500138
4212,-3.787878787878788,-0.7575757575757578,-0.6603621508187131
4213,-3.686868686868687,-0.7575757575757578,-0.5829091945929511
4214,-3.5858585858585856,-0.7575757575757578,-0.4998434042952539
4215,-3.484848484848485,-0.7575757575757578,-0.4120023179071384
4216,-3.383838383838384,-0.7575757575757578,-0.3202678090188696
4217,-3.282828282828283,-0.7575757575757578,-0.2255567090423229
4218,-3.1818181818181817,-0.7575757575757578,-0.12881104628120485
4219,-3.080808080808081,-0.7575757575757578,-0.030987995883089616
4220,-2.9797979797979797,-0.7575757575757578,0.06695036382155799
4221,-2.878787878787879,-0.7575757575757578,0.1640473929515558
4222,-2.7777777777777777,-0.7575757575757578,0.2593622353494288
4223,-2.676767676767677,-0.7575757575757578,0.3519800760547409
4224,-2.5757575757575757,-0.7575757575757578,0.44102222414243025
4225,-2.474747474747475,-0.7575757575757578,0.5256559406169408
4226,-2.3737373737373737,-0.7575757575757578,0.6051039397430938
4227,-2.272727272727273,-0.7575757575757578,0.6786535033814994
4228,-2.1717171717171717,-0.7575757575757578,0.7456651620230641
4229,-2.070707070707071,-0.7575757575757578,0.805580913875564
4230,-1.9696969696969697,-0.7575757575757578,0.8579319753299133
4231,-1.868686868686869,-0.7575757575757578,0.9023460834462061
4232,-1.7676767676767677,-0.7575757575757578,0.9385544050387089
4233,-1.6666666666666665,-0.7575757575757578,0.9663981490393871
4234,-1.5656565656565657,-0.7575757575757578,0.9858350307077214
4235,-1.4646464646464645,-0.7575757575757578,0.9969457991875079
4236,-1.3636363636363638,-0.7575757575757578,0.9999411136536174
4237,-1.2626262626262625,-0.7575757575757578,0.99516913362206
4238,-1.1616161616161618,-0.7575757575757578,0.9831242624908019
4239,-1.0606060606060606,-0.7575757575757578,0.964457517012117
4240,-0.9595959595959593,-0.7575757575757578,0.9399889169259241
4241,-0.858585858585859,-0.7575757575757578,0.9107219527002859
4242,-0.7575757575757578,-0.7575757575757578,0.8778593240579887
4243,-0.6565656565656566,-0.7575757575757578,0.842817294952181
4244,-0.5555555555555554,-0.7575757575757578,0.8072325586106469
4245,-0.45454545454545503,-0.7575757575757578,0.7729499452238665
4246,-0.3535353535353538,-0.7575757575757578,0.7419722404855618
4247,-0.2525252525252526,-0.7575757575757578,0.716348576488272
4248,-0.15151515151515138,-0.7575757575757578,0.697984208432581
4249,-0.050505050505050164,-0.7575757575757578,0.6883829867956248
4250,0.050505050505050164,-0.7575757575757578,0.6883829867956248
4251,0.15151515151515138,-0.7575757575757578,0.697984208432581
4252,0.2525252525252526,-0.7575757575757578,0.716348576488272
4253,0.3535353535353538,-0.7575757575757578,0.7419722404855618
4254,0.45454545454545414,-0.7575757575757578,0.7729499452238663
4255,0.5555555555555554,-0.7575757575757578,0.8072325586106469
4256,0.6565656565656566,-0.7575757575757578,0.842817294952181
4257,0.7575757575757578,-0.7575757575757578,0.8778593240579887
4258,0.8585858585858581,-0.7575757575757578,0.9107219527002857
4259,0.9595959595959593,-0.7575757575757578,0.9399889169259241
4260,1.0606060606060606,-0.7575757575757578,0.964457517012117
4261,1.1616161616161618,-0.7575757575757578,0.9831242624908019
4262,1.262626262626262,-0.7575757575757578,0.99516913362206
4263,1.3636363636363633,-0.7575757575757578,0.9999411136536174
4264,1.4646464646464645,-0.7575757575757578,0.9969457991875079
4265,1.5656565656565657,-0.7575757575757578,0.9858350307077214
4266,1.666666666666667,-0.7575757575757578,0.966398149039387
4267,1.7676767676767673,-0.7575757575757578,0.938554405038709
4268,1.8686868686868685,-0.7575757575757578,0.9023460834462064
4269,1.9696969696969697,-0.7575757575757578,0.8579319753299133
4270,2.070707070707071,-0.7575757575757578,0.805580913875564
4271,2.1717171717171713,-0.7575757575757578,0.7456651620230643
4272,2.2727272727272725,-0.7575757575757578,0.6786535033814998
4273,2.3737373737373737,-0.7575757575757578,0.6051039397430938
4274,2.474747474747475,-0.7575757575757578,0.5256559406169408
4275,2.5757575757575752,-0.7575757575757578,0.44102222414243064
4276,2.6767676767676765,-0.7575757575757578,0.35198007605474174
4277,2.7777777777777777,-0.7575757575757578,0.2593622353494288
4278,2.878787878787879,-0.7575757575757578,0.1640473929515558
4279,2.9797979797979792,-0.7575757575757578,0.06695036382155799
4280,3.0808080808080813,-0.7575757575757578,-0.03098799588309006
4281,3.1818181818181817,-0.7575757575757578,-0.12881104628120485
4282,3.282828282828282,-0.7575757575757578,-0.225556709042322
4283,3.383838383838384,-0.7575757575757578,-0.3202678090188696
4284,3.4848484848484844,-0.7575757575757578,-0.41200231790713804
4285,3.5858585858585865,-0.7575757575757578,-0.4998434042952547
4286,3.686868686868687,-0.7575757575757578,-0.5829091945929511
4287,3.787878787878787,-0.7575757575757578,-0.6603621508187124
4288,3.8888888888888893,-0.7575757575757578,-0.7314179739500141
4289,3.9898989898989896,-0.7575757575757578,-0.7953539454332744
4290,4.09090909090909,-0.7575757575757578,-0.8515166244149639
4291,4.191919191919192,-0.7575757575757578,-0.8993288242069458
4292,4.292929292929292,-0.7575757575757578,-0.9382957983486432
4293,4.3939393939393945,-0.7575757575757578,-0.9680105742837186
4294,4.494949494949495,-0.7575757575757578,-0.988158381034201
4295,4.595959595959595,-0.7575757575757578,-0.998520126231167
4296,4.696969696969697,-0.7575757575757578,-0.998974887345495
4297,4.797979797979798,-0.7575757575757578,-0.9895013918493959
4298,4.8989898989899,-0.7575757575757578,-0.970178471221244
4299,5.0,-0.7575757575757578,-0.941184484073081
4300,-5.0,-0.6565656565656566,-0.9458689677445706
4301,-4.898989898989899,-0.6565656565656566,-0.9735747198218837
4302,-4.797979797979798,-0.6565656565656566,-0.9915222606765699
4303,-4.696969696969697,-0.6565656565656566,-0.9995425728379271
4304,-4.595959595959596,-0.6565656565656566,-0.9975671513586649
4305,-4.494949494949495,-0.6565656565656566,-0.9856285288355743
4306,-4.393939393939394,-0.6565656565656566,-0.9638597623606819
4307,-4.292929292929293,-0.6565656565656566,-0.9324928876622942
4308,-4.191919191919192,-0.6565656565656566,-0.8918563561440617
4309,-4.090909090909091,-0.6565656565656566,-0.8423714807930516
4310,-3.9898989898989896,-0.6565656565656566,-0.7845479268951294
4311,-3.888888888888889,-0.6565656565656566,-0.718978293059882
4312,-3.787878787878788,-0.6565656565656566,-0.6463318371126142
4313,-3.686868686868687,-0.6565656565656566,-0.5673474098555205
4314,-3.5858585858585856,-0.6565656565656566,-0.4828256674356267
4315,-3.484848484848485,-0.6565656565656566,-0.3936206399888853
4316,-3.383838383838384,-0.6565656565656566,-0.3006307402672111
4317,-3.282828282828283,-0.6565656565656566,-0.20478930101072038
4318,-3.1818181818181817,-0.6565656565656566,-0.10705473381577822
4319,-3.080808080808081,-0.6565656565656566,-0.008400405086085505
4320,-2.9797979797979797,-0.6565656565656566,0.09019567374786475
4321,-2.878787878787879,-0.6565656565656566,0.1877612442888051
4322,-2.7777777777777777,-0.6565656565656566,0.28334019122905896
4323,-2.676767676767677,-0.6565656565656566,0.3760028308494891
4324,-2.5757575757575757,-0.6565656565656566,0.4648560088531459
4325,-2.474747474747475,-0.6565656565656566,0.5490529247921306
4326,-2.3737373737373737,-0.6565656565656566,0.6278026089087384
4327,-2.272727272727273,-0.6565656565656566,0.7003789883502085
4328,-2.1717171717171717,-0.6565656565656566,0.7661294939609429
4329,-2.070707070707071,-0.6565656565656566,0.8244831769532214
4330,-1.9696969696969697,-0.6565656565656566,0.8749583277608791
4331,-1.868686868686869,-0.6565656565656566,0.91716961877562
4332,-1.7676767676767677,-0.6565656565656566,0.9508348305363068
4333,-1.6666666666666665,-0.6565656565656566,0.9757812701776686
4334,-1.5656565656565657,-0.6565656565656566,0.9919520554724224
4335,-1.4646464646464645,-0.6565656565656566,0.9994125227529366
4336,-1.3636363636363638,-0.6565656565656566,0.9983571286024153
4337,-1.2626262626262625,-0.6565656565656566,0.9891173598137804
4338,-1.1616161616161618,-0.6565656565656566,0.9721713470280198
4339,-1.0606060606060606,-0.6565656565656566,0.9481560864835349
4340,-0.9595959595959593,-0.6565656565656566,0.9178833714048736
4341,-0.858585858585859,-0.6565656565656566,0.8823606023386251
4342,-0.7575757575757578,-0.6565656565656566,0.842817294952181
4343,-0.6565656565656566,-0.6565656565656566,0.8007366986584449
4344,-0.5555555555555554,-0.6565656565656566,0.7578882437180988
4345,-0.45454545454545503,-0.6565656565656566,0.7163485764882722
4346,-0.3535353535353538,-0.6565656565656566,0.6784848353139196
4347,-0.2525252525252526,-0.6565656565656566,0.6468555685647891
4348,-0.15151515151515138,-0.6565656565656566,0.6239767552879489
4349,-0.050505050505050164,-0.6565656565656566,0.6119353609573891
4350,0.050505050505050164,-0.6565656565656566,0.6119353609573891
4351,0.15151515151515138,-0.6565656565656566,0.6239767552879489
4352,0.2525252525252526,-0.6565656565656566,0.6468555685647891
4353,0.3535353535353538,-0.6565656565656566,0.6784848353139196
4354,0.45454545454545414,-0.6565656565656566,0.7163485764882718
4355,0.5555555555555554,-0.6565656565656566,0.7578882437180988
4356,0.6565656565656566,-0.6565656565656566,0.8007366986584449
4357,0.7575757575757578,-0.6565656565656566,0.842817294952181
4358,0.8585858585858581,-0.6565656565656566,0.8823606023386247
4359,0.9595959595959593,-0.6565656565656566,0.9178833714048736
4360,1.0606060606060606,-0.6565656565656566,0.9481560864835349
4361,1.1616161616161618,-0.6565656565656566,0.9721713470280198
4362,1.262626262626262,-0.6565656565656566,0.9891173598137802
4363,1.3636363636363633,-0.6565656565656566,0.9983571286024153
4364,1.4646464646464645,-0.6565656565656566,0.9994125227529366
4365,1.5656565656565657,-0.6565656565656566,0.9919520554724224
4366,1.666666666666667,-0.6565656565656566,0.9757812701776685
4367,1.7676767676767673,-0.6565656565656566,0.9508348305363069
4368,1.8686868686868685,-0.6565656565656566,0.9171696187756202
4369,1.9696969696969697,-0.6565656565656566,0.8749583277608791
4370,2.070707070707071,-0.6565656565656566,0.8244831769532214
4371,2.1717171717171713,-0.6565656565656566,0.7661294939609431
4372,2.2727272727272725,-0.6565656565656566,0.7003789883502087
4373,2.3737373737373737,-0.6565656565656566,0.6278026089087384
4374,2.474747474747475,-0.6565656565656566,0.5490529247921306
4375,2.5757575757575752,-0.6565656565656566,0.46485600885314626
4376,2.6767676767676765,-0.6565656565656566,0.3760028308494895
4377,2.7777777777777777,-0.6565656565656566,0.28334019122905896
4378,2.878787878787879,-0.6565656565656566,0.1877612442888051
4379,2.9797979797979792,-0.6565656565656566,0.09019567374786519
4380,3.0808080808080813,-0.6565656565656566,-0.008400405086085949
4381,3.1818181818181817,-0.6565656565656566,-0.10705473381577822
4382,3.282828282828282,-0.6565656565656566,-0.20478930101071952
4383,3.383838383838384,-0.6565656565656566,-0.3006307402672111
4384,3.4848484848484844,-0.6565656565656566,-0.39362063998888447
4385,3.5858585858585865,-0.6565656565656566,-0.4828256674356275
4386,3.686868686868687,-0.6565656565656566,-0.5673474098555205
4387,3.787878787878787,-0.6565656565656566,-0.6463318371126135
4388,3.8888888888888893,-0.6565656565656566,-0.7189782930598823
4389,3.9898989898989896,-0.6565656565656566,-0.7845479268951294
4390,4.09090909090909,-0.6565656565656566,-0.8423714807930511
4391,4.191919191919192,-0.6565656565656566,-0.8918563561440617
4392,4.292929292929292,-0.6565656565656566,-0.9324928876622939
4393,4.3939393939393945,-0.6565656565656566,-0.9638597623606822
4394,4.494949494949495,-0.6565656565656566,-0.9856285288355743
4395,4.595959595959595,-0.6565656565656566,-0.9975671513586648
4396,4.696969696969697,-0.6565656565656566,-0.9995425728379271
4397,4.797979797979798,-0.6565656565656566,-0.9915222606765699
4398,4.8989898989899,-0.6565656565656566,-0.9735747198218835
4399,5.0,-0.6565656565656566,-0.9458689677445706
4400,-5.0,-0.5555555555555554,-0.949743600814542
4401,-4.898989898989899,-0.5555555555555554,-0.9763317698884749
4402,-4.797979797979798,-0.5555555555555554,-0.9930875147938073
4403,-4.696969696969697,-0.5555555555555554,-0.9998499772654603
4404,-4.595959595959596,-0.5555555555555554,-0.9965596636922956
4405,-4.494949494949495,-0.5555555555555554,-0.9832589256096175
4406,-4.393939393939394,-0.5555555555555554,-0.9600913960109115
4407,-4.292929292929293,-0.5555555555555554,-0.9273003872198778
4408,-4.191919191919192,-0.5555555555555554,-0.8852262665865006
4409,-4.090909090909091,-0.5555555555555554,-0.8343028366078113
4410,-3.9898989898989896,-0.5555555555555554,-0.7750527561157246
4411,-3.888888888888889,-0.5555555555555554,-0.7080820488134968
4412,-3.787878787878788,-0.5555555555555554,-0.6340737545743809
4413,-3.686868686868687,-0.5555555555555554,-0.5537807874399078
4414,-3.5858585858585856,-0.5555555555555554,-0.46801807207387647
4415,-3.484848484848485,-0.5555555555555554,-0.3776540374488745
4416,-3.383838383838384,-0.5555555555555554,-0.28360155267666104
4417,-3.282828282828283,-0.5555555555555554,-0.18680839505760696
4418,-3.1818181818181817,-0.5555555555555554,-0.08824734453638139
4419,-3.080808080808081,-0.5555555555555554,0.011093998268481006
4420,-2.9797979797979797,-0.5555555555555554,0.11022357152514073
4421,-2.878787878787879,-0.5555555555555554,0.20815528973215205
4422,-2.7777777777777777,-0.5555555555555554,0.3039194608600497
4423,-2.676767676767677,-0.5555555555555554,0.3965730870339652
4424,-2.5757575757575757,-0.5555555555555554,0.48520995677966205
4425,-2.474747474747475,-0.5555555555555554,0.5689704427772956
4426,-2.3737373737373737,-0.5555555555555554,0.6470509270969081
4427,-2.272727272727273,-0.5555555555555554,0.718712786402525
4428,-2.1717171717171717,-0.5555555555555554,0.7832908831490907
4429,-2.070707070707071,-0.5555555555555554,0.8402015261475367
4430,-1.9696969696969697,-0.5555555555555554,0.8889498861986046
4431,-1.868686868686869,-0.5555555555555554,0.929136881512153
4432,-1.7676767676767677,-0.5555555555555554,0.9604655858868281
4433,-1.6666666666666665,-0.5555555555555554,0.9827472639276573
4434,-1.5656565656565657,-0.5555555555555554,0.9959072075987283
4435,-1.4646464646464645,-0.5555555555555554,0.9999906455786104
4436,-1.3636363636363638,-0.5555555555555554,0.99516913362206
4437,-1.2626262626262625,-0.5555555555555554,0.9817480282907897
4438,-1.1616161616161618,-0.5555555555555554,0.9601759224572891
4439,-1.0606060606060606,-0.5555555555555554,0.9310573088691847
4440,-0.9595959595959593,-0.5555555555555554,0.8951702640914404
4441,-0.858585858585859,-0.5555555555555554,0.8534915989225103
4442,-0.7575757575757578,-0.5555555555555554,0.8072325586106469
4443,-0.6565656565656566,-0.5555555555555554,0.7578882437180988
4444,-0.5555555555555554,-0.5555555555555554,0.7073019425301442
4445,-0.45454545454545503,-0.5555555555555554,0.6577378702258101
4446,-0.3535353535353538,-0.5555555555555554,0.611935360957389
4447,-0.2525252525252526,-0.5555555555555554,0.5730763264575568
4448,-0.15151515151515138,-0.5555555555555554,0.5445446988558529
4449,-0.050505050505050164,-0.5555555555555554,0.5293604173364629
4450,0.050505050505050164,-0.5555555555555554,0.5293604173364629
4451,0.15151515151515138,-0.5555555555555554,0.5445446988558529
4452,0.2525252525252526,-0.5555555555555554,0.5730763264575568
4453,0.3535353535353538,-0.5555555555555554,0.611935360957389
4454,0.45454545454545414,-0.5555555555555554,0.6577378702258098
4455,0.5555555555555554,-0.5555555555555554,0.7073019425301442
4456,0.6565656565656566,-0.5555555555555554,0.7578882437180988
4457,0.7575757575757578,-0.5555555555555554,0.8072325586106469
4458,0.8585858585858581,-0.5555555555555554,0.8534915989225099
4459,0.9595959595959593,-0.5555555555555554,0.8951702640914404
4460,1.0606060606060606,-0.5555555555555554,0.9310573088691847
4461,1.1616161616161618,-0.5555555555555554,0.9601759224572891
4462,1.262626262626262,-0.5555555555555554,0.9817480282907896
4463,1.3636363636363633,-0.5555555555555554,0.99516913362206
4464,1.4646464646464645,-0.5555555555555554,0.9999906455786104
4465,1.5656565656565657,-0.5555555555555554,0.9959072075987283
4466,1.666666666666667,-0.5555555555555554,0.9827472639276573
4467,1.7676767676767673,-0.5555555555555554,0.9604655858868281
4468,1.8686868686868685,-0.5555555555555554,0.9291368815121531
4469,1.9696969696969697,-0.5555555555555554,0.8889498861986046
4470,2.070707070707071,-0.5555555555555554,0.8402015261475367
4471,2.1717171717171713,-0.5555555555555554,0.7832908831490909
4472,2.2727272727272725,-0.5555555555555554,0.7187127864025254
4473,2.3737373737373737,-0.5555555555555554,0.6470509270969081
4474,2.474747474747475,-0.5555555555555554,0.5689704427772956
4475,2.5757575757575752,-0.5555555555555554,0.48520995677966244
4476,2.6767676767676765,-0.5555555555555554,0.39657308703396565
4477,2.7777777777777777,-0.5555555555555554,0.3039194608600497
4478,2.878787878787879,-0.5555555555555554,0.20815528973215205
4479,2.9797979797979792,-0.5555555555555554,0.11022357152514073
4480,3.0808080808080813,-0.5555555555555554,0.011093998268480117
4481,3.1818181818181817,-0.5555555555555554,-0.08824734453638139
4482,3.282828282828282,-0.5555555555555554,-0.1868083950576061
4483,3.383838383838384,-0.5555555555555554,-0.28360155267666104
4484,3.4848484848484844,-0.5555555555555554,-0.37765403744887405
4485,3.5858585858585865,-0.5555555555555554,-0.46801807207387724
4486,3.686868686868687,-0.5555555555555554,-0.5537807874399078
4487,3.787878787878787,-0.5555555555555554,-0.6340737545743802
4488,3.8888888888888893,-0.5555555555555554,-0.7080820488134971
4489,3.9898989898989896,-0.5555555555555554,-0.7750527561157246
4490,4.09090909090909,-0.5555555555555554,-0.8343028366078108
4491,4.191919191919192,-0.5555555555555554,-0.8852262665865006
4492,4.292929292929292,-0.5555555555555554,-0.9273003872198775
4493,4.3939393939393945,-0.5555555555555554,-0.960091396010912
4494,4.494949494949495,-0.5555555555555554,-0.9832589256096175
4495,4.595959595959595,-0.5555555555555554,-0.9965596636922955
4496,4.696969696969697,-0.5555555555555554,-0.9998499772654603
4497,4.797979797979798,-0.5555555555555554,-0.9930875147938073
4498,4.8989898989899,-0.5555555555555554,-0.9763317698884749
4499,5.0,-0.5555555555555554,-0.949743600814542
4500,-5.0,-0.45454545454545503,-0.9528721336041686
4501,-4.898989898989899,-0.45454545454545503,-0.9785195603345841
4502,-4.797979797979798,-0.45454545454545503,-0.9942730728725142
4503,-4.696969696969697,-0.45454545454545503,-0.9999787214224295
4504,-4.595959595959596,-0.45454545454545503,-0.9955846363786908
4505,-4.494949494949495,-0.45454545454545503,-0.9811414716714286
4506,-4.393939393939394,-0.45454545454545503,-0.9568017988811471
4507,-4.292929292929293,-0.45454545454545503,-0.9228184582795815
4508,-4.191919191919192,-0.45454545454545503,-0.8795418835415977
4509,-4.090909090909091,-0.45454545454545503,-0.8274164272751893
4510,-3.9898989898989896,-0.45454545454545503,-0.7669757246248852
4511,-3.888888888888889,-0.45454545454545503,-0.6988371419113968
4512,-3.787878787878788,-0.45454545454545503,-0.6236953664734697
4513,-3.686868686868687,-0.45454545454545503,-0.5423152024769229
4514,-3.5858585858585856,-0.45454545454545503,-0.45552364535548934
4515,-3.484848484848485,-0.45454545454545503,-0.3642013146580029
4516,-3.383838383838384,-0.45454545454545503,-0.2692733313115012
4517,-3.282828282828283,-0.45454545454545503,-0.1716997305896575
4518,-3.1818181818181817,-0.45454545454545503,-0.07246550632481723
4519,-3.080808080808081,-0.45454545454545503,0.02742961495284719
4520,-2.9797979797979797,-0.45454545454545503,0.126981569295206
4521,-2.878787878787879,-0.45454545454545503,0.22519241865898293
4522,-2.7777777777777777,-0.45454545454545503,0.32108078150100944
4523,-2.676767676767677,-0.45454545454545503,0.413692131902171
4524,-2.5757575757575757,-0.45454545454545503,0.5021088720418407
4525,-2.474747474747475,-0.45454545454545503,0.5854600881062092
4526,-2.3737373737373737,-0.45454545454545503,0.6629309068925671
4527,-2.272727272727273,-0.45454545454545503,0.7337713797867589
4528,-2.1717171717171717,-0.45454545454545503,0.7973048329154347
4529,-2.070707070707071,-0.45454545454545503,0.8529356378173089
4530,-1.9696969696969697,-0.45454545454545503,0.900156377014001
4531,-1.868686868686869,-0.45454545454545503,0.9385544050387088
4532,-1.7676767676767677,-0.45454545454545503,0.9678178403479718
4533,-1.6666666666666665,-0.45454545454545503,0.9877410710768538
4534,-1.5656565656565657,-0.45454545454545503,0.998229924076465
4535,-1.4646464646464645,-0.45454545454545503,0.9993067420904798
4536,-1.3636363636363638,-0.45454545454545503,0.9911157543485511
4537,-1.2626262626262625,-0.45454545454545503,0.973929337268268
4538,-1.1616161616161618,-0.45454545454545503,0.948156086483535
4539,-1.0606060606060606,-0.45454545454545503,0.9143521267867956
4540,-0.9595959595959593,-0.45454545454545503,0.8732378787406763
4541,-0.858585858585859,-0.45454545454545503,0.8257237337780208
4542,-0.7575757575757578,-0.45454545454545503,0.7729499452238665
4543,-0.6565656565656566,-0.45454545454545503,0.7163485764882722
4544,-0.5555555555555554,-0.45454545454545503,0.6577378702258101
4545,-0.45454545454545503,-0.45454545454545503,0.5994584528311396
4546,-0.3535353535353538,-0.45454545454545503,0.5445446988558535
4547,-0.2525252525252526,-0.45454545454545503,0.49686392711334926
4548,-0.15151515151515138,-0.45454545454545503,0.46100995868173555
4549,-0.050505050505050164,-0.45454545454545503,0.44156544746912885
4550,0.050505050505050164,-0.45454545454545503,0.44156544746912885
4551,0.15151515151515138,-0.45454545454545503,0.46100995868173555
4552,0.2525252525252526,-0.45454545454545503,0.49686392711334926
4553,0.3535353535353538,-0.45454545454545503,0.5445446988558535
4554,0.45454545454545414,-0.45454545454545503,0.5994584528311391
4555,0.5555555555555554,-0.45454545454545503,0.6577378702258101
4556,0.6565656565656566,-0.45454545454545503,0.7163485764882722
4557,0.7575757575757578,-0.45454545454545503,0.7729499452238665
4558,0.8585858585858581,-0.45454545454545503,0.8257237337780203
4559,0.9595959595959593,-0.45454545454545503,0.8732378787406763
4560,1.0606060606060606,-0.45454545454545503,0.9143521267867956
4561,1.1616161616161618,-0.45454545454545503,0.948156086483535
4562,1.262626262626262,-0.45454545454545503,0.9739293372682679
4563,1.3636363636363633,-0.45454545454545503,0.991115754348551
4564,1.4646464646464645,-0.45454545454545503,0.9993067420904798
4565,1.5656565656565657,-0.45454545454545503,0.998229924076465
4566,1.666666666666667,-0.45454545454545503,0.9877410710768538
4567,1.7676767676767673,-0.45454545454545503,0.9678178403479719
4568,1.8686868686868685,-0.45454545454545503,0.938554405038709
4569,1.9696969696969697,-0.45454545454545503,0.900156377014001
4570,2.070707070707071,-0.45454545454545503,0.8529356378173089
4571,2.1717171717171713,-0.45454545454545503,0.797304832915435
4572,2.2727272727272725,-0.45454545454545503,0.7337713797867592
4573,2.3737373737373737,-0.45454545454545503,0.6629309068925671
4574,2.474747474747475,-0.45454545454545503,0.5854600881062092
4575,2.5757575757575752,-0.45454545454545503,0.5021088720418415
4576,2.6767676767676765,-0.45454545454545503,0.4136921319021718
4577,2.7777777777777777,-0.45454545454545503,0.32108078150100944
4578,2.878787878787879,-0.45454545454545503,0.22519241865898293
4579,2.9797979797979792,-0.45454545454545503,0.126981569295206
4580,3.0808080808080813,-0.45454545454545503,0.027429614952846303
4581,3.1818181818181817,-0.45454545454545503,-0.07246550632481723
4582,3.282828282828282,-0.45454545454545503,-0.17169973058965665
4583,3.383838383838384,-0.45454545454545503,-0.2692733313115012
4584,3.4848484848484844,-0.45454545454545503,-0.3642013146580025
4585,3.5858585858585865,-0.45454545454545503,-0.4555236453554901
4586,3.686868686868687,-0.45454545454545503,-0.5423152024769229
4587,3.787878787878787,-0.45454545454545503,-0.623695366473469
4588,3.8888888888888893,-0.45454545454545503,-0.6988371419113971
4589,3.9898989898989896,-0.45454545454545503,-0.7669757246248852
4590,4.09090909090909,-0.45454545454545503,-0.8274164272751888
4591,4.191919191919192,-0.45454545454545503,-0.8795418835415977
4592,4.292929292929292,-0.45454545454545503,-0.9228184582795812
4593,4.3939393939393945,-0.45454545454545503,-0.9568017988811475
4594,4.494949494949495,-0.45454545454545503,-0.9811414716714286
4595,4.595959595959595,-0.45454545454545503,-0.9955846363786907
4596,4.696969696969697,-0.45454545454545503,-0.9999787214224295
4597,4.797979797979798,-0.45454545454545503,-0.9942730728725142
4598,4.8989898989899,-0.45454545454545503,-0.9785195603345841
4599,5.0,-0.45454545454545503,-0.9528721336041686
4600,-5.0,-0.3535353535353538,-0.9553086583081228
4601,-4.898989898989899,-0.3535353535353538,-0.9801973309166929
4602,-4.797979797979798,-0.3535353535353538,-0.9951431367811159
4603,-4.696969696969697,-0.3535353535353538,-0.9999977251970503
4604,-4.595959595959596,-0.3535353535353538,-0.994715401705296
4605,-4.494949494949495,-0.3535353535353538,-0.9793535417053728
4606,-4.393939393939394,-0.3535353535353538,-0.9540719508276321
4607,-4.292929292929293,-0.3535353535353538,-0.9191311785651227
4608,-4.191919191919192,-0.3535353535353538,-0.8748898023074512
4609,-4.090909090909091,-0.3535353535353538,-0.8218007093760527
4610,-3.9898989898989896,-0.3535353535353538,-0.7604064148250015
4611,-3.888888888888889,-0.3535353535353538,-0.6913334625378165
4612,-3.787878787878788,-0.3535353535353538,-0.6152859664159317
4613,-3.686868686868687,-0.3535353535353538,-0.533038357120323
4614,-3.5858585858585856,-0.3535353535353538,-0.44542740780080553
4615,-3.484848484848485,-0.3535353535353538,-0.3533436194399554
4616,-3.383838383838384,-0.3535353535353538,-0.2577220527686863
4617,-3.282828282828283,-0.3535353535353538,-0.15953269910242523
4618,-3.1818181818181817,-0.3535353535353538,-0.059770486830808184
4619,-3.080808080808081,-0.3535353535353538,0.04055497639473452
4620,-2.9797979797979797,-0.3535353535353538,0.14042982355284522
4621,-2.878787878787879,-0.3535353535353538,0.23884640701449342
4622,-2.7777777777777777,-0.3535353535353538,0.33481373323238717
4623,-2.676767676767677,-0.3535353535353538,0.4273677519993428
4624,-2.5757575757575757,-0.3535353535353538,0.5155814019033523
4625,-2.474747474747475,-0.3535353535353538,0.5985743181019858
4626,-2.3737373737373737,-0.3535353535353538,0.6755221146955986
4627,-2.272727272727273,-0.3535353535353538,0.7456651620230641
4628,-2.1717171717171717,-0.3535353535353538,0.8083167894773732
4629,-2.070707070707071,-0.3535353535353538,0.8628708574682639
4630,-1.9696969696969697,-0.3535353535353538,0.9088086587673829
4631,-1.868686868686869,-0.3535353535353538,0.9457051309556064
4632,-1.7676767676767677,-0.3535353535353538,0.973234390122531
4633,-1.6666666666666665,-0.3535353535353538,0.9911746346917739
4634,-1.5656565656565657,-0.3535353535353538,0.9994125227529366
4635,-1.4646464646464645,-0.3535353535353538,0.9979472057268537
4636,-1.3636363636363638,-0.3535353535353538,0.9868943211192435
4637,-1.2626262626262625,-0.3535353535353538,0.9664904344370984
4638,-1.1616161616161618,-0.3535353535353538,0.937098722574734
4639,-1.0606060606060606,-0.3535353535353538,0.8992171937177972
4640,-0.9595959595959593,-0.3535353535353538,0.85349159892251
4641,-0.858585858585859,-0.3535353535353538,0.8007366986584452
4642,-0.7575757575757578,-0.3535353535353538,0.7419722404855618
4643,-0.6565656565656566,-0.3535353535353538,0.6784848353139196
4644,-0.5555555555555554,-0.3535353535353538,0.611935360957389
4645,-0.45454545454545503,-0.3535353535353538,0.5445446988558535
4646,-0.3535353535353538,-0.3535353535353538,0.4794031528511482
4647,-0.2525252525252526,-0.3535353535353538,0.42092142118089787
4648,-0.15151515151515138,-0.3535353535353538,0.3752208352661648
4649,-0.050505050505050164,-0.3535353535353538,0.34958173759982264
4650,0.050505050505050164,-0.3535353535353538,0.34958173759982264
4651,0.15151515151515138,-0.3535353535353538,0.3752208352661648
4652,0.2525252525252526,-0.3535353535353538,0.42092142118089787
4653,0.3535353535353538,-0.3535353535353538,0.4794031528511482
4654,0.45454545454545414,-0.3535353535353538,0.544544698855853
4655,0.5555555555555554,-0.3535353535353538,0.611935360957389
4656,0.6565656565656566,-0.3535353535353538,0.6784848353139196
4657,0.7575757575757578,-0.3535353535353538,0.7419722404855618
4658,0.8585858585858581,-0.3535353535353538,0.8007366986584447
4659,0.9595959595959593,-0.3535353535353538,0.85349159892251
4660,1.0606060606060606,-0.3535353535353538,0.8992171937177972
4661,1.1616161616161618,-0.3535353535353538,0.937098722574734
4662,1.262626262626262,-0.3535353535353538,0.9664904344370983
4663,1.3636363636363633,-0.3535353535353538,0.9868943211192435
4664,1.4646464646464645,-0.3535353535353538,0.9979472057268537
4665,1.5656565656565657,-0.3535353535353538,0.9994125227529366
4666,1.666666666666667,-0.3535353535353538,0.9911746346917739
4667,1.7676767676767673,-0.3535353535353538,0.9732343901225311
4668,1.8686868686868685,-0.3535353535353538,0.9457051309556066
4669,1.9696969696969697,-0.3535353535353538,0.9088086587673829
4670,2.070707070707071,-0.3535353535353538,0.8628708574682639
4671,2.1717171717171713,-0.3535353535353538,0.8083167894773734
4672,2.2727272727272725,-0.3535353535353538,0.7456651620230643
4673,2.3737373737373737,-0.3535353535353538,0.6755221146955986
4674,2.474747474747475,-0.3535353535353538,0.5985743181019858
4675,2.5757575757575752,-0.3535353535353538,0.5155814019033528
4676,2.6767676767676765,-0.3535353535353538,0.42736775199934324
4677,2.7777777777777777,-0.3535353535353538,0.33481373323238717
4678,2.878787878787879,-0.3535353535353538,0.23884640701449342
4679,2.9797979797979792,-0.3535353535353538,0.14042982355284522
4680,3.0808080808080813,-0.3535353535353538,0.040554976394733634
4681,3.1818181818181817,-0.3535353535353538,-0.059770486830808184
4682,3.282828282828282,-0.3535353535353538,-0.15953269910242435
4683,3.383838383838384,-0.3535353535353538,-0.2577220527686863
4684,3.4848484848484844,-0.3535353535353538,-0.35334361943995496
4685,3.5858585858585865,-0.3535353535353538,-0.4454274078008063
4686,3.686868686868687,-0.3535353535353538,-0.533038357120323
4687,3.787878787878787,-0.3535353535353538,-0.615285966415931
4688,3.8888888888888893,-0.3535353535353538,-0.6913334625378168
4689,3.9898989898989896,-0.3535353535353538,-0.7604064148250015
4690,4.09090909090909,-0.3535353535353538,-0.8218007093760521
4691,4.191919191919192,-0.3535353535353538,-0.8748898023074512
4692,4.292929292929292,-0.3535353535353538,-0.9191311785651224
4693,4.3939393939393945,-0.3535353535353538,-0.9540719508276326
4694,4.494949494949495,-0.3535353535353538,-0.9793535417053728
4695,4.595959595959595,-0.3535353535353538,-0.9947154017052959
4696,4.696969696969697,-0.3535353535353538,-0.9999977251970503
4697,4.797979797979798,-0.3535353535353538,-0.9951431367811159
4698,4.8989898989899,-0.3535353535353538,-0.9801973309166929
4699,5.0,-0.3535353535353538,-0.9553086583081228
4700,-5.0,-0.2525252525252526,-0.9570970810917876
4701,-4.898989898989899,-0.2525252525252526,-0.9814130985217269
4702,-4.797979797979798,-0.2525252525252526,-0.995749678125162
4703,-4.696969696969697,-0.2525252525252526,-0.9999627111192331
4704,-4.595959595959596,-0.2525252525252526,-0.9940111791587547
4705,-4.494949494949495,-0.2525252525252526,-0.9779575456472122
4706,-4.393939393939394,-0.2525252525252526,-0.9519670908175408
4707,-4.292929292929293,-0.2525252525252526,-0.91630619734813
4708,-4.191919191919192,-0.2525252525252526,-0.8713396039621555
4709,-4.090909090909091,-0.2525252525252526,-0.8175266549583122
4710,-3.9898989898989896,-0.2525252525252526,-0.7554165838301538
4711,-3.888888888888889,-0.2525252525252526,-0.6856428789442476
4712,-3.787878787878788,-0.2525252525252526,-0.60891678856245
4713,-3.686868686868687,-0.2525252525252526,-0.5260200312137766
4714,-3.5858585858585856,-0.2525252525252526,-0.437796785454911
4715,-3.484848484848485,-0.2525252525252526,-0.34514504031991694
4716,-3.383838383838384,-0.2525252525252526,-0.24900739417053822
4717,-3.282828282828283,-0.2525252525252526,-0.15036139514697822
4718,-3.1818181818181817,-0.2525252525252526,-0.05020952092116471
4719,-3.080808080808081,-0.2525252525252526,0.05043110108679263
4720,-2.9797979797979797,-0.2525252525252526,0.15053912950318288
4721,-2.878787878787879,-0.2525252525252526,0.2490994960537681
4722,-2.7777777777777777,-0.2525252525252526,0.34511383907522203
4723,-2.676767676767677,-0.2525252525252526,0.4376107798565125
4724,-2.5757575757575757,-0.2525252525252526,0.5256559406169411
4725,-2.474747474747475,-0.2525252525252526,0.6083616066811478
4726,-2.3737373737373737,-0.2525252525252526,0.6848959405610748
4727,-2.272727272727273,-0.2525252525252526,0.7544916623175629
4728,-2.1717171717171717,-0.2525252525252526,0.8164541189342546
4729,-2.070707070707071,-0.2525252525252526,0.870168675788832
4730,-1.9696969696969697,-0.2525252525252526,0.9151073761293469
4731,-1.868686868686869,-0.2525252525252526,0.9508348305363067
4732,-1.7676767676767677,-0.2525252525252526,0.9770133189589533
4733,-1.6666666666666665,-0.2525252525252526,0.9934071151979642
4734,-1.5656565656565657,-0.2525252525252526,0.9998860812913046
4735,-1.4646464646464645,-0.2525252525252526,0.996428633397451
4736,-1.3636363636363638,-0.2525252525252526,0.9831242624908019
4737,-1.2626262626262625,-0.2525252525252526,0.960175922457289
4738,-1.1616161616161618,-0.2525252525252526,0.927902812236325
4739,-1.0606060606060606,-0.2525252525252526,0.8867444492306147
4740,-0.9595959595959593,-0.2525252525252526,0.8372676015798669
4741,-0.858585858585859,-0.2525252525252526,0.780178914670936
4742,-0.7575757575757578,-0.2525252525252526,0.716348576488272
4743,-0.6565656565656566,-0.2525252525252526,0.6468555685647891
4744,-0.5555555555555554,-0.2525252525252526,0.5730763264575568
4745,-0.45454545454545503,-0.2525252525252526,0.49686392711334926
4746,-0.3535353535353538,-0.2525252525252526,0.42092142118089787
4747,-0.2525252525252526,-0.2525252525252526,0.34958173759982253
4748,-0.15151515151515138,-0.2525252525252526,0.2902542546995106
4749,-0.050505050505050164,-0.2525252525252526,0.25468914898193473
4750,0.050505050505050164,-0.2525252525252526,0.25468914898193473
4751,0.15151515151515138,-0.2525252525252526,0.2902542546995106
4752,0.2525252525252526,-0.2525252525252526,0.34958173759982253
4753,0.3535353535353538,-0.2525252525252526,0.42092142118089787
4754,0.45454545454545414,-0.2525252525252526,0.49686392711334854
4755,0.5555555555555554,-0.2525252525252526,0.5730763264575568
4756,0.6565656565656566,-0.2525252525252526,0.6468555685647891
4757,0.7575757575757578,-0.2525252525252526,0.716348576488272
4758,0.8585858585858581,-0.2525252525252526,0.7801789146709355
4759,0.9595959595959593,-0.2525252525252526,0.8372676015798669
4760,1.0606060606060606,-0.2525252525252526,0.8867444492306147
4761,1.1616161616161618,-0.2525252525252526,0.927902812236325
4762,1.262626262626262,-0.2525252525252526,0.960175922457289
4763,1.3636363636363633,-0.2525252525252526,0.9831242624908018
4764,1.4646464646464645,-0.2525252525252526,0.996428633397451
4765,1.5656565656565657,-0.2525252525252526,0.9998860812913046
4766,1.666666666666667,-0.2525252525252526,0.9934071151979642
4767,1.7676767676767673,-0.2525252525252526,0.9770133189589533
4768,1.8686868686868685,-0.2525252525252526,0.9508348305363068
4769,1.9696969696969697,-0.2525252525252526,0.9151073761293469
4770,2.070707070707071,-0.2525252525252526,0.870168675788832
4771,2.1717171717171713,-0.2525252525252526,0.8164541189342546
4772,2.2727272727272725,-0.2525252525252526,0.7544916623175631
4773,2.3737373737373737,-0.2525252525252526,0.6848959405610748
4774,2.474747474747475,-0.2525252525252526,0.6083616066811478
4775,2.5757575757575752,-0.2525252525252526,0.5256559406169415
4776,2.6767676767676765,-0.2525252525252526,0.43761077985651287
4777,2.7777777777777777,-0.2525252525252526,0.34511383907522203
4778,2.878787878787879,-0.2525252525252526,0.2490994960537681
4779,2.9797979797979792,-0.2525252525252526,0.15053912950318332
4780,3.0808080808080813,-0.2525252525252526,0.050431101086792184
4781,3.1818181818181817,-0.2525252525252526,-0.05020952092116471
4782,3.282828282828282,-0.2525252525252526,-0.15036139514697733
4783,3.383838383838384,-0.2525252525252526,-0.24900739417053822
4784,3.4848484848484844,-0.2525252525252526,-0.34514504031991655
4785,3.5858585858585865,-0.2525252525252526,-0.43779678545491185
4786,3.686868686868687,-0.2525252525252526,-0.5260200312137766
4787,3.787878787878787,-0.2525252525252526,-0.6089167885624494
4788,3.8888888888888893,-0.2525252525252526,-0.6856428789442479
4789,3.9898989898989896,-0.2525252525252526,-0.7554165838301538
4790,4.09090909090909,-0.2525252525252526,-0.8175266549583117
4791,4.191919191919192,-0.2525252525252526,-0.8713396039621555
4792,4.292929292929292,-0.2525252525252526,-0.9163061973481297
4793,4.3939393939393945,-0.2525252525252526,-0.9519670908175413
4794,4.494949494949495,-0.2525252525252526,-0.9779575456472122
4795,4.595959595959595,-0.2525252525252526,-0.9940111791587547
4796,4.696969696969697,-0.2525252525252526,-0.9999627111192331
4797,4.797979797979798,-0.2525252525252526,-0.995749678125162
4798,4.8989898989899,-0.2525252525252526,-0.9814130985217269
4799,5.0,-0.2525252525252526,-0.9570970810917876
4800,-5.0,-0.15151515151515138,-0.9582707002037003
4801,-4.898989898989899,-0.15151515151515138,-0.9822032396670076
4802,-4.797979797979798,-0.15151515151515138,-0.9961320301504691
4803,-4.696969696969697,-0.15151515151515138,-0.9999158112575521
4804,-4.595959595959596,-0.15151515151515138,-0.9935167035284443
4805,-4.494949494949495,-0.15151515151515138,-0.9770005848830537
4806,-4.393939393939394,-0.15151515151515138,-0.950536408850762
4807,-4.292929292929293,-0.15151515151515138,-0.9143944715317062
4808,-4.191919191919192,-0.15151515151515138,-0.8689436449454537
4809,-4.090909090909091,-0.15151515151515138,-0.8146476049522502
4810,-3.9898989898989896,-0.15151515151515138,-0.7520600921717984
4811,-3.888888888888889,-0.15151515151515138,-0.6818192541699641
4812,-3.787878787878788,-0.15151515151515138,-0.6046411265338263
4813,-3.686868686868687,-0.15151515151515138,-0.5213123192140504
4814,-3.5858585858585856,-0.15151515151515138,-0.43268198259031815
4815,-3.484848484848485,-0.15151515151515138,-0.3396531350267993
4816,-3.383838383838384,-0.15151515151515138,-0.24317344015414893
4817,-3.282828282828283,-0.15151515151515138,-0.1442255276739277
4818,-3.1818181818181817,-0.15151515151515138,-0.04381695607087775
4819,-3.080808080808081,-0.15151515151515138,0.05703008081282118
4820,-2.9797979797979797,-0.15151515151515138,0.15728919888151593
4821,-2.878787878787879,-0.15151515151515138,0.2559403146991471
4822,-2.7777777777777777,-0.15151515151515138,0.3519800760547413
4823,-2.676767676767677,-0.15151515151515138,0.4444321268759809
4824,-2.5757575757575757,-0.15151515151515138,0.532357103191943
4825,-2.474747474747475,-0.15151515151515138,0.6148622600152872
4826,-2.3737373737373737,-0.15151515151515138,0.691110633360396
4827,-2.272727272727273,-0.15151515151515138,0.760329647159832
4828,-2.1717171717171717,-0.15151515151515138,0.8218190816309444
4829,-2.070707070707071,-0.15151515151515138,0.8749583277608791
4830,-1.9696969696969697,-0.15151515151515138,0.919212862175412
4831,-1.868686868686869,-0.15151515151515138,0.9541398880098124
4832,-1.7676767676767677,-0.15151515151515138,0.9793931009929506
4833,-1.6666666666666665,-0.15151515151515138,0.9947265566385105
4834,-1.5656565656565657,-0.15151515151515138,0.9999976357061501
4835,-1.4646464646464645,-0.15151515151515138,0.99516913362206
4836,-1.3636363636363638,-0.15151515151515138,0.9803105401976915
4837,-1.2626262626262625,-0.15151515151515138,0.955598637856862
4838,-1.1616161616161618,-0.15151515151515138,0.9213176472616389
4839,-1.0606060606060606,-0.15151515151515138,0.8778593240579886
4840,-0.9595959595959593,-0.15151515151515138,0.8257237337780203
4841,-0.858585858585859,-0.15151515151515138,0.765522068592845
4842,-0.7575757575757578,-0.15151515151515138,0.697984208432581
4843,-0.6565656565656566,-0.15151515151515138,0.6239767552879489
4844,-0.5555555555555554,-0.15151515151515138,0.5445446988558529
4845,-0.45454545454545503,-0.15151515151515138,0.46100995868173555
4846,-0.3535353535353538,-0.15151515151515138,0.3752208352661648
4847,-0.2525252525252526,-0.15151515151515138,0.2902542546995106
4848,-0.15151515151515138,-0.15151515151515138,0.2126388515658186
4849,-0.050505050505050164,-0.15151515151515138,0.15903288430778936
4850,0.050505050505050164,-0.15151515151515138,0.15903288430778936
4851,0.15151515151515138,-0.15151515151515138,0.2126388515658186
4852,0.2525252525252526,-0.15151515151515138,0.2902542546995106
4853,0.3535353535353538,-0.15151515151515138,0.3752208352661648
4854,0.45454545454545414,-0.15151515151515138,0.46100995868173483
4855,0.5555555555555554,-0.15151515151515138,0.5445446988558529
4856,0.6565656565656566,-0.15151515151515138,0.6239767552879489
4857,0.7575757575757578,-0.15151515151515138,0.697984208432581
4858,0.8585858585858581,-0.15151515151515138,0.7655220685928444
4859,0.9595959595959593,-0.15151515151515138,0.8257237337780203
4860,1.0606060606060606,-0.15151515151515138,0.8778593240579886
4861,1.1616161616161618,-0.15151515151515138,0.9213176472616389
4862,1.262626262626262,-0.15151515151515138,0.9555986378568619
4863,1.3636363636363633,-0.15151515151515138,0.9803105401976914
4864,1.4646464646464645,-0.15151515151515138,0.99516913362206
4865,1.5656565656565657,-0.15151515151515138,0.9999976357061501
4866,1.666666666666667,-0.15151515151515138,0.9947265566385104
4867,1.7676767676767673,-0.15151515151515138,0.9793931009929506
4868,1.8686868686868685,-0.15151515151515138,0.9541398880098125
4869,1.9696969696969697,-0.15151515151515138,0.919212862175412
4870,2.070707070707071,-0.15151515151515138,0.8749583277608791
4871,2.1717171717171713,-0.15151515151515138,0.8218190816309447
4872,2.2727272727272725,-0.15151515151515138,0.7603296471598323
4873,2.3737373737373737,-0.15151515151515138,0.691110633360396
4874,2.474747474747475,-0.15151515151515138,0.6148622600152872
4875,2.5757575757575752,-0.15151515151515138,0.5323571031919434
4876,2.6767676767676765,-0.15151515151515138,0.44443212687598127
4877,2.7777777777777777,-0.15151515151515138,0.3519800760547413
4878,2.878787878787879,-0.15151515151515138,0.2559403146991471
4879,2.9797979797979792,-0.15151515151515138,0.15728919888151593
4880,3.0808080808080813,-0.15151515151515138,0.05703008081282074
4881,3.1818181818181817,-0.15151515151515138,-0.04381695607087775
4882,3.282828282828282,-0.15151515151515138,-0.14422552767392682
4883,3.383838383838384,-0.15151515151515138,-0.24317344015414893
4884,3.4848484848484844,-0.15151515151515138,-0.33965313502679884
4885,3.5858585858585865,-0.15151515151515138,-0.432681982590319
4886,3.686868686868687,-0.15151515151515138,-0.5213123192140504
4887,3.787878787878787,-0.15151515151515138,-0.6046411265338256
4888,3.8888888888888893,-0.15151515151515138,-0.6818192541699645
4889,3.9898989898989896,-0.15151515151515138,-0.7520600921717984
4890,4.09090909090909,-0.15151515151515138,-0.8146476049522496
4891,4.191919191919192,-0.15151515151515138,-0.8689436449454537
4892,4.292929292929292,-0.15151515151515138,-0.9143944715317058
4893,4.3939393939393945,-0.15151515151515138,-0.9505364088507622
4894,4.494949494949495,-0.15151515151515138,-0.9770005848830537
4895,4.595959595959595,-0.15151515151515138,-0.9935167035284442
4896,4.696969696969697,-0.15151515151515138,-0.9999158112575521
4897,4.797979797979798,-0.15151515151515138,-0.9961320301504691
4898,4.8989898989899,-0.15151515151515138,-0.9822032396670075
4899,5.0,-0.15151515151515138,-0.9582707002037003
4900,-5.0,-0.050505050505050164,-0.9588518898962102
4901,-4.898989898989899,-0.050505050505050164,-0.9825921783309262
4902,-4.797979797979798,-0.050505050505050164,-0.9963165833447183
4903,-4.696969696969697,-0.050505050505050164,-0.9998852748963829
4904,-4.595959595959596,-0.050505050505050164,-0.9932619494448148
4905,-4.494949494949495,-0.050505050505050164,-0.9765141989585365
4906,-4.393939393939394,-0.050505050505050164,-0.9498128207233988
4907,-4.292929292929293,-0.050505050505050164,-0.9134300749838847
4908,-4.191919191919192,-0.050505050505050164,-0.8677369081789432
4909,-4.090909090909091,-0.050505050505050164,-0.8131991700775237
4910,-3.9898989898989896,-0.050505050505050164,-0.7503728633744201
4911,-3.888888888888889,-0.050505050505050164,-0.6798984741690715
4912,-3.787878787878788,-0.050505050505050164,-0.6024944411180002
4913,-3.686868686868687,-0.050505050505050164,-0.5189498298299884
4914,-3.5858585858585856,-0.050505050505050164,-0.43011628717232975
4915,-3.484848484848485,-0.050505050505050164,-0.3368993574937604
4916,-3.383838383838384,-0.050505050505050164,-0.2402492492700677
4917,-3.282828282828283,-0.050505050505050164,-0.1411511462752636
4918,-3.1818181818181817,-0.050505050505050164,-0.040615162017242155
4919,-3.080808080808081,-0.050505050505050164,0.06033396019573994
4920,-2.9797979797979797,-0.050505050505050164,0.16066729661026316
4921,-2.878787878787879,-0.050505050505050164,0.2593622353494284
4922,-2.7777777777777777,-0.050505050505050164,0.355412904828242
4923,-2.676767676767677,-0.050505050505050164,0.4478404320684168
4924,-2.5757575757575757,-0.050505050505050164,0.5357029264885605
4925,-2.474747474747475,-0.050505050505050164,0.6181050875931962
4926,-2.3737373737373737,-0.050505050505050164,0.6942073388851228
4927,-2.272727272727273,-0.050505050505050164,0.763234395248184
4928,-2.1717171717171717,-0.050505050505050164,0.8244831769532214
4929,-2.070707070707071,-0.050505050505050164,0.8773299902864613
4930,-1.9696969696969697,-0.050505050505050164,0.9212369025449566
4931,-1.868686868686869,-0.050505050505050164,0.9557572477530863
4932,-1.7676767676767677,-0.050505050505050164,0.9805402089113274
4933,-1.6666666666666665,-0.050505050505050164,0.9953344329155889
4934,-1.5656565656565657,-0.050505050505050164,0.9999906455786104
4935,-1.4646464646464645,-0.050505050505050164,0.9944632466815394
4936,-1.3636363636363638,-0.050505050505050164,0.9788108791925219
4937,-1.2626262626262625,-0.050505050505050164,0.9531959837542944
4938,-1.1616161616161618,-0.050505050505050164,0.9178833714048736
4939,-1.0606060606060606,-0.050505050505050164,0.8732378787406762
4940,-0.9595959595959593,-0.050505050505050164,0.8197212201389523
4941,-0.858585858585859,-0.050505050505050164,0.7578882437180992
4942,-0.7575757575757578,-0.050505050505050164,0.6883829867956248
4943,-0.6565656565656566,-0.050505050505050164,0.6119353609573891
4944,-0.5555555555555554,-0.050505050505050164,0.5293604173364629
4945,-0.45454545454545503,-0.050505050505050164,0.44156544746912885
4946,-0.3535353535353538,-0.050505050505050164,0.34958173759982264
4947,-0.2525252525252526,-0.050505050505050164,0.25468914898193473
4948,-0.15151515151515138,-0.050505050505050164,0.15903288430778936
4949,-0.050505050505050164,-0.050505050505050164,0.07136421359567187
4950,0.050505050505050164,-0.050505050505050164,0.07136421359567187
4951,0.15151515151515138,-0.050505050505050164,0.15903288430778936
4952,0.2525252525252526,-0.050505050505050164,0.25468914898193473
4953,0.3535353535353538,-0.050505050505050164,0.34958173759982264
4954,0.45454545454545414,-0.050505050505050164,0.44156544746912807
4955,0.5555555555555554,-0.050505050505050164,0.5293604173364629
4956,0.6565656565656566,-0.050505050505050164,0.6119353609573891
4957,0.7575757575757578,-0.050505050505050164,0.6883829867956248
4958,0.8585858585858581,-0.050505050505050164,0.7578882437180986
4959,0.9595959595959593,-0.050505050505050164,0.8197212201389523
4960,1.0606060606060606,-0.050505050505050164,0.8732378787406762
4961,1.1616161616161618,-0.050505050505050164,0.9178833714048736
4962,1.262626262626262,-0.050505050505050164,0.9531959837542943
4963,1.3636363636363633,-0.050505050505050164,0.9788108791925217
4964,1.4646464646464645,-0.050505050505050164,0.9944632466815394
4965,1.5656565656565657,-0.050505050505050164,0.9999906455786104
4966,1.666666666666667,-0.050505050505050164,0.9953344329155888
4967,1.7676767676767673,-0.050505050505050164,0.9805402089113274
4968,1.8686868686868685,-0.050505050505050164,0.9557572477530863
4969,1.9696969696969697,-0.050505050505050164,0.9212369025449566
4970,2.070707070707071,-0.050505050505050164,0.8773299902864613
4971,2.1717171717171713,-0.050505050505050164,0.8244831769532217
4972,2.2727272727272725,-0.050505050505050164,0.7632343952481844
4973,2.3737373737373737,-0.050505050505050164,0.6942073388851228
4974,2.474747474747475,-0.050505050505050164,0.6181050875931962
4975,2.5757575757575752,-0.050505050505050164,0.5357029264885609
4976,2.6767676767676765,-0.050505050505050164,0.4478404320684172
4977,2.7777777777777777,-0.050505050505050164,0.355412904828242
4978,2.878787878787879,-0.050505050505050164,0.2593622353494284
4979,2.9797979797979792,-0.050505050505050164,0.1606672966102636
4980,3.0808080808080813,-0.050505050505050164,0.06033396019573949
4981,3.1818181818181817,-0.050505050505050164,-0.040615162017242155
4982,3.282828282828282,-0.050505050505050164,-0.1411511462752627
4983,3.383838383838384,-0.050505050505050164,-0.2402492492700677
4984,3.4848484848484844,-0.050505050505050164,-0.33689935749376
4985,3.5858585858585865,-0.050505050505050164,-0.4301162871723305
4986,3.686868686868687,-0.050505050505050164,-0.5189498298299884
4987,3.787878787878787,-0.050505050505050164,-0.6024944411179991
4988,3.8888888888888893,-0.050505050505050164,-0.6798984741690718
4989,3.9898989898989896,-0.050505050505050164,-0.7503728633744201
4990,4.09090909090909,-0.050505050505050164,-0.8131991700775233
4991,4.191919191919192,-0.050505050505050164,-0.8677369081789432
4992,4.292929292929292,-0.050505050505050164,-0.9134300749838847
4993,4.3939393939393945,-0.050505050505050164,-0.9498128207233991
4994,4.494949494949495,-0.050505050505050164,-0.9765141989585365
4995,4.595959595959595,-0.050505050505050164,-0.9932619494448148
4996,4.696969696969697,-0.050505050505050164,-0.9998852748963829
4997,4.797979797979798,-0.050505050505050164,-0.9963165833447183
4998,4.8989898989899,-0.050505050505050164,-0.9825921783309259
4999,5.0,-0.050505050505050164,-0.9588518898962102
5000,-5.0,0.050505050505050164,-0.9588518898962102
5001,-4.898989898989899,0.050505050505050164,-0.9825921783309262
5002,-4.797979797979798,0.050505050505050164,-0.9963165833447183
5003,-4.696969696969697,0.050505050505050164,-0.9998852748963829
5004,-4.595959595959596,0.050505050505050164,-0.9932619494448148
5005,-4.494949494949495,0.050505050505050164,-0.9765141989585365
5006,-4.393939393939394,0.050505050505050164,-0.9498128207233988
5007,-4.292929292929293,0.050505050505050164,-0.9134300749838847
5008,-4.191919191919192,0.050505050505050164,-0.8677369081789432
5009,-4.090909090909091,0.050505050505050164,-0.8131991700775237
5010,-3.9898989898989896,0.050505050505050164,-0.7503728633744201
5011,-3.888888888888889,0.050505050505050164,-0.6798984741690715
5012,-3.787878787878788,0.050505050505050164,-0.6024944411180002
5013,-3.686868686868687,0.050505050505050164,-0.5189498298299884
5014,-3.5858585858585856,0.050505050505050164,-0.43011628717232975
5015,-3.484848484848485,0.050505050505050164,-0.3368993574937604
5016,-3.383838383838384,0.050505050505050164,-0.2402492492700677
5017,-3.282828282828283,0.050505050505050164,-0.1411511462752636
5018,-3.1818181818181817,0.050505050505050164,-0.040615162017242155
5019,-3.080808080808081,0.050505050505050164,0.06033396019573994
5020,-2.9797979797979797,0.050505050505050164,0.16066729661026316
5021,-2.878787878787879,0.050505050505050164,0.2593622353494284
5022,-2.7777777777777777,0.050505050505050164,0.355412904828242
5023,-2.676767676767677,0.050505050505050164,0.4478404320684168
5024,-2.5757575757575757,0.050505050505050164,0.5357029264885605
5025,-2.474747474747475,0.050505050505050164,0.6181050875931962
5026,-2.3737373737373737,0.050505050505050164,0.6942073388851228
5027,-2.272727272727273,0.050505050505050164,0.763234395248184
5028,-2.1717171717171717,0.050505050505050164,0.8244831769532214
5029,-2.070707070707071,0.050505050505050164,0.8773299902864613
5030,-1.9696969696969697,0.050505050505050164,0.9212369025449566
5031,-1.868686868686869,0.050505050505050164,0.9557572477530863
5032,-1.7676767676767677,0.050505050505050164,0.9805402089113274
5033,-1.6666666666666665,0.050505050505050164,0.9953344329155889
5034,-1.5656565656565657,0.050505050505050164,0.9999906455786104
5035,-1.4646464646464645,0.050505050505050164,0.9944632466815394
5036,-1.3636363636363638,0.050505050505050164,0.9788108791925219
5037,-1.2626262626262625,0.050505050505050164,0.9531959837542944
5038,-1.1616161616161618,0.050505050505050164,0.9178833714048736
5039,-1.0606060606060606,0.050505050505050164,0.8732378787406762
5040,-0.9595959595959593,0.050505050505050164,0.8197212201389523
5041,-0.858585858585859,0.050505050505050164,0.7578882437180992
5042,-0.7575757575757578,0.050505050505050164,0.6883829867956248
5043,-0.6565656565656566,0.050505050505050164,0.6119353609573891
5044,-0.5555555555555554,0.050505050505050164,0.5293604173364629
5045,-0.45454545454545503,0.050505050505050164,0.44156544746912885
5046,-0.3535353535353538,0.050505050505050164,0.34958173759982264
5047,-0.2525252525252526,0.050505050505050164,0.25468914898193473
5048,-0.15151515151515138,0.050505050505050164,0.15903288430778936
5049,-0.050505050505050164,0.050505050505050164,0.07136421359567187
5050,0.050505050505050164,0.050505050505050164,0.07136421359567187
5051,0.15151515151515138,0.050505050505050164,0.15903288430778936
5052,0.2525252525252526,0.050505050505050164,0.25468914898193473
5053,0.3535353535353538,0.050505050505050164,0.34958173759982264
5054,0.45454545454545414,0.050505050505050164,0.44156544746912807
5055,0.5555555555555554,0.050505050505050164,0.5293604173364629
5056,0.6565656565656566,0.050505050505050164,0.6119353609573891
5057,0.7575757575757578,0.050505050505050164,0.6883829867956248
5058,0.8585858585858581,0.050505050505050164,0.7578882437180986
5059,0.9595959595959593,0.050505050505050164,0.8197212201389523
5060,1.0606060606060606,0.050505050505050164,0.8732378787406762
5061,1.1616161616161618,0.050505050505050164,0.9178833714048736
5062,1.262626262626262,0.050505050505050164,0.9531959837542943
5063,1.3636363636363633,0.050505050505050164,0.9788108791925217
5064,1.4646464646464645,0.050505050505050164,0.9944632466815394
5065,1.5656565656565657,0.050505050505050164,0.9999906455786104
5066,1.666666666666667,0.050505050505050164,0.9953344329155888
5067,1.7676767676767673,0.050505050505050164,0.9805402089113274
5068,1.8686868686868685,0.050505050505050164,0.9557572477530863
5069,1.9696969696969697,0.050505050505050164,0.9212369025449566
5070,2.070707070707071,0.050505050505050164,0.8773299902864613
5071,2.1717171717171713,0.050505050505050164,0.8244831769532217
5072,2.2727272727272725,0.050505050505050164,0.7632343952481844
5073,2.3737373737373737,0.050505050505050164,0.6942073388851228
5074,2.474747474747475,0.050505050505050164,0.6181050875931962
5075,2.5757575757575752,0.050505050505050164,0.5357029264885609
5076,2.6767676767676765,0.050505050505050164,0.4478404320684172
5077,2.7777777777777777,0.050505050505050164,0.355412904828242
5078,2.878787878787879,0.050505050505050164,0.2593622353494284
5079,2.9797979797979792,0.050505050505050164,0.1606672966102636
5080,3.0808080808080813,0.050505050505050164,0.06033396019573949
5081,3.1818181818181817,0.050505050505050164,-0.040615162017242155
5082,3.282828282828282,0.050505050505050164,-0.1411511462752627
5083,3.383838383838384,0.050505050505050164,-0.2402492492700677
5084,3.4848484848484844,0.050505050505050164,-0.33689935749376
5085,3.5858585858585865,0.050505050505050164,-0.4301162871723305
5086,3.686868686868687,0.050505050505050164,-0.5189498298299884
5087,3.787878787878787,0.050505050505050164,-0.6024944411179991
5088,3.8888888888888893,0.050505050505050164,-0.6798984741690718
5089,3.9898989898989896,0.050505050505050164,-0.7503728633744201
5090,4.09090909090909,0.050505050505050164,-0.8131991700775233
5091,4.191919191919192,0.050505050505050164,-0.8677369081789432
5092,4.292929292929292,0.050505050505050164,-0.9134300749838847
5093,4.3939393939393945,0.050505050505050164,-0.9498128207233991
5094,4.494949494949495,0.050505050505050164,-0.9765141989585365
5095,4.595959595959595,0.050505050505050164,-0.9932619494448148
5096,4.696969696969697,0.050505050505050164,-0.9998852748963829
5097,4.797979797979798,0.050505050505050164,-0.9963165833447183
5098,4.8989898989899,0.050505050505050164,-0.9825921783309259
5099,5.0,0.050505050505050164,-0.9588518898962102
5100,-5.0,0.15151515151515138,-0.9582707002037003
5101,-4.898989898989899,0.15151515151515138,-0.9822032396670076
5102,-4.797979797979798,0.15151515151515138,-0.9961320301504691
5103,-4.696969696969697,0.15151515151515138,-0.9999158112575521
5104,-4.595959595959596,0.15151515151515138,-0.9935167035284443
5105,-4.494949494949495,0.15151515151515138,-0.9770005848830537
5106,-4.393939393939394,0.15151515151515138,-0.950536408850762
5107,-4.292929292929293,0.15151515151515138,-0.9143944715317062
5108,-4.191919191919192,0.15151515151515138,-0.8689436449454537
5109,-4.090909090909091,0.15151515151515138,-0.8146476049522502
5110,-3.9898989898989896,0.15151515151515138,-0.7520600921717984
5111,-3.888888888888889,0.15151515151515138,-0.6818192541699641
5112,-3.787878787878788,0.15151515151515138,-0.6046411265338263
5113,-3.686868686868687,0.15151515151515138,-0.5213123192140504
5114,-3.5858585858585856,0.15151515151515138,-0.43268198259031815
5115,-3.484848484848485,0.15151515151515138,-0.3396531350267993
5116,-3.383838383838384,0.15151515151515138,-0.24317344015414893
5117,-3.282828282828283,0.15151515151515138,-0.1442255276739277
5118,-3.1818181818181817,0.15151515151515138,-0.04381695607087775
5119,-3.080808080808081,0.15151515151515138,0.05703008081282118
5120,-2.9797979797979797,0.15151515151515138,0.15728919888151593
5121,-2.878787878787879,0.15151515151515138,0.2559403146991471
5122,-2.7777777777777777,0.15151515151515138,0.3519800760547413
5123,-2.676767676767677,0.15151515151515138,0.4444321268759809
5124,-2.5757575757575757,0.15151515151515138,0.532357103191943
5125,-2.474747474747475,0.15151515151515138,0.6148622600152872
5126,-2.3737373737373737,0.15151515151515138,0.691110633360396
5127,-2.272727272727273,0.15151515151515138,0.760329647159832
5128,-2.1717171717171717,0.15151515151515138,0.8218190816309444
5129,-2.070707070707071,0.15151515151515138,0.8749583277608791
5130,-1.9696969696969697,0.15151515151515138,0.919212862175412
5131,-1.868686868686869,0.15151515151515138,0.9541398880098124
5132,-1.7676767676767677,0.15151515151515138,0.9793931009929506
5133,-1.6666666666666665,0.15151515151515138,0.9947265566385105
5134,-1.5656565656565657,0.15151515151515138,0.9999976357061501
5135,-1.4646464646464645,0.15151515151515138,0.99516913362206
5136,-1.3636363636363638,0.15151515151515138,0.9803105401976915
5137,-1.2626262626262625,0.15151515151515138,0.955598637856862
5138,-1.1616161616161618,0.15151515151515138,0.9213176472616389
5139,-1.0606060606060606,0.15151515151515138,0.8778593240579886
5140,-0.9595959595959593,0.15151515151515138,0.8257237337780203
5141,-0.858585858585859,0.15151515151515138,0.765522068592845
5142,-0.7575757575757578,0.15151515151515138,0.697984208432581
5143,-0.6565656565656566,0.15151515151515138,0.6239767552879489
5144,-0.5555555555555554,0.15151515151515138,0.5445446988558529
5145,-0.45454545454545503,0.15151515151515138,0.46100995868173555
5146,-0.3535353535353538,0.15151515151515138,0.3752208352661648
5147,-0.2525252525252526,0.15151515151515138,0.2902542546995106
5148,-0.15151515151515138,0.15151515151515138,0.2126388515658186
5149,-0.050505050505050164,0.15151515151515138,0.15903288430778936
5150,0.050505050505050164,0.15151515151515138,0.15903288430778936
5151,0.15151515151515138,0.15151515151515138,0.2126388515658186
5152,0.2525252525252526,0.15151515151515138,0.2902542546995106
5153,0.3535353535353538,0.15151515151515138,0.3752208352661648
5154,0.45454545454545414,0.15151515151515138,0.46100995868173483
5155,0.5555555555555554,0.15151515151515138,0.5445446988558529
5156,0.6565656565656566,0.15151515151515138,0.6239767552879489
5157,0.7575757575757578,0.15151515151515138,0.697984208432581
5158,0.8585858585858581,0.15151515151515138,0.7655220685928444
5159,0.9595959595959593,0.15151515151515138,0.8257237337780203
5160,1.0606060606060606,0.15151515151515138,0.8778593240579886
5161,1.1616161616161618,0.15151515151515138,0.9213176472616389
5162,1.262626262626262,0.15151515151515138,0.9555986378568619
5163,1.3636363636363633,0.15151515151515138,0.9803105401976914
5164,1.4646464646464645,0.15151515151515138,0.99516913362206
5165,1.5656565656565657,0.15151515151515138,0.9999976357061501
5166,1.666666666666667,0.15151515151515138,0.9947265566385104
5167,1.7676767676767673,0.15151515151515138,0.9793931009929506
5168,1.8686868686868685,0.15151515151515138,0.9541398880098125
5169,1.9696969696969697,0.15151515151515138,0.919212862175412
5170,2.070707070707071,0.15151515151515138,0.8749583277608791
5171,2.1717171717171713,0.15151515151515138,0.8218190816309447
5172,2.2727272727272725,0.15151515151515138,0.7603296471598323
5173,2.3737373737373737,0.15151515151515138,0.691110633360396
5174,2.474747474747475,0.15151515151515138,0.6148622600152872
5175,2.5757575757575752,0.15151515151515138,0.5323571031919434
5176,2.6767676767676765,0.15151515151515138,0.44443212687598127
5177,2.7777777777777777,0.15151515151515138,0.3519800760547413
5178,2.878787878787879,0.15151515151515138,0.2559403146991471
5179,2.9797979797979792,0.15151515151515138,0.15728919888151593
5180,3.0808080808080813,0.15151515151515138,0.05703008081282074
5181,3.1818181818181817,0.15151515151515138,-0.04381695607087775
5182,3.282828282828282,0.15151515151515138,-0.14422552767392682
5183,3.383838383838384,0.15151515151515138,-0.24317344015414893
5184,3.4848484848484844,0.15151515151515138,-0.33965313502679884
5185,3.5858585858585865,0.15151515151515138,-0.432681982590319
5186,3.686868686868687,0.15151515151515138,-0.5213123192140504
5187,3.787878787878787,0.15151515151515138,-0.6046411265338256
5188,3.8888888888888893,0.15151515151515138,-0.6818192541699645
5189,3.9898989898989896,0.15151515151515138,-0.7520600921717984
5190,4.09090909090909,0.15151515151515138,-0.8146476049522496
5191,4.191919191919192,0.15151515151515138,-0.8689436449454537
5192,4.292929292929292,0.15151515151515138,-0.9143944715317058
5193,4.3939393939393945,0.15151515151515138,-0.9505364088507622
5194,4.494949494949495,0.15151515151515138,-0.9770005848830537
5195,4.595959595959595,0.15151515151515138,-0.9935167035284442
5196,4.696969696969697,0.15151515151515138,-0.9999158112575521
5197,4.797979797979798,0.15151515151515138,-0.9961320301504691
5198,4.8989898989899,0.15151515151515138,-0.9822032396670075
5199,5.0,0.15151515151515138,-0.9582707002037003
5200,-5.0,0.2525252525252526,-0.9570970810917876
5201,-4.898989898989899,0.2525252525252526,-0.9814130985217269
5202,-4.797979797979798,0.2525252525252526,-0.995749678125162
5203,-4.696969696969697,0.2525252525252526,-0.9999627111192331
5204,-4.595959595959596,0.2525252525252526,-0.9940111791587547
5205,-4.494949494949495,0.2525252525252526,-0.9779575456472122
5206,-4.393939393939394,0.2525252525252526,-0.9519670908175408
5207,-4.292929292929293,0.2525252525252526,-0.91630619734813
5208,-4.191919191919192,0.2525252525252526,-0.8713396039621555
5209,-4.090909090909091,0.2525252525252526,-0.8175266549583122
5210,-3.9898989898989896,0.2525252525252526,-0.7554165838301538
5211,-3.888888888888889,0.2525252525252526,-0.6856428789442476
5212,-3.787878787878788,0.2525252525252526,-0.60891678856245
5213,-3.686868686868687,0.2525252525252526,-0.5260200312137766
5214,-3.5858585858585856,0.2525252525252526,-0.437796785454911
5215,-3.484848484848485,0.2525252525252526,-0.34514504031991694
5216,-3.383838383838384,0.2525252525252526,-0.24900739417053822
5217,-3.282828282828283,0.2525252525252526,-0.15036139514697822
5218,-3.1818181818181817,0.2525252525252526,-0.05020952092116471
5219,-3.080808080808081,0.2525252525252526,0.05043110108679263
5220,-2.9797979797979797,0.2525252525252526,0.15053912950318288
5221,-2.878787878787879,0.2525252525252526,0.2490994960537681
5222,-2.7777777777777777,0.2525252525252526,0.34511383907522203
5223,-2.676767676767677,0.2525252525252526,0.4376107798565125
5224,-2.5757575757575757,0.2525252525252526,0.5256559406169411
5225,-2.474747474747475,0.2525252525252526,0.6083616066811478
5226,-2.3737373737373737,0.2525252525252526,0.6848959405610748
5227,-2.272727272727273,0.2525252525252526,0.7544916623175629
5228,-2.1717171717171717,0.2525252525252526,0.8164541189342546
5229,-2.070707070707071,0.2525252525252526,0.870168675788832
5230,-1.9696969696969697,0.2525252525252526,0.9151073761293469
5231,-1.868686868686869,0.2525252525252526,0.9508348305363067
5232,-1.7676767676767677,0.2525252525252526,0.9770133189589533
5233,-1.6666666666666665,0.2525252525252526,0.9934071151979642
5234,-1.5656565656565657,0.2525252525252526,0.9998860812913046
5235,-1.4646464646464645,0.2525252525252526,0.996428633397451
5236,-1.3636363636363638,0.2525252525252526,0.9831242624908019
5237,-1.2626262626262625,0.2525252525252526,0.960175922457289
5238,-1.1616161616161618,0.2525252525252526,0.927902812236325
5239,-1.0606060606060606,0.2525252525252526,0.8867444492306147
5240,-0.9595959595959593,0.2525252525252526,0.8372676015798669
5241,-0.858585858585859,0.2525252525252526,0.780178914670936
5242,-0.7575757575757578,0.2525252525252526,0.716348576488272
5243,-0.6565656565656566,0.2525252525252526,0.6468555685647891
5244,-0.5555555555555554,0.2525252525252526,0.5730763264575568
5245,-0.45454545454545503,0.2525252525252526,0.49686392711334926
5246,-0.3535353535353538,0.2525252525252526,0.42092142118089787
5247,-0.2525252525252526,0.2525252525252526,0.34958173759982253
5248,-0.15151515151515138,0.2525252525252526,0.2902542546995106
5249,-0.050505050505050164,0.2525252525252526,0.25468914898193473
5250,0.050505050505050164,0.2525252525252526,0.25468914898193473
5251,0.15151515151515138,0.2525252525252526,0.2902542546995106
5252,0.2525252525252526,0.2525252525252526,0.34958173759982253
5253,0.3535353535353538,0.2525252525252526,0.42092142118089787
5254,0.45454545454545414,0.2525252525252526,0.49686392711334854
5255,0.5555555555555554,0.2525252525252526,0.5730763264575568
5256,0.6565656565656566,0.2525252525252526,0.6468555685647891
5257,0.7575757575757578,0.2525252525252526,0.716348576488272
5258,0.8585858585858581,0.2525252525252526,0.7801789146709355
5259,0.9595959595959593,0.2525252525252526,0.8372676015798669
5260,1.0606060606060606,0.2525252525252526,0.8867444492306147
5261,1.1616161616161618,0.2525252525252526,0.927902812236325
5262,1.262626262626262,0.2525252525252526,0.960175922457289
5263,1.3636363636363633,0.2525252525252526,0.9831242624908018
5264,1.4646464646464645,0.2525252525252526,0.996428633397451
5265,1.5656565656565657,0.2525252525252526,0.9998860812913046
5266,1.666666666666667,0.2525252525252526,0.9934071151979642
5267,1.7676767676767673,0.2525252525252526,0.9770133189589533
5268,1.8686868686868685,0.2525252525252526,0.9508348305363068
5269,1.9696969696969697,0.2525252525252526,0.9151073761293469
5270,2.070707070707071,0.2525252525252526,0.870168675788832
5271,2.1717171717171713,0.2525252525252526,0.8164541189342546
5272,2.2727272727272725,0.2525252525252526,0.7544916623175631
5273,2.3737373737373737,0.2525252525252526,0.6848959405610748
5274,2.474747474747475,0.2525252525252526,0.6083616066811478
5275,2.5757575757575752,0.2525252525252526,0.5256559406169415
5276,2.6767676767676765,0.2525252525252526,0.43761077985651287
5277,2.7777777777777777,0.2525252525252526,0.34511383907522203
5278,2.878787878787879,0.2525252525252526,0.2490994960537681
5279,2.9797979797979792,0.2525252525252526,0.15053912950318332
5280,3.0808080808080813,0.2525252525252526,0.050431101086792184
5281,3.1818181818181817,0.2525252525252526,-0.05020952092116471
5282,3.282828282828282,0.2525252525252526,-0.15036139514697733
5283,3.383838383838384,0.2525252525252526,-0.24900739417053822
5284,3.4848484848484844,0.2525252525252526,-0.34514504031991655
5285,3.5858585858585865,0.2525252525252526,-0.43779678545491185
5286,3.686868686868687,0.2525252525252526,-0.5260200312137766
5287,3.787878787878787,0.2525252525252526,-0.6089167885624494
5288,3.8888888888888893,0.2525252525252526,-0.6856428789442479
5289,3.9898989898989896,0.2525252525252526,-0.7554165838301538
5290,4.09090909090909,0.2525252525252526,-0.8175266549583117
5291,4.191919191919192,0.2525252525252526,-0.8713396039621555
5292,4.292929292929292,0.2525252525252526,-0.9163061973481297
5293,4.3939393939393945,0.2525252525252526,-0.9519670908175413
5294,4.494949494949495,0.2525252525252526,-0.9779575456472122
5295,4.595959595959595,0.2525252525252526,-0.9940111791587547
5296,4.696969696969697,0.2525252525252526,-0.9999627111192331
5297,4.797979797979798,0.2525252525252526,-0.995749678125162
5298,4.8989898989899,0.2525252525252526,-0.9814130985217269
5299,5.0,0.2525252525252526,-0.9570970810917876
5300,-5.0,0.3535353535353538,-0.9553086583081228
5301,-4.898989898989899,0.3535353535353538,-0.9801973309166929
5302,-4.797979797979798,0.3535353535353538,-0.9951431367811159
5303,-4.696969696969697,0.3535353535353538,-0.9999977251970503
5304,-4.595959595959596,0.3535353535353538,-0.994715401705296
5305,-4.494949494949495,0.3535353535353538,-0.9793535417053728
5306,-4.393939393939394,0.3535353535353538,-0.9540719508276321
5307,-4.292929292929293,0.3535353535353538,-0.9191311785651227
5308,-4.191919191919192,0.3535353535353538,-0.8748898023074512
5309,-4.090909090909091,0.3535353535353538,-0.8218007093760527
5310,-3.9898989898989896,0.3535353535353538,-0.7604064148250015
5311,-3.888888888888889,0.3535353535353538,-0.6913334625378165
5312,-3.787878787878788,0.3535353535353538,-0.6152859664159317
5313,-3.686868686868687,0.3535353535353538,-0.533038357120323
5314,-3.5858585858585856,0.3535353535353538,-0.44542740780080553
5315,-3.484848484848485,0.3535353535353538,-0.3533436194399554
5316,-3.383838383838384,0.3535353535353538,-0.2577220527686863
5317,-3.282828282828283,0.3535353535353538,-0.15953269910242523
5318,-3.1818181818181817,0.3535353535353538,-0.059770486830808184
5319,-3.080808080808081,0.3535353535353538,0.04055497639473452
5320,-2.9797979797979797,0.3535353535353538,0.14042982355284522
5321,-2.878787878787879,0.3535353535353538,0.23884640701449342
5322,-2.7777777777777777,0.3535353535353538,0.33481373323238717
5323,-2.676767676767677,0.3535353535353538,0.4273677519993428
5324,-2.5757575757575757,0.3535353535353538,0.5155814019033523
5325,-2.474747474747475,0.3535353535353538,0.5985743181019858
5326,-2.3737373737373737,0.3535353535353538,0.6755221146955986
5327,-2.272727272727273,0.3535353535353538,0.7456651620230641
5328,-2.1717171717171717,0.3535353535353538,0.8083167894773732
5329,-2.070707070707071,0.3535353535353538,0.8628708574682639
5330,-1.9696969696969697,0.3535353535353538,0.9088086587673829
5331,-1.868686868686869,0.3535353535353538,0.9457051309556064
5332,-1.7676767676767677,0.3535353535353538,0.973234390122531
5333,-1.6666666666666665,0.3535353535353538,0.9911746346917739
5334,-1.5656565656565657,0.3535353535353538,0.9994125227529366
5335,-1.4646464646464645,0.3535353535353538,0.9979472057268537
5336,-1.3636363636363638,0.3535353535353538,0.9868943211192435
5337,-1.2626262626262625,0.3535353535353538,0.9664904344370984
5338,-1.1616161616161618,0.3535353535353538,0.937098722574734
5339,-1.0606060606060606,0.3535353535353538,0.8992171937177972
5340,-0.9595959595959593,0.3535353535353538,0.85349159892251
5341,-0.858585858585859,0.3535353535353538,0.8007366986584452
5342,-0.7575757575757578,0.3535353535353538,0.7419722404855618
5343,-0.6565656565656566,0.3535353535353538,0.6784848353139196
5344,-0.5555555555555554,0.3535353535353538,0.611935360957389
5345,-0.45454545454545503,0.3535353535353538,0.5445446988558535
5346,-0.3535353535353538,0.3535353535353538,0.4794031528511482
5347,-0.2525252525252526,0.3535353535353538,0.42092142118089787
5348,-0.15151515151515138,0.3535353535353538,0.3752208352661648
5349,-0.050505050505050164,0.3535353535353538,0.34958173759982264
5350,0.050505050505050164,0.3535353535353538,0.34958173759982264
5351,0.15151515151515138,0.3535353535353538,0.3752208352661648
5352,0.2525252525252526,0.3535353535353538,0.42092142118089787
5353,0.3535353535353538,0.3535353535353538,0.4794031528511482
5354,0.45454545454545414,0.3535353535353538,0.544544698855853
5355,0.5555555555555554,0.3535353535353538,0.611935360957389
5356,0.6565656565656566,0.3535353535353538,0.6784848353139196
5357,0.7575757575757578,0.3535353535353538,0.7419722404855618
5358,0.8585858585858581,0.3535353535353538,0.8007366986584447
5359,0.9595959595959593,0.3535353535353538,0.85349159892251
5360,1.0606060606060606,0.3535353535353538,0.8992171937177972
5361,1.1616161616161618,0.3535353535353538,0.937098722574734
5362,1.262626262626262,0.3535353535353538,0.9664904344370983
5363,1.3636363636363633,0.3535353535353538,0.9868943211192435
5364,1.4646464646464645,0.3535353535353538,0.9979472057268537
5365,1.5656565656565657,0.3535353535353538,0.9994125227529366
5366,1.666666666666667,0.3535353535353538,0.9911746346917739
5367,1.7676767676767673,0.3535353535353538,0.9732343901225311
5368,1.8686868686868685,0.3535353535353538,0.9457051309556066
5369,1.9696969696969697,0.3535353535353538,0.9088086587673829
5370,2.070707070707071,0.3535353535353538,0.8628708574682639
5371,2.1717171717171713,0.3535353535353538,0.8083167894773734
5372,2.2727272727272725,0.3535353535353538,0.7456651620230643
5373,2.3737373737373737,0.3535353535353538,0.6755221146955986
5374,2.474747474747475,0.3535353535353538,0.5985743181019858
5375,2.5757575757575752,0.3535353535353538,0.5155814019033528
5376,2.6767676767676765,0.3535353535353538,0.42736775199934324
5377,2.7777777777777777,0.3535353535353538,0.33481373323238717
5378,2.878787878787879,0.3535353535353538,0.23884640701449342
5379,2.9797979797979792,0.3535353535353538,0.14042982355284522
5380,3.0808080808080813,0.3535353535353538,0.040554976394733634
5381,3.1818181818181817,0.3535353535353538,-0.059770486830808184
5382,3.282828282828282,0.3535353535353538,-0.15953269910242435
5383,3.383838383838384,0.3535353535353538,-0.2577220527686863
5384,3.4848484848484844,0.3535353535353538,-0.35334361943995496
5385,3.5858585858585865,0.3535353535353538,-0.4454274078008063
5386,3.686868686868687,0.3535353535353538,-0.533038357120323
5387,3.787878787878787,0.3535353535353538,-0.615285966415931
5388,3.8888888888888893,0.3535353535353538,-0.6913334625378168
5389,3.9898989898989896,0.3535353535353538,-0.7604064148250015
5390,4.09090909090909,0.3535353535353538,-0.8218007093760521
5391,4.191919191919192,0.3535353535353538,-0.8748898023074512
5392,4.292929292929292,0.3535353535353538,-0.9191311785651224
5393,4.3939393939393945,0.3535353535353538,-0.9540719508276326
5394,4.494949494949495,0.3535353535353538,-0.9793535417053728
5395,4.595959595959595,0.3535353535353538,-0.9947154017052959
5396,4.696969696969697,0.3535353535353538,-0.9999977251970503
5397,4.797979797979798,0.3535353535353538,-0.9951431367811159
5398,4.8989898989899,0.3535353535353538,-0.9801973309166929
5399,5.0,0.3535353535353538,-0.9553086583081228
5400,-5.0,0.45454545454545414,-0.9528721336041686
5401,-4.898989898989899,0.45454545454545414,-0.9785195603345841
5402,-4.797979797979798,0.45454545454545414,-0.9942730728725142
5403,-4.696969696969697,0.45454545454545414,-0.9999787214224295
5404,-4.595959595959596,0.45454545454545414,-0.9955846363786908
5405,-4.494949494949495,0.45454545454545414,-0.9811414716714286
5406,-4.393939393939394,0.45454545454545414,-0.9568017988811471
5407,-4.292929292929293,0.45454545454545414,-0.9228184582795815
5408,-4.191919191919192,0.45454545454545414,-0.8795418835415977
5409,-4.090909090909091,0.45454545454545414,-0.8274164272751893
5410,-3.9898989898989896,0.45454545454545414,-0.7669757246248852
5411,-3.888888888888889,0.45454545454545414,-0.6988371419113965
5412,-3.787878787878788,0.45454545454545414,-0.6236953664734693
5413,-3.686868686868687,0.45454545454545414,-0.5423152024769226
5414,-3.5858585858585856,0.45454545454545414,-0.45552364535548895
5415,-3.484848484848485,0.45454545454545414,-0.3642013146580029
5416,-3.383838383838384,0.45454545454545414,-0.2692733313115008
5417,-3.282828282828283,0.45454545454545414,-0.1716997305896575
5418,-3.1818181818181817,0.45454545454545414,-0.07246550632481723
5419,-3.080808080808081,0.45454545454545414,0.02742961495284719
5420,-2.9797979797979797,0.45454545454545414,0.126981569295206
5421,-2.878787878787879,0.45454545454545414,0.22519241865898335
5422,-2.7777777777777777,0.45454545454545414,0.32108078150100944
5423,-2.676767676767677,0.45454545454545414,0.4136921319021714
5424,-2.5757575757575757,0.45454545454545414,0.5021088720418412
5425,-2.474747474747475,0.45454545454545414,0.5854600881062092
5426,-2.3737373737373737,0.45454545454545414,0.6629309068925674
5427,-2.272727272727273,0.45454545454545414,0.7337713797867592
5428,-2.1717171717171717,0.45454545454545414,0.7973048329154347
5429,-2.070707070707071,0.45454545454545414,0.8529356378173089
5430,-1.9696969696969697,0.45454545454545414,0.9001563770140012
5431,-1.868686868686869,0.45454545454545414,0.9385544050387089
5432,-1.7676767676767677,0.45454545454545414,0.9678178403479719
5433,-1.6666666666666665,0.45454545454545414,0.9877410710768539
5434,-1.5656565656565657,0.45454545454545414,0.998229924076465
5435,-1.4646464646464645,0.45454545454545414,0.9993067420904798
5436,-1.3636363636363638,0.45454545454545414,0.991115754348551
5437,-1.2626262626262625,0.45454545454545414,0.973929337268268
5438,-1.1616161616161618,0.45454545454545414,0.9481560864835349
5439,-1.0606060606060606,0.45454545454545414,0.9143521267867956
5440,-0.9595959595959593,0.45454545454545414,0.873237878740676
5441,-0.858585858585859,0.45454545454545414,0.8257237337780206
5442,-0.7575757575757578,0.45454545454545414,0.7729499452238663
5443,-0.6565656565656566,0.45454545454545414,0.7163485764882718
5444,-0.5555555555555554,0.45454545454545414,0.6577378702258098
5445,-0.45454545454545503,0.45454545454545414,0.5994584528311391
5446,-0.3535353535353538,0.45454545454545414,0.544544698855853
5447,-0.2525252525252526,0.45454545454545414,0.49686392711334854
5448,-0.15151515151515138,0.45454545454545414,0.46100995868173483
5449,-0.050505050505050164,0.45454545454545414,0.44156544746912807
5450,0.050505050505050164,0.45454545454545414,0.44156544746912807
5451,0.15151515151515138,0.45454545454545414,0.46100995868173483
5452,0.2525252525252526,0.45454545454545414,0.49686392711334854
5453,0.3535353535353538,0.45454545454545414,0.544544698855853
5454,0.45454545454545414,0.45454545454545414,0.5994584528311386
5455,0.5555555555555554,0.45454545454545414,0.6577378702258098
5456,0.6565656565656566,0.45454545454545414,0.7163485764882718
5457,0.7575757575757578,0.45454545454545414,0.7729499452238663
5458,0.8585858585858581,0.45454545454545414,0.8257237337780201
5459,0.9595959595959593,0.45454545454545414,0.873237878740676
5460,1.0606060606060606,0.45454545454545414,0.9143521267867956
5461,1.1616161616161618,0.45454545454545414,0.9481560864835349
5462,1.262626262626262,0.45454545454545414,0.9739293372682678
5463,1.3636363636363633,0.45454545454545414,0.991115754348551
5464,1.4646464646464645,0.45454545454545414,0.9993067420904798
5465,1.5656565656565657,0.45454545454545414,0.998229924076465
5466,1.666666666666667,0.45454545454545414,0.9877410710768538
5467,1.7676767676767673,0.45454545454545414,0.967817840347972
5468,1.8686868686868685,0.45454545454545414,0.938554405038709
5469,1.9696969696969697,0.45454545454545414,0.9001563770140012
5470,2.070707070707071,0.45454545454545414,0.8529356378173089
5471,2.1717171717171713,0.45454545454545414,0.797304832915435
5472,2.2727272727272725,0.45454545454545414,0.7337713797867594
5473,2.3737373737373737,0.45454545454545414,0.6629309068925674
5474,2.474747474747475,0.45454545454545414,0.5854600881062092
5475,2.5757575757575752,0.45454545454545414,0.5021088720418415
5476,2.6767676767676765,0.45454545454545414,0.4136921319021718
5477,2.7777777777777777,0.45454545454545414,0.32108078150100944
5478,2.878787878787879,0.45454545454545414,0.22519241865898335
5479,2.9797979797979792,0.45454545454545414,0.12698156929520643
5480,3.0808080808080813,0.45454545454545414,0.027429614952846747
5481,3.1818181818181817,0.45454545454545414,-0.07246550632481723
5482,3.282828282828282,0.45454545454545414,-0.17169973058965665
5483,3.383838383838384,0.45454545454545414,-0.2692733313115008
5484,3.4848484848484844,0.45454545454545414,-0.3642013146580025
5485,3.5858585858585865,0.45454545454545414,-0.4555236453554897
5486,3.686868686868687,0.45454545454545414,-0.5423152024769226
5487,3.787878787878787,0.45454545454545414,-0.6236953664734687
5488,3.8888888888888893,0.45454545454545414,-0.6988371419113968
5489,3.9898989898989896,0.45454545454545414,-0.7669757246248852
5490,4.09090909090909,0.45454545454545414,-0.8274164272751888
5491,4.191919191919192,0.45454545454545414,-0.8795418835415977
5492,4.292929292929292,0.45454545454545414,-0.9228184582795812
5493,4.3939393939393945,0.45454545454545414,-0.9568017988811475
5494,4.494949494949495,0.45454545454545414,-0.9811414716714286
5495,4.595959595959595,0.45454545454545414,-0.9955846363786907
5496,4.696969696969697,0.45454545454545414,-0.9999787214224295
5497,4.797979797979798,0.45454545454545414,-0.9942730728725142
5498,4.8989898989899,0.45454545454545414,-0.9785195603345841
5499,5.0,0.45454545454545414,-0.9528721336041686
5500,-5.0,0.5555555555555554,-0.949743600814542
5501,-4.898989898989899,0.5555555555555554,-0.9763317698884749
5502,-4.797979797979798,0.5555555555555554,-0.9930875147938073
5503,-4.696969696969697,0.5555555555555554,-0.9998499772654603
5504,-4.595959595959596,0.5555555555555554,-0.9965596636922956
5505,-4.494949494949495,0.5555555555555554,-0.9832589256096175
5506,-4.393939393939394,0.5555555555555554,-0.9600913960109115
5507,-4.292929292929293,0.5555555555555554,-0.9273003872198778
5508,-4.191919191919192,0.5555555555555554,-0.8852262665865006
5509,-4.090909090909091,0.5555555555555554,-0.8343028366078113
5510,-3.9898989898989896,0.5555555555555554,-0.7750527561157246
5511,-3.888888888888889,0.5555555555555554,-0.7080820488134968
5512,-3.787878787878788,0.5555555555555554,-0.6340737545743809
5513,-3.686868686868687,0.5555555555555554,-0.5537807874399078
5514,-3.5858585858585856,0.5555555555555554,-0.46801807207387647
5515,-3.484848484848485,0.5555555555555554,-0.3776540374488745
5516,-3.383838383838384,0.5555555555555554,-0.28360155267666104
5517,-3.282828282828283,0.5555555555555554,-0.18680839505760696
5518,-3.1818181818181817,0.5555555555555554,-0.08824734453638139
5519,-3.080808080808081,0.5555555555555554,0.011093998268481006
5520,-2.9797979797979797,0.5555555555555554,0.11022357152514073
5521,-2.878787878787879,0.5555555555555554,0.20815528973215205
5522,-2.7777777777777777,0.5555555555555554,0.3039194608600497
5523,-2.676767676767677,0.5555555555555554,0.3965730870339652
5524,-2.5757575757575757,0.5555555555555554,0.48520995677966205
5525,-2.474747474747475,0.5555555555555554,0.5689704427772956
5526,-2.3737373737373737,0.5555555555555554,0.6470509270969081
5527,-2.272727272727273,0.5555555555555554,0.718712786402525
5528,-2.1717171717171717,0.5555555555555554,0.7832908831490907
5529,-2.070707070707071,0.5555555555555554,0.8402015261475367
5530,-1.9696969696969697,0.5555555555555554,0.8889498861986046
5531,-1.868686868686869,0.5555555555555554,0.929136881512153
5532,-1.7676767676767677,0.5555555555555554,0.9604655858868281
5533,-1.6666666666666665,0.5555555555555554,0.9827472639276573
5534,-1.5656565656565657,0.5555555555555554,0.9959072075987283
5535,-1.4646464646464645,0.5555555555555554,0.9999906455786104
5536,-1.3636363636363638,0.5555555555555554,0.99516913362206
5537,-1.2626262626262625,0.5555555555555554,0.9817480282907897
5538,-1.1616161616161618,0.5555555555555554,0.9601759224572891
5539,-1.0606060606060606,0.5555555555555554,0.9310573088691847
5540,-0.9595959595959593,0.5555555555555554,0.8951702640914404
5541,-0.858585858585859,0.5555555555555554,0.8534915989225103
5542,-0.7575757575757578,0.5555555555555554,0.8072325586106469
5543,-0.6565656565656566,0.5555555555555554,0.7578882437180988
5544,-0.5555555555555554,0.5555555555555554,0.7073019425301442
5545,-0.45454545454545503,0.5555555555555554,0.6577378702258101
5546,-0.3535353535353538,0.5555555555555554,0.611935360957389
5547,-0.2525252525252526,0.5555555555555554,0.5730763264575568
5548,-0.15151515151515138,0.5555555555555554,0.5445446988558529
5549,-0.050505050505050164,0.5555555555555554,0.5293604173364629
5550,0.050505050505050164,0.5555555555555554,0.5293604173364629
5551,0.15151515151515138,0.5555555555555554,0.5445446988558529
5552,0.2525252525252526,0.5555555555555554,0.5730763264575568
5553,0.3535353535353538,0.5555555555555554,0.611935360957389
5554,0.45454545454545414,0.5555555555555554,0.6577378702258098
5555,0.5555555555555554,0.5555555555555554,0.7073019425301442
5556,0.6565656565656566,0.5555555555555554,0.7578882437180988
5557,0.7575757575757578,0.5555555555555554,0.8072325586106469
5558,0.8585858585858581,0.5555555555555554,0.8534915989225099
5559,0.9595959595959593,0.5555555555555554,0.8951702640914404
5560,1.0606060606060606,0.5555555555555554,0.9310573088691847
5561,1.1616161616161618,0.5555555555555554,0.9601759224572891
5562,1.262626262626262,0.5555555555555554,0.9817480282907896
5563,1.3636363636363633,0.5555555555555554,0.99516913362206
5564,1.4646464646464645,0.5555555555555554,0.9999906455786104
5565,1.5656565656565657,0.5555555555555554,0.9959072075987283
5566,1.666666666666667,0.5555555555555554,0.9827472639276573
5567,1.7676767676767673,0.5555555555555554,0.9604655858868281
5568,1.8686868686868685,0.5555555555555554,0.9291368815121531
5569,1.9696969696969697,0.5555555555555554,0.8889498861986046
5570,2.070707070707071,0.5555555555555554,0.8402015261475367
5571,2.1717171717171713,0.5555555555555554,0.7832908831490909
5572,2.2727272727272725,0.5555555555555554,0.7187127864025254
5573,2.3737373737373737,0.5555555555555554,0.6470509270969081
5574,2.474747474747475,0.5555555555555554,0.5689704427772956
5575,2.5757575757575752,0.5555555555555554,0.48520995677966244
5576,2.6767676767676765,0.5555555555555554,0.39657308703396565
5577,2.7777777777777777,0.5555555555555554,0.3039194608600497
5578,2.878787878787879,0.5555555555555554,0.20815528973215205
5579,2.9797979797979792,0.5555555555555554,0.11022357152514073
5580,3.0808080808080813,0.5555555555555554,0.011093998268480117
5581,3.1818181818181817,0.5555555555555554,-0.08824734453638139
5582,3.282828282828282,0.5555555555555554,-0.1868083950576061
5583,3.383838383838384,0.5555555555555554,-0.28360155267666104
5584,3.4848484848484844,0.5555555555555554,-0.37765403744887405
5585,3.5858585858585865,0.5555555555555554,-0.46801807207387724
5586,3.686868686868687,0.5555555555555554,-0.5537807874399078
5587,3.787878787878787,0.5555555555555554,-0.6340737545743802
5588,3.8888888888888893,0.5555555555555554,-0.7080820488134971
5589,3.9898989898989896,0.5555555555555554,-0.7750527561157246
5590,4.09090909090909,0.5555555555555554,-0.8343028366078108
5591,4.191919191919192,0.5555555555555554,-0.8852262665865006
5592,4.292929292929292,0.5555555555555554,-0.9273003872198775
5593,4.3939393939393945,0.5555555555555554,-0.960091396010912
5594,4.494949494949495,0.5555555555555554,-0.9832589256096175
5595,4.595959595959595,0.5555555555555554,-0.9965596636922955
5596,4.696969696969697,0.5555555555555554,-0.9998499772654603
5597,4.797979797979798,0.5555555555555554,-0.9930875147938073
5598,4.8989898989899,0.5555555555555554,-0.9763317698884749
5599,5.0,0.5555555555555554,-0.949743600814542
5600,-5.0,0.6565656565656566,-0.9458689677445706
5601,-4.898989898989899,0.6565656565656566,-0.9735747198218837
5602,-4.797979797979798,0.6565656565656566,-0.9915222606765699
5603,-4.696969696969697,0.6565656565656566,-0.9995425728379271
5604,-4.595959595959596,0.6565656565656566,-0.9975671513586649
5605,-4.494949494949495,0.6565656565656566,-0.9856285288355743
5606,-4.393939393939394,0.6565656565656566,-0.9638597623606819
5607,-4.292929292929293,0.6565656565656566,-0.9324928876622942
5608,-4.191919191919192,0.6565656565656566,-0.8918563561440617
5609,-4.090909090909091,0.6565656565656566,-0.8423714807930516
5610,-3.9898989898989896,0.6565656565656566,-0.7845479268951294
5611,-3.888888888888889,0.6565656565656566,-0.718978293059882
5612,-3.787878787878788,0.6565656565656566,-0.6463318371126142
5613,-3.686868686868687,0.6565656565656566,-0.5673474098555205
5614,-3.5858585858585856,0.6565656565656566,-0.4828256674356267
5615,-3.484848484848485,0.6565656565656566,-0.3936206399888853
5616,-3.383838383838384,0.6565656565656566,-0.3006307402672111
5617,-3.282828282828283,0.6565656565656566,-0.20478930101072038
5618,-3.1818181818181817,0.6565656565656566,-0.10705473381577822
5619,-3.080808080808081,0.6565656565656566,-0.008400405086085505
5620,-2.9797979797979797,0.6565656565656566,0.09019567374786475
5621,-2.878787878787879,0.6565656565656566,0.1877612442888051
5622,-2.7777777777777777,0.6565656565656566,0.28334019122905896
5623,-2.676767676767677,0.6565656565656566,0.3760028308494891
5624,-2.5757575757575757,0.6565656565656566,0.4648560088531459
5625,-2.474747474747475,0.6565656565656566,0.5490529247921306
5626,-2.3737373737373737,0.6565656565656566,0.6278026089087384
5627,-2.272727272727273,0.6565656565656566,0.7003789883502085
5628,-2.1717171717171717,0.6565656565656566,0.7661294939609429
5629,-2.070707070707071,0.6565656565656566,0.8244831769532214
5630,-1.9696969696969697,0.6565656565656566,0.8749583277608791
5631,-1.868686868686869,0.6565656565656566,0.91716961877562
5632,-1.7676767676767677,0.6565656565656566,0.9508348305363068
5633,-1.6666666666666665,0.6565656565656566,0.9757812701776686
5634,-1.5656565656565657,0.6565656565656566,0.9919520554724224
5635,-1.4646464646464645,0.6565656565656566,0.9994125227529366
5636,-1.3636363636363638,0.6565656565656566,0.9983571286024153
5637,-1.2626262626262625,0.6565656565656566,0.9891173598137804
5638,-1.1616161616161618,0.6565656565656566,0.9721713470280198
5639,-1.0606060606060606,0.6565656565656566,0.9481560864835349
5640,-0.9595959595959593,0.6565656565656566,0.9178833714048736
5641,-0.858585858585859,0.6565656565656566,0.8823606023386251
5642,-0.7575757575757578,0.6565656565656566,0.842817294952181
5643,-0.6565656565656566,0.6565656565656566,0.8007366986584449
5644,-0.5555555555555554,0.6565656565656566,0.7578882437180988
5645,-0.45454545454545503,0.6565656565656566,0.7163485764882722
5646,-0.3535353535353538,0.6565656565656566,0.6784848353139196
5647,-0.2525252525252526,0.6565656565656566,0.6468555685647891
5648,-0.15151515151515138,0.6565656565656566,0.6239767552879489
5649,-0.050505050505050164,0.6565656565656566,0.6119353609573891
5650,0.050505050505050164,0.6565656565656566,0.6119353609573891
5651,0.15151515151515138,0.6565656565656566,0.6239767552879489
5652,0.2525252525252526,0.6565656565656566,0.6468555685647891
5653,0.3535353535353538,0.6565656565656566,0.6784848353139196
5654,0.45454545454545414,0.6565656565656566,0.7163485764882718
5655,0.5555555555555554,0.6565656565656566,0.7578882437180988
5656,0.6565656565656566,0.6565656565656566,0.8007366986584449
5657,0.7575757575757578,0.6565656565656566,0.842817294952181
5658,0.8585858585858581,0.6565656565656566,0.8823606023386247
5659,0.9595959595959593,0.6565656565656566,0.9178833714048736
5660,1.0606060606060606,0.6565656565656566,0.9481560864835349
5661,1.1616161616161618,0.6565656565656566,0.9721713470280198
5662,1.262626262626262,0.6565656565656566,0.9891173598137802
5663,1.3636363636363633,0.6565656565656566,0.9983571286024153
5664,1.4646464646464645,0.6565656565656566,0.9994125227529366
5665,1.5656565656565657,0.6565656565656566,0.9919520554724224
5666,1.666666666666667,0.6565656565656566,0.9757812701776685
5667,1.7676767676767673,0.6565656565656566,0.9508348305363069
5668,1.8686868686868685,0.6565656565656566,0.9171696187756202
5669,1.9696969696969697,0.6565656565656566,0.8749583277608791
5670,2.070707070707071,0.6565656565656566,0.8244831769532214
5671,2.1717171717171713,0.6565656565656566,0.7661294939609431
5672,2.2727272727272725,0.6565656565656566,0.7003789883502087
5673,2.3737373737373737,0.6565656565656566,0.6278026089087384
5674,2.474747474747475,0.6565656565656566,0.5490529247921306
5675,2.5757575757575752,0.6565656565656566,0.46485600885314626
5676,2.6767676767676765,0.6565656565656566,0.3760028308494895
5677,2.7777777777777777,0.6565656565656566,0.28334019122905896
5678,2.878787878787879,0.6565656565656566,0.1877612442888051
5679,2.9797979797979792,0.6565656565656566,0.09019567374786519
5680,3.0808080808080813,0.6565656565656566,-0.008400405086085949
5681,3.1818181818181817,0.6565656565656566,-0.10705473381577822
5682,3.282828282828282,0.6565656565656566,-0.20478930101071952
5683,3.383838383838384,0.6565656565656566,-0.3006307402672111
5684,3.4848484848484844,0.6565656565656566,-0.39362063998888447
5685,3.5858585858585865,0.6565656565656566,-0.4828256674356275
5686,3.686868686868687,0.6565656565656566,-0.5673474098555205
5687,3.787878787878787,0.6565656565656566,-0.6463318371126135
5688,3.8888888888888893,0.6565656565656566,-0.7189782930598823
5689,3.9898989898989896,0.6565656565656566,-0.7845479268951294
5690,4.09090909090909,0.6565656565656566,-0.8423714807930511
5691,4.191919191919192,0.6565656565656566,-0.8918563561440617
5692,4.292929292929292,0.6565656565656566,-0.9324928876622939
5693,4.3939393939393945,0.6565656565656566,-0.9638597623606822
5694,4.494949494949495,0.6565656565656566,-0.9856285288355743
5695,4.595959595959595,0.6565656565656566,-0.9975671513586648
5696,4.696969696969697,0.6565656565656566,-0.9995425728379271
5697,4.797979797979798,0.6565656565656566,-0.9915222606765699
5698,4.8989898989899,0.6565656565656566,-0.9735747198218835
5699,5.0,0.6565656565656566,-0.9458689677445706
5700,-5.0,0.7575757575757578,-0.941184484073081
5701,-4.898989898989899,0.7575757575757578,-0.9701784712212441
5702,-4.797979797979798,0.7575757575757578,-0.9895013918493959
5703,-4.696969696969697,0.7575757575757578,-0.998974887345495
5704,-4.595959595959596,0.7575757575757578,-0.998520126231167
5705,-4.494949494949495,0.7575757575757578,-0.988158381034201
5706,-4.393939393939394,0.7575757575757578,-0.9680105742837183
5707,-4.292929292929293,0.7575757575757578,-0.9382957983486435
5708,-4.191919191919192,0.7575757575757578,-0.8993288242069458
5709,-4.090909090909091,0.7575757575757578,-0.8515166244149639
5710,-3.9898989898989896,0.7575757575757578,-0.7953539454332744
5711,-3.888888888888889,0.7575757575757578,-0.7314179739500138
5712,-3.787878787878788,0.7575757575757578,-0.6603621508187131
5713,-3.686868686868687,0.7575757575757578,-0.5829091945929511
5714,-3.5858585858585856,0.7575757575757578,-0.4998434042952539
5715,-3.484848484848485,0.7575757575757578,-0.4120023179071384
5716,-3.383838383838384,0.7575757575757578,-0.3202678090188696
5717,-3.282828282828283,0.7575757575757578,-0.2255567090423229
5718,-3.1818181818181817,0.7575757575757578,-0.12881104628120485
5719,-3.080808080808081,0.7575757575757578,-0.030987995883089616
5720,-2.9797979797979797,0.7575757575757578,0.06695036382155799
5721,-2.878787878787879,0.7575757575757578,0.1640473929515558
5722,-2.7777777777777777,0.7575757575757578,0.2593622353494288
5723,-2.676767676767677,0.7575757575757578,0.3519800760547409
5724,-2.5757575757575757,0.7575757575757578,0.44102222414243025
5725,-2.474747474747475,0.7575757575757578,0.5256559406169408
5726,-2.3737373737373737,0.7575757575757578,0.6051039397430938
5727,-2.272727272727273,0.7575757575757578,0.6786535033814994
5728,-2.1717171717171717,0.7575757575757578,0.7456651620230641
5729,-2.070707070707071,0.7575757575757578,0.805580913875564
5730,-1.9696969696969697,0.7575757575757578,0.8579319753299133
5731,-1.868686868686869,0.7575757575757578,0.9023460834462061
5732,-1.7676767676767677,0.7575757575757578,0.9385544050387089
5733,-1.6666666666666665,0.7575757575757578,0.9663981490393871
5734,-1.5656565656565657,0.7575757575757578,0.9858350307077214
5735,-1.4646464646464645,0.7575757575757578,0.9969457991875079
5736,-1.3636363636363638,0.7575757575757578,0.9999411136536174
5737,-1.2626262626262625,0.7575757575757578,0.99516913362206
5738,-1.1616161616161618,0.7575757575757578,0.9831242624908019
5739,-1.0606060606060606,0.7575757575757578,0.964457517012117
5740,-0.9595959595959593,0.7575757575757578,0.9399889169259241
5741,-0.858585858585859,0.7575757575757578,0.9107219527002859
5742,-0.7575757575757578,0.7575757575757578,0.8778593240579887
5743,-0.6565656565656566,0.7575757575757578,0.842817294952181
5744,-0.5555555555555554,0.7575757575757578,0.8072325586106469
5745,-0.45454545454545503,0.7575757575757578,0.7729499452238665
5746,-0.3535353535353538,0.7575757575757578,0.7419722404855618
5747,-0.2525252525252526,0.7575757575757578,0.716348576488272
5748,-0.15151515151515138,0.7575757575757578,0.697984208432581
5749,-0.050505050505050164,0.7575757575757578,0.6883829867956248
5750,0.050505050505050164,0.7575757575757578,0.6883829867956248
5751,0.15151515151515138,0.7575757575757578,0.697984208432581
5752,0.2525252525252526,0.7575757575757578,0.716348576488272
5753,0.3535353535353538,0.7575757575757578,0.7419722404855618
5754,0.45454545454545414,0.7575757575757578,0.7729499452238663
5755,0.5555555555555554,0.7575757575757578,0.8072325586106469
5756,0.6565656565656566,0.7575757575757578,0.842817294952181
5757,0.7575757575757578,0.7575757575757578,0.8778593240579887
5758,0.8585858585858581,0.7575757575757578,0.9107219527002857
5759,0.9595959595959593,0.7575757575757578,0.9399889169259241
5760,1.0606060606060606,0.7575757575757578,0.964457517012117
5761,1.1616161616161618,0.7575757575757578,0.9831242624908019
5762,1.262626262626262,0.7575757575757578,0.99516913362206
5763,1.3636363636363633,0.7575757575757578,0.9999411136536174
5764,1.4646464646464645,0.7575757575757578,0.9969457991875079
5765,1.5656565656565657,0.7575757575757578,0.9858350307077214
5766,1.666666666666667,0.7575757575757578,0.966398149039387
5767,1.7676767676767673,0.7575757575757578,0.938554405038709
5768,1.8686868686868685,0.7575757575757578,0.9023460834462064
5769,1.9696969696969697,0.7575757575757578,0.8579319753299133
5770,2.070707070707071,0.7575757575757578,0.805580913875564
5771,2.1717171717171713,0.7575757575757578,0.7456651620230643
5772,2.2727272727272725,0.7575757575757578,0.6786535033814998
5773,2.3737373737373737,0.7575757575757578,0.6051039397430938
5774,2.474747474747475,0.7575757575757578,0.5256559406169408
5775,2.5757575757575752,0.7575757575757578,0.44102222414243064
5776,2.6767676767676765,0.7575757575757578,0.35198007605474174
5777,2.7777777777777777,0.7575757575757578,0.2593622353494288
5778,2.878787878787879,0.7575757575757578,0.1640473929515558
5779,2.9797979797979792,0.7575757575757578,0.06695036382155799
5780,3.0808080808080813,0.7575757575757578,-0.03098799588309006
5781,3.1818181818181817,0.7575757575757578,-0.12881104628120485
5782,3.282828282828282,0.7575757575757578,-0.225556709042322
5783,3.383838383838384,0.7575757575757578,-0.3202678090188696
5784,3.4848484848484844,0.7575757575757578,-0.41200231790713804
5785,3.5858585858585865,0.7575757575757578,-0.4998434042952547
5786,3.686868686868687,0.7575757575757578,-0.5829091945929511
5787,3.787878787878787,0.7575757575757578,-0.6603621508187124
5788,3.8888888888888893,0.7575757575757578,-0.7314179739500141
5789,3.9898989898989896,0.7575757575757578,-0.7953539454332744
5790,4.09090909090909,0.7575757575757578,-0.8515166244149639
5791,4.191919191919192,0.7575757575757578,-0.8993288242069458
5792,4.292929292929292,0.7575757575757578,-0.9382957983486432
5793,4.3939393939393945,0.7575757575757578,-0.9680105742837186
5794,4.494949494949495,0.7575757575757578,-0.988158381034201
5795,4.595959595959595,0.7575757575757578,-0.998520126231167
5796,4.696969696969697,0.7575757575757578,-0.998974887345495
5797,4.797979797979798,0.7575757575757578,-0.9895013918493959
5798,4.8989898989899,0.7575757575757578,-0.970178471221244
5799,5.0,0.7575757575757578,-0.941184484073081
5800,-5.0,0.8585858585858581,-0.9356173753154952
5801,-4.898989898989899,0.8585858585858581,-0.9660630167891978
5802,-4.797979797979798,0.8585858585858581,-0.9869378934416341
5803,-4.696969696969697,0.8585858585858581,-0.9980532017469791
5804,-4.595959595959596,0.8585858585858581,-0.9993185503884481
5805,-4.494949494949495,0.8585858585858581,-0.9907425962152338
5806,-4.393939393939394,0.8585858585858581,-0.9724326576133951
5807,-4.292929292929293,0.8585858585858581,-0.9445933094235464
5808,-4.191919191919192,0.8585858585858581,-0.9075239738165816
5809,-4.090909090909091,0.8585858585858581,-0.8616155316341573
5810,-3.9898989898989896,0.8585858585858581,-0.8073459885038082
5811,-3.888888888888889,0.8585858585858581,-0.7452752394416293
5812,-3.787878787878788,0.8585858585858581,-0.6760389845528657
5813,-3.686868686868687,0.8585858585858581,-0.6003418567300295
5814,-3.5858585858585856,0.8585858585858581,-0.5189498298299884
5815,-3.484848484848485,0.8585858585858581,-0.4326819825903186
5816,-3.383838383838384,0.8585858585858581,-0.3424016994289169
5817,-3.282828282828283,0.8585858585858581,-0.24900739417053822
5818,-3.1818181818181817,0.8585858585858581,-0.15342284657294178
5819,-3.080808080808081,0.8585858585858581,-0.05658724419823886
5820,-2.9797979797979797,0.8585858585858581,0.04055497639473452
5821,-2.878787878787879,0.8585858585858581,0.13706439506380047
5822,-2.7777777777777777,0.8585858585858581,0.23201688736268
5823,-2.676767676767677,0.8585858585858581,0.3245138278206262
5824,-2.5757575757575757,0.8585858585858581,0.4136921319021718
5825,-2.474747474747475,0.8585858585858581,0.4987340576993589
5826,-2.3737373737373737,0.8585858585858581,0.57887669680257
5827,-2.272727272727273,0.8585858585858581,0.6534210944518111
5828,-2.1717171717171717,0.8585858585858581,0.7217409522864189
5829,-2.070707070707071,0.8585858585858581,0.7832908831490903
5830,-1.9696969696969697,0.8585858585858581,0.837614206878574
5831,-1.868686868686869,0.8585858585858581,0.8843502992866192
5832,-1.7676767676767677,0.8585858585858581,0.9232415339347088
5833,-1.6666666666666665,0.8585858585858581,0.9541398880098126
5834,-1.5656565656565657,0.8585858585858581,0.9770133189589533
5835,-1.4646464646464645,0.8585858585858581,0.9919520554724225
5836,-1.3636363636363638,0.8585858585858581,0.9991749797145068
5837,-1.2626262626262625,0.8585858585858581,0.9990362962661947
5838,-1.1616161616161618,0.8585858585858581,0.992032665031665
5839,-1.0606060606060606,0.8585858585858581,0.9788108791925219
5840,-0.9595959595959593,0.8585858585858581,0.960175922457289
5841,-0.858585858585859,0.8585858585858581,0.9370987225747339
5842,-0.7575757575757578,0.8585858585858581,0.9107219527002857
5843,-0.6565656565656566,0.8585858585858581,0.8823606023386247
5844,-0.5555555555555554,0.8585858585858581,0.8534915989225099
5845,-0.45454545454545503,0.8585858585858581,0.8257237337780203
5846,-0.3535353535353538,0.8585858585858581,0.8007366986584447
5847,-0.2525252525252526,0.8585858585858581,0.7801789146709355
5848,-0.15151515151515138,0.8585858585858581,0.7655220685928444
5849,-0.050505050505050164,0.8585858585858581,0.7578882437180986
5850,0.050505050505050164,0.8585858585858581,0.7578882437180986
5851,0.15151515151515138,0.8585858585858581,0.7655220685928444
5852,0.2525252525252526,0.8585858585858581,0.7801789146709355
5853,0.3535353535353538,0.8585858585858581,0.8007366986584447
5854,0.45454545454545414,0.8585858585858581,0.8257237337780201
5855,0.5555555555555554,0.8585858585858581,0.8534915989225099
5856,0.6565656565656566,0.8585858585858581,0.8823606023386247
5857,0.7575757575757578,0.8585858585858581,0.9107219527002857
5858,0.8585858585858581,0.8585858585858581,0.9370987225747337
5859,0.9595959595959593,0.8585858585858581,0.960175922457289
5860,1.0606060606060606,0.8585858585858581,0.9788108791925219
5861,1.1616161616161618,0.8585858585858581,0.992032665031665
5862,1.262626262626262,0.8585858585858581,0.9990362962661946
5863,1.3636363636363633,0.8585858585858581,0.9991749797145069
5864,1.4646464646464645,0.8585858585858581,0.9919520554724225
5865,1.5656565656565657,0.8585858585858581,0.9770133189589533
5866,1.666666666666667,0.8585858585858581,0.9541398880098125
5867,1.7676767676767673,0.8585858585858581,0.9232415339347089
5868,1.8686868686868685,0.8585858585858581,0.8843502992866195
5869,1.9696969696969697,0.8585858585858581,0.837614206878574
5870,2.070707070707071,0.8585858585858581,0.7832908831490903
5871,2.1717171717171713,0.8585858585858581,0.7217409522864192
5872,2.2727272727272725,0.8585858585858581,0.6534210944518113
5873,2.3737373737373737,0.8585858585858581,0.57887669680257
5874,2.474747474747475,0.8585858585858581,0.4987340576993589
5875,2.5757575757575752,0.8585858585858581,0.41369213190217224
5876,2.6767676767676765,0.8585858585858581,0.32451382782062665
5877,2.7777777777777777,0.8585858585858581,0.23201688736268
5878,2.878787878787879,0.8585858585858581,0.13706439506380047
5879,2.9797979797979792,0.8585858585858581,0.040554976394734966
5880,3.0808080808080813,0.8585858585858581,-0.0565872441982393
5881,3.1818181818181817,0.8585858585858581,-0.15342284657294178
5882,3.282828282828282,0.8585858585858581,-0.24900739417053736
5883,3.383838383838384,0.8585858585858581,-0.3424016994289169
5884,3.4848484848484844,0.8585858585858581,-0.43268198259031776
5885,3.5858585858585865,0.8585858585858581,-0.5189498298299892
5886,3.686868686868687,0.8585858585858581,-0.6003418567300295
5887,3.787878787878787,0.8585858585858581,-0.676038984552865
5888,3.8888888888888893,0.8585858585858581,-0.7452752394416297
5889,3.9898989898989896,0.8585858585858581,-0.8073459885038082
5890,4.09090909090909,0.8585858585858581,-0.8616155316341568
5891,4.191919191919192,0.8585858585858581,-0.9075239738165816
5892,4.292929292929292,0.8585858585858581,-0.944593309423546
5893,4.3939393939393945,0.8585858585858581,-0.9724326576133955
5894,4.494949494949495,0.8585858585858581,-0.9907425962152338
5895,4.595959595959595,0.8585858585858581,-0.9993185503884481
5896,4.696969696969697,0.8585858585858581,-0.9980532017469791
5897,4.797979797979798,0.8585858585858581,-0.9869378934416341
5898,4.8989898989899,0.8585858585858581,-0.9660630167891976
5899,5.0,0.8585858585858581,-0.9356173753154952
5900,-5.0,0.9595959595959593,-0.9290865826000181
5901,-4.898989898989899,0.9595959595959593,-0.9611390193388242
5902,-4.797979797979798,0.9595959595959593,-0.983734383844783
5903,-4.696969696969697,0.9595959595959593,-0.9966724105518008
5904,-4.595959595959596,0.9595959595959593,-0.9998500056934462
5905,-4.494949494949495,0.9595959595959593,-0.9932619494448148
5906,-4.393939393939394,0.9595959595959593,-0.9770005848830537
5907,-4.292929292929293,0.9595959595959593,-0.9512544972703997
5908,-4.191919191919192,0.9595959595959593,-0.9163061973481297
5909,-4.090909090909091,0.9595959595959593,-0.8725288323349589
5910,-3.9898989898989896,0.9595959595959593,-0.8203819580403783
5911,-3.888888888888889,0.9595959595959593,-0.7604064148250015
5912,-3.787878787878788,0.9595959595959593,-0.6932183589613021
5913,-3.686868686868687,0.9595959595959593,-0.6195025091673421
5914,-3.5858585858585856,0.9595959595959593,-0.540004675604724
5915,-3.484848484848485,0.9595959595959593,-0.45552364535548934
5916,-3.383838383838384,0.9595959595959593,-0.3669025042302969
5917,-3.282828282828283,0.9595959595959593,-0.2750194796249542
5918,-3.1818181818181817,0.9595959595959593,-0.18077839295060097
5919,-3.080808080808081,0.9595959595959593,-0.08509881283329289
5920,-2.9797979797979797,0.9595959595959593,0.011093998268481006
5921,-2.878787878787879,0.9595959595959593,0.10687925122514726
5922,-2.7777777777777777,0.9595959595959593,0.20135081959940113
5923,-2.676767676767677,0.9595959595959593,0.2936273623299583
5924,-2.5757575757575757,0.9595959595959593,0.38286229511398306
5925,-2.474747474747475,0.9595959595959593,0.4682535317965133
5926,-2.3737373737373737,0.9595959595959593,0.549052924792131
5927,-2.272727272727273,0.9595959595959593,0.6245753431931851
5928,-2.1717171717171717,0.9595959595959593,0.6942073388851228
5929,-2.070707070707071,0.9595959595959593,0.7574153647951531
5930,-1.9696969696969697,0.9595959595959593,0.813753525378421
5931,-1.868686868686869,0.9595959595959593,0.8628708574682639
5932,-1.7676767676767677,0.9595959595959593,0.9045181592267553
5933,-1.6666666666666665,0.9595959595959593,0.938554405038709
5934,-1.5656565656565657,0.9595959595959593,0.9649528025452845
5935,-1.4646464646464645,0.9595959595959593,0.9838065603012427
5936,-1.3636363636363638,0.9595959595959593,0.9953344329155889
5937,-1.2626262626262625,0.9595959595959593,0.9998860812913047
5938,-1.1616161616161618,0.9595959595959593,0.9979472057268537
5939,-1.0606060606060606,0.9595959595959593,0.9901442424338275
5940,-0.9595959595959593,0.9595959595959593,0.9772481044930139
5941,-0.858585858585859,0.9595959595959593,0.9601759224572891
5942,-0.7575757575757578,0.9595959595959593,0.9399889169259241
5943,-0.6565656565656566,0.9595959595959593,0.9178833714048736
5944,-0.5555555555555554,0.9595959595959593,0.8951702640914404
5945,-0.45454545454545503,0.9595959595959593,0.8732378787406763
5946,-0.3535353535353538,0.9595959595959593,0.85349159892251
5947,-0.2525252525252526,0.9595959595959593,0.8372676015798669
5948,-0.15151515151515138,0.9595959595959593,0.8257237337780203
5949,-0.050505050505050164,0.9595959595959593,0.8197212201389523
5950,0.050505050505050164,0.9595959595959593,0.8197212201389523
5951,0.15151515151515138,0.9595959595959593,0.8257237337780203
5952,0.2525252525252526,0.9595959595959593,0.8372676015798669
5953,0.3535353535353538,0.9595959595959593,0.85349159892251
5954,0.45454545454545414,0.9595959595959593,0.873237878740676
5955,0.5555555555555554,0.9595959595959593,0.8951702640914404
5956,0.6565656565656566,0.9595959595959593,0.9178833714048736
5957,0.7575757575757578,0.9595959595959593,0.9399889169259241
5958,0.8585858585858581,0.9595959595959593,0.960175922457289
5959,0.9595959595959593,0.9595959595959593,0.9772481044930139
5960,1.0606060606060606,0.9595959595959593,0.9901442424338275
5961,1.1616161616161618,0.9595959595959593,0.9979472057268537
5962,1.262626262626262,0.9595959595959593,0.9998860812913047
5963,1.3636363636363633,0.9595959595959593,0.9953344329155889
5964,1.4646464646464645,0.9595959595959593,0.9838065603012427
5965,1.5656565656565657,0.9595959595959593,0.9649528025452845
5966,1.666666666666667,0.9595959595959593,0.9385544050387089
5967,1.7676767676767673,0.9595959595959593,0.9045181592267553
5968,1.8686868686868685,0.9595959595959593,0.8628708574682641
5969,1.9696969696969697,0.9595959595959593,0.813753525378421
5970,2.070707070707071,0.9595959595959593,0.7574153647951531
5971,2.1717171717171713,0.9595959595959593,0.6942073388851231
5972,2.2727272727272725,0.9595959595959593,0.6245753431931851
5973,2.3737373737373737,0.9595959595959593,0.549052924792131
5974,2.474747474747475,0.9595959595959593,0.4682535317965133
5975,2.5757575757575752,0.9595959595959593,0.3828622951139839
5976,2.6767676767676765,0.9595959595959593,0.29362736232995873
5977,2.7777777777777777,0.9595959595959593,0.20135081959940113
5978,2.878787878787879,0.9595959595959593,0.10687925122514726
5979,2.9797979797979792,0.9595959595959593,0.01109399826848145
5980,3.0808080808080813,0.9595959595959593,-0.08509881283329333
5981,3.1818181818181817,0.9595959595959593,-0.18077839295060097
5982,3.282828282828282,0.9595959595959593,-0.2750194796249534
5983,3.383838383838384,0.9595959595959593,-0.3669025042302969
5984,3.4848484848484844,0.9595959595959593,-0.45552364535548895
5985,3.5858585858585865,0.9595959595959593,-0.5400046756047248
5986,3.686868686868687,0.9595959595959593,-0.6195025091673421
5987,3.787878787878787,0.9595959595959593,-0.6932183589613016
5988,3.8888888888888893,0.9595959595959593,-0.760406414825002
5989,3.9898989898989896,0.9595959595959593,-0.8203819580403783
5990,4.09090909090909,0.9595959595959593,-0.8725288323349585
5991,4.191919191919192,0.9595959595959593,-0.9163061973481297
5992,4.292929292929292,0.9595959595959593,-0.9512544972703997
5993,4.3939393939393945,0.9595959595959593,-0.9770005848830539
5994,4.494949494949495,0.9595959595959593,-0.9932619494448148
5995,4.595959595959595,0.9595959595959593,-0.9998500056934462
5996,4.696969696969697,0.9595959595959593,-0.9966724105518008
5997,4.797979797979798,0.9595959595959593,-0.983734383844783
5998,4.8989898989899,0.9595959595959593,-0.961139019338824
5999,5.0,0.9595959595959593,-0.9290865826000181
6000,-5.0,1.0606060606060606,-0.9215036075723673
6001,-4.898989898989899,1.0606060606060606,-0.9553086583081228
6002,-4.797979797979798,1.0606060606060606,-0.9797839544742808
6003,-4.696969696969697,1.0606060606060606,-0.9947168455195958
6004,-4.595959595959596,1.0606060606060606,-0.999990491110663
6005,-4.494949494949495,1.0606060606060606,-0.9955846363786908
6006,-4.393939393939394,1.0606060606060606,-0.9815753845120099
6007,-4.292929292929293,1.0606060606060606,-0.9581339695350869
6008,-4.191919191919192,1.0606060606060606,-0.9255245422010497
6009,-4.090909090909091,1.0606060606060606,-0.8841009918365946
6010,-3.9898989898989896,1.0606060606060606,-0.8343028366078113
6011,-3.888888888888889,1.0606060606060606,-0.7766502239168039
6012,-3.787878787878788,1.0606060606060606,-0.7117380913882361
6013,-3.686868686868687,1.0606060606060606,-0.6402295470615695
6014,-3.5858585858585856,1.0606060606060606,-0.5628485348719613
6015,-3.484848484848485,1.0606060606060606,-0.4803718581879197
6016,-3.383838383838384,1.0606060606060606,-0.3936206399888853
6017,-3.282828282828283,1.0606060606060606,-0.3034513031274289
6018,-3.1818181818181817,1.0606060606060606,-0.21074615795012233
6019,-3.080808080808081,1.0606060606060606,-0.1164036872739627
6020,-2.9797979797979797,1.0606060606060606,-0.021328620261556037
6021,-2.878787878787879,1.0606060606060606,0.07357811295840004
6022,-2.7777777777777777,1.0606060606060606,0.1674294550811462
6023,-2.676767676767677,1.0606060606060606,0.2593622353494284
6024,-2.5757575757575757,1.0606060606060606,0.34854703852001107
6025,-2.474747474747475,1.0606060606060606,0.43419784963431707
6026,-2.3737373737373737,1.0606060606060606,0.5155814019033523
6027,-2.272727272727273,1.0606060606060606,0.5920261632671183
6028,-2.1717171717171717,1.0606060606060606,0.6629309068925674
6029,-2.070707070707071,1.0606060606060606,0.7277728218907829
6030,-1.9696969696969697,1.0606060606060606,0.7861151325574303
6031,-1.868686868686869,1.0606060606060606,0.8376142068785737
6032,-1.7676767676767677,1.0606060606060606,0.8820261468218054
6033,-1.6666666666666665,1.0606060606060606,0.919212862175412
6034,-1.5656565656565657,1.0606060606060606,0.9491476332368035
6035,-1.4646464646464645,1.0606060606060606,0.971920160274932
6036,-1.3636363636363638,1.0606060606060606,0.9877410710768538
6037,-1.2626262626262625,1.0606060606060606,0.9969457991875079
6038,-1.1616161616161618,1.0606060606060606,0.9999976357061501
6039,-1.0606060606060606,1.0606060606060606,0.9974895705362912
6040,-0.9595959595959593,1.0606060606060606,0.9901442424338275
6041,-0.858585858585859,1.0606060606060606,0.9788108791925219
6042,-0.7575757575757578,1.0606060606060606,0.964457517012117
6043,-0.6565656565656566,1.0606060606060606,0.9481560864835349
6044,-0.5555555555555554,1.0606060606060606,0.9310573088691847
6045,-0.45454545454545503,1.0606060606060606,0.9143521267867956
6046,-0.3535353535353538,1.0606060606060606,0.8992171937177972
6047,-0.2525252525252526,1.0606060606060606,0.8867444492306147
6048,-0.15151515151515138,1.0606060606060606,0.8778593240579886
6049,-0.050505050505050164,1.0606060606060606,0.8732378787406762
6050,0.050505050505050164,1.0606060606060606,0.8732378787406762
6051,0.15151515151515138,1.0606060606060606,0.8778593240579886
6052,0.2525252525252526,1.0606060606060606,0.8867444492306147
6053,0.3535353535353538,1.0606060606060606,0.8992171937177972
6054,0.45454545454545414,1.0606060606060606,0.9143521267867956
6055,0.5555555555555554,1.0606060606060606,0.9310573088691847
6056,0.6565656565656566,1.0606060606060606,0.9481560864835349
6057,0.7575757575757578,1.0606060606060606,0.964457517012117
6058,0.8585858585858581,1.0606060606060606,0.9788108791925219
6059,0.9595959595959593,1.0606060606060606,0.9901442424338275
6060,1.0606060606060606,1.0606060606060606,0.9974895705362912
6061,1.1616161616161618,1.0606060606060606,0.9999976357061501
6062,1.262626262626262,1.0606060606060606,0.9969457991875079
6063,1.3636363636363633,1.0606060606060606,0.9877410710768539
6064,1.4646464646464645,1.0606060606060606,0.971920160274932
6065,1.5656565656565657,1.0606060606060606,0.9491476332368035
6066,1.666666666666667,1.0606060606060606,0.9192128621754119
6067,1.7676767676767673,1.0606060606060606,0.8820261468218056
6068,1.8686868686868685,1.0606060606060606,0.837614206878574
6069,1.9696969696969697,1.0606060606060606,0.7861151325574303
6070,2.070707070707071,1.0606060606060606,0.7277728218907829
6071,2.1717171717171713,1.0606060606060606,0.6629309068925677
6072,2.2727272727272725,1.0606060606060606,0.5920261632671187
6073,2.3737373737373737,1.0606060606060606,0.5155814019033523
6074,2.474747474747475,1.0606060606060606,0.43419784963431707
6075,2.5757575757575752,1.0606060606060606,0.34854703852001145
6076,2.6767676767676765,1.0606060606060606,0.25936223534942926
6077,2.7777777777777777,1.0606060606060606,0.1674294550811462
6078,2.878787878787879,1.0606060606060606,0.07357811295840004
6079,2.9797979797979792,1.0606060606060606,-0.021328620261555593
6080,3.0808080808080813,1.0606060606060606,-0.11640368727396315
6081,3.1818181818181817,1.0606060606060606,-0.21074615795012233
6082,3.282828282828282,1.0606060606060606,-0.30345130312742846
6083,3.383838383838384,1.0606060606060606,-0.3936206399888853
6084,3.4848484848484844,1.0606060606060606,-0.48037185818791933
6085,3.5858585858585865,1.0606060606060606,-0.5628485348719621
6086,3.686868686868687,1.0606060606060606,-0.6402295470615695
6087,3.787878787878787,1.0606060606060606,-0.7117380913882354
6088,3.8888888888888893,1.0606060606060606,-0.7766502239168045
6089,3.9898989898989896,1.0606060606060606,-0.8343028366078113
6090,4.09090909090909,1.0606060606060606,-0.8841009918365942
6091,4.191919191919192,1.0606060606060606,-0.9255245422010497
6092,4.292929292929292,1.0606060606060606,-0.9581339695350867
6093,4.3939393939393945,1.0606060606060606,-0.9815753845120101
6094,4.494949494949495,1.0606060606060606,-0.9955846363786908
6095,4.595959595959595,1.0606060606060606,-0.999990491110663
6096,4.696969696969697,1.0606060606060606,-0.9947168455195958
6097,4.797979797979798,1.0606060606060606,-0.9797839544742808
6098,4.8989898989899,1.0606060606060606,-0.9553086583081226
6099,5.0,1.0606060606060606,-0.9215036075723673
6100,-5.0,1.1616161616161618,-0.912773461152981
6101,-4.898989898989899,1.1616161616161618,-0.9484665840494718
6102,-4.797979797979798,1.1616161616161618,-0.9749711207858139
6103,-4.696969696969697,1.1616161616161618,-0.9920612136026401
6104,-4.595959595959596,1.1616161616161618,-0.9996053367169558
6105,-4.494949494949495,1.1616161616161618,-0.9975671513586649
6106,-4.393939393939394,1.1616161616161618,-0.9860053698044744
6107,-4.292929292929293,1.1616161616161618,-0.965072630558985
6108,-4.191919191919192,1.1616161616161618,-0.9350133968168901
6109,-4.090909090909091,1.1616161616161618,-0.896160900156508
6110,-3.9898989898989896,1.1616161616161618,-0.8489331609568632
6111,-3.888888888888889,1.1616161616161618,-0.7938281261934981
6112,-3.787878787878788,1.1616161616161618,-0.7314179739500141
6113,-3.686868686868687,1.1616161616161618,-0.6623426420843989
6114,-3.5858585858585856,1.1616161616161618,-0.5873026459169134
6115,-3.484848484848485,1.1616161616161618,-0.5070512564700415
6116,-3.383838383838384,1.1616161616161618,-0.422386116606322
6117,-3.282828282828283,1.1616161616161618,-0.3341403772983079
6118,-3.1818181818181817,1.1616161616161618,-0.24317344015414893
6119,-3.080808080808081,1.1616161616161618,-0.15036139514697822
6120,-2.9797979797979797,1.1616161616161618,-0.05658724419823886
6121,-2.878787878787879,1.1616161616161618,0.03726899820551109
6122,-2.7777777777777777,1.1616161616161618,0.13034023686607468
6123,-2.676767676767677,1.1616161616161618,0.22178217162493222
6124,-2.5757575757575757,1.1616161616161618,0.3107830316155232
6125,-2.474747474747475,1.1616161616161618,0.3965730870339652
6126,-2.3737373737373737,1.1616161616161618,0.47843386304963037
6127,-2.272727272727273,1.1616161616161618,0.5557069871647125
6128,-2.1717171717171717,1.1616161616161618,0.6278026089087384
6129,-2.070707070707071,1.1616161616161618,0.6942073388851224
6130,-1.9696969696969697,1.1616161616161618,0.7544916623175629
6131,-1.868686868686869,1.1616161616161618,0.8083167894773728
6132,-1.7676767676767677,1.1616161616161618,0.8554409102865579
6133,-1.6666666666666665,1.1616161616161618,0.8957248207716684
6134,-1.5656565656565657,1.1616161616161618,0.929136881512153
6135,-1.4646464646464645,1.1616161616161618,0.9557572477530863
6136,-1.3636363636363638,1.1616161616161618,0.9757812701776685
6137,-1.2626262626262625,1.1616161616161618,0.9895218944476931
6138,-1.1616161616161618,1.1616161616161618,0.9974107736236926
6139,-1.0606060606060606,1.1616161616161618,0.9999976357061501
6140,-0.9595959595959593,1.1616161616161618,0.9979472057268537
6141,-0.858585858585859,1.1616161616161618,0.992032665031665
6142,-0.7575757575757578,1.1616161616161618,0.9831242624908019
6143,-0.6565656565656566,1.1616161616161618,0.9721713470280198
6144,-0.5555555555555554,1.1616161616161618,0.9601759224572891
6145,-0.45454545454545503,1.1616161616161618,0.948156086483535
6146,-0.3535353535353538,1.1616161616161618,0.937098722574734
6147,-0.2525252525252526,1.1616161616161618,0.927902812236325
6148,-0.15151515151515138,1.1616161616161618,0.9213176472616389
6149,-0.050505050505050164,1.1616161616161618,0.9178833714048736
6150,0.050505050505050164,1.1616161616161618,0.9178833714048736
6151,0.15151515151515138,1.1616161616161618,0.9213176472616389
6152,0.2525252525252526,1.1616161616161618,0.927902812236325
6153,0.3535353535353538,1.1616161616161618,0.937098722574734
6154,0.45454545454545414,1.1616161616161618,0.9481560864835349
6155,0.5555555555555554,1.1616161616161618,0.9601759224572891
6156,0.6565656565656566,1.1616161616161618,0.9721713470280198
6157,0.7575757575757578,1.1616161616161618,0.9831242624908019
6158,0.8585858585858581,1.1616161616161618,0.992032665031665
6159,0.9595959595959593,1.1616161616161618,0.9979472057268537
6160,1.0606060606060606,1.1616161616161618,0.9999976357061501
6161,1.1616161616161618,1.1616161616161618,0.9974107736236926
6162,1.262626262626262,1.1616161616161618,0.9895218944476932
6163,1.3636363636363633,1.1616161616161618,0.9757812701776685
6164,1.4646464646464645,1.1616161616161618,0.9557572477530863
6165,1.5656565656565657,1.1616161616161618,0.929136881512153
6166,1.666666666666667,1.1616161616161618,0.8957248207716682
6167,1.7676767676767673,1.1616161616161618,0.8554409102865579
6168,1.8686868686868685,1.1616161616161618,0.8083167894773732
6169,1.9696969696969697,1.1616161616161618,0.7544916623175629
6170,2.070707070707071,1.1616161616161618,0.6942073388851224
6171,2.1717171717171713,1.1616161616161618,0.6278026089087388
6172,2.2727272727272725,1.1616161616161618,0.5557069871647128
6173,2.3737373737373737,1.1616161616161618,0.47843386304963037
6174,2.474747474747475,1.1616161616161618,0.3965730870339652
6175,2.5757575757575752,1.1616161616161618,0.310783031615524
6176,2.6767676767676765,1.1616161616161618,0.22178217162493222
6177,2.7777777777777777,1.1616161616161618,0.13034023686607468
6178,2.878787878787879,1.1616161616161618,0.03726899820551109
6179,2.9797979797979792,1.1616161616161618,-0.056587244198238414
6180,3.0808080808080813,1.1616161616161618,-0.15036139514697866
6181,3.1818181818181817,1.1616161616161618,-0.24317344015414893
6182,3.282828282828282,1.1616161616161618,-0.3341403772983071
6183,3.383838383838384,1.1616161616161618,-0.422386116606322
6184,3.4848484848484844,1.1616161616161618,-0.5070512564700411
6185,3.5858585858585865,1.1616161616161618,-0.5873026459169142
6186,3.686868686868687,1.1616161616161618,-0.6623426420843989
6187,3.787878787878787,1.1616161616161618,-0.7314179739500135
6188,3.8888888888888893,1.1616161616161618,-0.7938281261934981
6189,3.9898989898989896,1.1616161616161618,-0.8489331609568632
6190,4.09090909090909,1.1616161616161618,-0.8961609001565076
6191,4.191919191919192,1.1616161616161618,-0.9350133968168901
6192,4.292929292929292,1.1616161616161618,-0.9650726305589847
6193,4.3939393939393945,1.1616161616161618,-0.9860053698044745
6194,4.494949494949495,1.1616161616161618,-0.9975671513586649
6195,4.595959595959595,1.1616161616161618,-0.9996053367169558
6196,4.696969696969697,1.1616161616161618,-0.9920612136026401
6197,4.797979797979798,1.1616161616161618,-0.9749711207858139
6198,4.8989898989899,1.1616161616161618,-0.9484665840494718
6199,5.0,1.1616161616161618,-0.912773461152981
6200,-5.0,1.262626262626262,-0.9027957141214787
6201,-4.898989898989899,1.262626262626262,-0.9405009789159292
6202,-4.797979797979798,1.262626262626262,-0.9691728847884663
6203,-4.696969696969697,1.262626262626262,-0.988571650785519
6204,-4.595959595959596,1.262626262626262,-0.9985502376844227
6205,-4.494949494949495,1.262626262626262,-0.9990552892099203
6206,-4.393939393939394,1.262626262626262,-0.9901270950187028
6207,-4.292929292929293,1.262626262626262,-0.9718985768881023
6208,-4.191919191919192,1.262626262626262,-0.9445933094235464
6209,-4.090909090909091,1.262626262626262,-0.9085225963181351
6210,-3.9898989898989896,1.262626262626262,-0.864081632651776
6211,-3.888888888888889,1.262626262626262,-0.8117447928038011
6212,-3.787878787878788,1.262626262626262,-0.7520600921717984
6213,-3.686868686868687,1.262626262626262,-0.6856428789442476
6214,-3.5858585858585856,1.262626262626262,-0.6131688195738019
6215,-3.484848484848485,1.262626262626262,-0.5353662482554602
6216,-3.383838383838384,1.262626262626262,-0.45300795654952697
6217,-3.282828282828283,1.262626262626262,-0.36690250423029647
6218,-3.1818181818181817,1.262626262626262,-0.27788513642296225
6219,-3.080808080808081,1.262626262626262,-0.18680839505760652
6220,-2.9797979797979797,1.262626262626262,-0.09453251457499848
6221,-2.878787878787879,1.262626262626262,-0.0019156926314955805
6222,-2.7777777777777777,1.262626262626262,0.09019567374786519
6223,-2.676767676767677,1.262626262626262,0.18097669752574685
6224,-2.5757575757575757,1.262626262626262,0.2696335699628228
6225,-2.474747474747475,1.262626262626262,0.355412904828242
6226,-2.3737373737373737,1.262626262626262,0.43761077985651287
6227,-2.272727272727273,1.262626262626262,0.5155814019033523
6228,-2.1717171717171717,1.262626262626262,0.5887453277642568
6229,-2.070707070707071,1.262626262626262,0.6565971780735367
6230,-1.9696969696969697,1.262626262626262,0.7187127864025254
6231,-1.868686868686869,1.262626262626262,0.7747557285900041
6232,-1.7676767676767677,1.262626262626262,0.8244831769532217
6233,-1.6666666666666665,1.262626262626262,0.867751018169234
6234,-1.5656565656565657,1.262626262626262,0.9045181592267553
6235,-1.4646464646464645,1.262626262626262,0.9348499187648573
6236,-1.3636363636363638,1.262626262626262,0.9589203559214355
6237,-1.2626262626262625,1.262626262626262,0.9770133189589534
6238,-1.1616161616161618,1.262626262626262,0.9895218944476932
6239,-1.0606060606060606,1.262626262626262,0.9969457991875079
6240,-0.9595959595959593,1.262626262626262,0.9998860812913047
6241,-0.858585858585859,1.262626262626262,0.9990362962661947
6242,-0.7575757575757578,1.262626262626262,0.99516913362206
6243,-0.6565656565656566,1.262626262626262,0.9891173598137802
6244,-0.5555555555555554,1.262626262626262,0.9817480282907896
6245,-0.45454545454545503,1.262626262626262,0.9739293372682679
6246,-0.3535353535353538,1.262626262626262,0.9664904344370983
6247,-0.2525252525252526,1.262626262626262,0.960175922457289
6248,-0.15151515151515138,1.262626262626262,0.9555986378568619
6249,-0.050505050505050164,1.262626262626262,0.9531959837542943
6250,0.050505050505050164,1.262626262626262,0.9531959837542943
6251,0.15151515151515138,1.262626262626262,0.9555986378568619
6252,0.2525252525252526,1.262626262626262,0.960175922457289
6253,0.3535353535353538,1.262626262626262,0.9664904344370983
6254,0.45454545454545414,1.262626262626262,0.9739293372682678
6255,0.5555555555555554,1.262626262626262,0.9817480282907896
6256,0.6565656565656566,1.262626262626262,0.9891173598137802
6257,0.7575757575757578,1.262626262626262,0.99516913362206
6258,0.8585858585858581,1.262626262626262,0.9990362962661946
6259,0.9595959595959593,1.262626262626262,0.9998860812913047
6260,1.0606060606060606,1.262626262626262,0.9969457991875079
6261,1.1616161616161618,1.262626262626262,0.9895218944476932
6262,1.262626262626262,1.262626262626262,0.9770133189589534
6263,1.3636363636363633,1.262626262626262,0.9589203559214357
6264,1.4646464646464645,1.262626262626262,0.9348499187648573
6265,1.5656565656565657,1.262626262626262,0.9045181592267553
6266,1.666666666666667,1.262626262626262,0.8677510181692337
6267,1.7676767676767673,1.262626262626262,0.8244831769532219
6268,1.8686868686868685,1.262626262626262,0.7747557285900043
6269,1.9696969696969697,1.262626262626262,0.7187127864025254
6270,2.070707070707071,1.262626262626262,0.6565971780735367
6271,2.1717171717171713,1.262626262626262,0.5887453277642571
6272,2.2727272727272725,1.262626262626262,0.5155814019033528
6273,2.3737373737373737,1.262626262626262,0.43761077985651287
6274,2.474747474747475,1.262626262626262,0.355412904828242
6275,2.5757575757575752,1.262626262626262,0.2696335699628228
6276,2.6767676767676765,1.262626262626262,0.1809766975257473
6277,2.7777777777777777,1.262626262626262,0.09019567374786519
6278,2.878787878787879,1.262626262626262,-0.0019156926314955805
6279,2.9797979797979792,1.262626262626262,-0.09453251457499848
6280,3.0808080808080813,1.262626262626262,-0.18680839505760696
6281,3.1818181818181817,1.262626262626262,-0.27788513642296225
6282,3.282828282828282,1.262626262626262,-0.36690250423029563
6283,3.383838383838384,1.262626262626262,-0.45300795654952697
6284,3.4848484848484844,1.262626262626262,-0.5353662482554599
6285,3.5858585858585865,1.262626262626262,-0.613168819573803
6286,3.686868686868687,1.262626262626262,-0.6856428789442476
6287,3.787878787878787,1.262626262626262,-0.7520600921717977
6288,3.8888888888888893,1.262626262626262,-0.8117447928038016
6289,3.9898989898989896,1.262626262626262,-0.864081632651776
6290,4.09090909090909,1.262626262626262,-0.9085225963181347
6291,4.191919191919192,1.262626262626262,-0.9445933094235464
6292,4.292929292929292,1.262626262626262,-0.9718985768881022
6293,4.3939393939393945,1.262626262626262,-0.9901270950187029
6294,4.494949494949495,1.262626262626262,-0.9990552892099203
6295,4.595959595959595,1.262626262626262,-0.9985502376844227
6296,4.696969696969697,1.262626262626262,-0.988571650785519
6297,4.797979797979798,1.262626262626262,-0.9691728847884663
6298,4.8989898989899,1.262626262626262,-0.9405009789159289
6299,5.0,1.262626262626262,-0.9027957141214787
6300,-5.0,1.3636363636363633,-0.8914656465988168
6301,-4.898989898989899,1.3636363636363633,-0.9312947232473664
6302,-4.797979797979798,1.3636363636363633,-0.9622599083643031
6303,-4.696969696969697,1.3636363636363633,-0.9841068925297002
6304,-4.595959595959596,1.3636363636363633,-0.9966724105518008
6305,-4.494949494949495,1.3636363636363633,-0.9998852748963828
6306,-4.393939393939394,1.3636363636363633,-0.9937664447599296
6307,-4.292929292929293,1.3636363636363633,-0.9784281314902453
6308,-4.191919191919192,1.3636363636363633,-0.9540719508276324
6309,-4.090909090909091,1.3636363636363633,-0.9209861420588347
6310,-3.9898989898989896,1.3636363636363633,-0.8795418835415972
6311,-3.888888888888889,1.3636363636363633,-0.8301887430690369
6312,-3.787878787878788,1.3636363636363633,-0.7734493101022965
6313,-3.686868686868687,1.3636363636363633,-0.7099130649136228
6314,-3.5858585858585856,1.3636363636363633,-0.6402295470615695
6315,-3.484848484848485,1.3636363636363633,-0.5651008922831692
6316,-3.383838383838384,1.3636363636363633,-0.48527381275951553
6317,-3.282828282828283,1.3636363636363633,-0.40153110072434167
6318,-3.1818181818181817,1.3636363636363633,-0.31468273948267
6319,-3.080808080808081,1.3636363636363633,-0.22555670904232245
6320,-2.9797979797979797,1.3636363636363633,-0.13498957570220682
6321,-2.878787878787879,1.3636363636363633,-0.04381695607087775
6322,-2.7777777777777777,1.3636363636363633,0.04713605389019312
6323,-2.676767676767677,1.3636363636363633,0.13706439506380047
6324,-2.5757575757575757,1.3636363636363633,0.22519241865898335
6325,-2.474747474747475,1.3636363636363633,0.3107830316155236
6326,-2.3737373737373737,1.3636363636363633,0.3931465318111713
6327,-2.272727272727273,1.3636363636363633,0.47164905459520323
6328,-2.1717171717171717,1.3636363636363633,0.5457205558540152
6329,-2.070707070707071,1.3636363636363633,0.6148622600152875
6330,-1.9696969696969697,1.3636363636363633,0.6786535033814998
6331,-1.868686868686869,1.3636363636363633,0.7367579029265827
6332,-1.7676767676767677,1.3636363636363633,0.7889287767882392
6333,-1.6666666666666665,1.3636363636363633,0.8350137332660066
6334,-1.5656565656565657,1.3636363636363633,0.8749583277608791
6335,-1.4646464646464645,1.3636363636363633,0.908808658767383
6336,-1.3636363636363638,1.3636363636363633,0.936712731330162
6337,-1.2626262626262625,1.3636363636363633,0.9589203559214355
6338,-1.1616161616161618,1.3636363636363633,0.9757812701776685
6339,-1.0606060606060606,1.3636363636363633,0.9877410710768539
6340,-0.9595959595959593,1.3636363636363633,0.9953344329155889
6341,-0.858585858585859,1.3636363636363633,0.9991749797145068
6342,-0.7575757575757578,1.3636363636363633,0.9999411136536174
6343,-0.6565656565656566,1.3636363636363633,0.9983571286024153
6344,-0.5555555555555554,1.3636363636363633,0.99516913362206
6345,-0.45454545454545503,1.3636363636363633,0.991115754348551
6346,-0.3535353535353538,1.3636363636363633,0.9868943211192435
6347,-0.2525252525252526,1.3636363636363633,0.9831242624908018
6348,-0.15151515151515138,1.3636363636363633,0.9803105401976914
6349,-0.050505050505050164,1.3636363636363633,0.9788108791925217
6350,0.050505050505050164,1.3636363636363633,0.9788108791925217
6351,0.15151515151515138,1.3636363636363633,0.9803105401976914
6352,0.2525252525252526,1.3636363636363633,0.9831242624908018
6353,0.3535353535353538,1.3636363636363633,0.9868943211192435
6354,0.45454545454545414,1.3636363636363633,0.991115754348551
6355,0.5555555555555554,1.3636363636363633,0.99516913362206
6356,0.6565656565656566,1.3636363636363633,0.9983571286024153
6357,0.7575757575757578,1.3636363636363633,0.9999411136536174
6358,0.8585858585858581,1.3636363636363633,0.9991749797145069
6359,0.9595959595959593,1.3636363636363633,0.9953344329155889
6360,1.0606060606060606,1.3636363636363633,0.9877410710768539
6361,1.1616161616161618,1.3636363636363633,0.9757812701776685
6362,1.262626262626262,1.3636363636363633,0.9589203559214357
6363,1.3636363636363633,1.3636363636363633,0.9367127313301621
6364,1.4646464646464645,1.3636363636363633,0.908808658767383
6365,1.5656565656565657,1.3636363636363633,0.8749583277608791
6366,1.666666666666667,1.3636363636363633,0.8350137332660064
6367,1.7676767676767673,1.3636363636363633,0.7889287767882392
6368,1.8686868686868685,1.3636363636363633,0.7367579029265827
6369,1.9696969696969697,1.3636363636363633,0.6786535033814998
6370,2.070707070707071,1.3636363636363633,0.6148622600152875
6371,2.1717171717171713,1.3636363636363633,0.5457205558540157
6372,2.2727272727272725,1.3636363636363633,0.4716490545952036
6373,2.3737373737373737,1.3636363636363633,0.3931465318111713
6374,2.474747474747475,1.3636363636363633,0.3107830316155236
6375,2.5757575757575752,1.3636363636363633,0.2251924186589838
6376,2.6767676767676765,1.3636363636363633,0.13706439506380091
6377,2.7777777777777777,1.3636363636363633,0.04713605389019312
6378,2.878787878787879,1.3636363636363633,-0.04381695607087775
6379,2.9797979797979792,1.3636363636363633,-0.13498957570220682
6380,3.0808080808080813,1.3636363636363633,-0.2255567090423229
6381,3.1818181818181817,1.3636363636363633,-0.31468273948267
6382,3.282828282828282,1.3636363636363633,-0.40153110072434084
6383,3.383838383838384,1.3636363636363633,-0.48527381275951553
6384,3.4848484848484844,1.3636363636363633,-0.5651008922831688
6385,3.5858585858585865,1.3636363636363633,-0.6402295470615703
6386,3.686868686868687,1.3636363636363633,-0.7099130649136228
6387,3.787878787878787,1.3636363636363633,-0.7734493101022959
6388,3.8888888888888893,1.3636363636363633,-0.8301887430690369
6389,3.9898989898989896,1.3636363636363633,-0.8795418835415972
6390,4.09090909090909,1.3636363636363633,-0.9209861420588343
6391,4.191919191919192,1.3636363636363633,-0.9540719508276324
6392,4.292929292929292,1.3636363636363633,-0.9784281314902452
6393,4.3939393939393945,1.3636363636363633,-0.9937664447599298
6394,4.494949494949495,1.3636363636363633,-0.9998852748963828
6395,4.595959595959595,1.3636363636363633,-0.9966724105518009
6396,4.696969696969697,1.3636363636363633,-0.9841068925297002
6397,4.797979797979798,1.3636363636363633,-0.9622599083643031
6398,4.8989898989899,1.3636363636363633,-0.9312947232473661
6399,5.0,1.3636363636363633,-0.8914656465988168
6400,-5.0,1.4646464646464645,-0.8786754924462941
6401,-4.898989898989899,1.4646464646464645,-0.9207266632634974
6402,-4.797979797979798,1.4646464646464645,-0.9540977955602128
6403,-4.696969696969697,1.4646464646464645,-0.9785195603345841
6404,-4.595959595959596,1.4646464646464645,-0.9938118728461994
6405,-4.494949494949495,1.4646464646464645,-0.9998850238697976
6406,-4.393939393939394,1.4646464646464645,-0.996739861551052
6407,-4.292929292929293,1.4646464646464645,-0.9844670238196906
6408,-4.191919191919192,1.4646464646464645,-0.9632452309720156
6409,-4.090909090909091,1.4646464646464645,-0.9333386575518058
6410,-3.9898989898989896,1.4646464646464645,-0.8950934119345998
6411,-3.888888888888889,1.4646464646464645,-0.8489331609568637
6412,-3.787878787878788,1.4646464646464645,-0.795353945433275
6413,-3.686868686868687,1.4646464646464645,-0.7349182403817048
6414,-3.5858585858585856,1.4646464646464645,-0.6682483211412078
6415,-3.484848484848485,1.4646464646464645,-0.5960190032452464
6416,-3.383838383838384,1.4646464646464645,-0.5189498298299887
6417,-3.282828282828283,1.4646464646464645,-0.43779678545491146
6418,-3.1818181818181817,1.4646464646464645,-0.35334361943995496
6419,-3.080808080808081,1.4646464646464645,-0.26639286514295024
6420,-2.9797979797979797,1.4646464646464645,-0.1777566439909828
6421,-2.878787878787879,1.4646464646464645,-0.08824734453638139
6422,-2.7777777777777777,1.4646464646464645,0.0013317326487153234
6423,-2.676767676767677,1.4646464646464645,0.09019567374786475
6424,-2.5757575757575757,1.4646464646464645,0.1775871047590538
6425,-2.474747474747475,1.4646464646464645,0.2627851112048608
6426,-2.3737373737373737,1.4646464646464645,0.34511383907522203
6427,-2.272727272727273,1.4646464646464645,0.4239506939811269
6428,-2.1717171717171717,1.4646464646464645,0.4987340576993589
6429,-2.070707070707071,1.4646464646464645,0.5689704427772956
6430,-1.9696969696969697,1.4646464646464645,0.6342410059496889
6431,-1.868686868686869,1.4646464646464645,0.6942073388851224
6432,-1.7676767676767677,1.4646464646464645,0.7486164490608928
6433,-1.6666666666666665,1.4646464646464645,0.7973048329154347
6434,-1.5656565656565657,1.4646464646464645,0.8402015261475367
6435,-1.4646464646464645,1.4646464646464645,0.8773299902864613
6436,-1.3636363636363638,1.4646464646464645,0.9088086587673829
6437,-1.2626262626262625,1.4646464646464645,0.9348499187648573
6438,-1.1616161616161618,1.4646464646464645,0.9557572477530863
6439,-1.0606060606060606,1.4646464646464645,0.971920160274932
6440,-0.9595959595959593,1.4646464646464645,0.9838065603012427
6441,-0.858585858585859,1.4646464646464645,0.9919520554724224
6442,-0.7575757575757578,1.4646464646464645,0.9969457991875079
6443,-0.6565656565656566,1.4646464646464645,0.9994125227529366
6444,-0.5555555555555554,1.4646464646464645,0.9999906455786104
6445,-0.45454545454545503,1.4646464646464645,0.9993067420904798
6446,-0.3535353535353538,1.4646464646464645,0.9979472057268537
6447,-0.2525252525252526,1.4646464646464645,0.996428633397451
6448,-0.15151515151515138,1.4646464646464645,0.99516913362206
6449,-0.050505050505050164,1.4646464646464645,0.9944632466815394
6450,0.050505050505050164,1.4646464646464645,0.9944632466815394
6451,0.15151515151515138,1.4646464646464645,0.99516913362206
6452,0.2525252525252526,1.4646464646464645,0.996428633397451
6453,0.3535353535353538,1.4646464646464645,0.9979472057268537
6454,0.45454545454545414,1.4646464646464645,0.9993067420904798
6455,0.5555555555555554,1.4646464646464645,0.9999906455786104
6456,0.6565656565656566,1.4646464646464645,0.9994125227529366
6457,0.7575757575757578,1.4646464646464645,0.9969457991875079
6458,0.8585858585858581,1.4646464646464645,0.9919520554724225
6459,0.9595959595959593,1.4646464646464645,0.9838065603012427
6460,1.0606060606060606,1.4646464646464645,0.971920160274932
6461,1.1616161616161618,1.4646464646464645,0.9557572477530863
6462,1.262626262626262,1.4646464646464645,0.9348499187648573
6463,1.3636363636363633,1.4646464646464645,0.908808658767383
6464,1.4646464646464645,1.4646464646464645,0.8773299902864613
6465,1.5656565656565657,1.4646464646464645,0.8402015261475367
6466,1.666666666666667,1.4646464646464645,0.7973048329154347
6467,1.7676767676767673,1.4646464646464645,0.7486164490608931
6468,1.8686868686868685,1.4646464646464645,0.6942073388851228
6469,1.9696969696969697,1.4646464646464645,0.6342410059496889
6470,2.070707070707071,1.4646464646464645,0.5689704427772956
6471,2.1717171717171713,1.4646464646464645,0.4987340576993593
6472,2.2727272727272725,1.4646464646464645,0.4239506939811273
6473,2.3737373737373737,1.4646464646464645,0.34511383907522203
6474,2.474747474747475,1.4646464646464645,0.2627851112048608
6475,2.5757575757575752,1.4646464646464645,0.1775871047590542
6476,2.6767676767676765,1.4646464646464645,0.09019567374786519
6477,2.7777777777777777,1.4646464646464645,0.0013317326487153234
6478,2.878787878787879,1.4646464646464645,-0.08824734453638139
6479,2.9797979797979792,1.4646464646464645,-0.1777566439909828
6480,3.0808080808080813,1.4646464646464645,-0.2663928651429507
6481,3.1818181818181817,1.4646464646464645,-0.35334361943995496
6482,3.282828282828282,1.4646464646464645,-0.43779678545491024
6483,3.383838383838384,1.4646464646464645,-0.5189498298299887
6484,3.4848484848484844,1.4646464646464645,-0.596019003245246
6485,3.5858585858585865,1.4646464646464645,-0.6682483211412085
6486,3.686868686868687,1.4646464646464645,-0.7349182403817048
6487,3.787878787878787,1.4646464646464645,-0.7953539454332744
6488,3.8888888888888893,1.4646464646464645,-0.8489331609568637
6489,3.9898989898989896,1.4646464646464645,-0.8950934119345998
6490,4.09090909090909,1.4646464646464645,-0.9333386575518055
6491,4.191919191919192,1.4646464646464645,-0.9632452309720156
6492,4.292929292929292,1.4646464646464645,-0.9844670238196906
6493,4.3939393939393945,1.4646464646464645,-0.9967398615510521
6494,4.494949494949495,1.4646464646464645,-0.9998850238697976
6495,4.595959595959595,1.4646464646464645,-0.9938118728461995
6496,4.696969696969697,1.4646464646464645,-0.9785195603345841
6497,4.797979797979798,1.4646464646464645,-0.9540977955602128
6498,4.8989898989899,1.4646464646464645,-0.9207266632634971
6499,5.0,1.4646464646464645,-0.8786754924462941
6500,-5.0,1.5656565656565657,-0.8643157734160597
6501,-4.898989898989899,1.5656565656565657,-0.9086729766131123
6502,-4.797979797979798,1.5656565656565657,-0.9445484806801779
6503,-4.696969696969697,1.5656565656565657,-0.9716575625006715
6504,-4.595959595959596,1.5656565656565657,-0.9898028455923362
6505,-4.494949494949495,1.5656565656565657,-0.9988755343117245
6506,-4.393939393939394,1.5656565656565657,-0.9988557146703905
6507,-4.292929292929293,1.5656565656565657,-0.9898117209555578
6508,-4.191919191919192,1.5656565656565657,-0.9718985768881023
6509,-4.090909090909091,1.5656565656565657,-0.9453555294622585
6510,-3.9898989898989896,1.5656565656565657,-0.9105027027956648
6511,-3.888888888888889,1.5656565656565657,-0.8677369081789432
6512,-3.787878787878788,1.5656565656565657,-0.8175266549583122
6513,-3.686868686868687,1.5656565656565657,-0.760406414825002
6514,-3.5858585858585856,1.5656565656565657,-0.6969701994396564
6515,-3.484848484848485,1.5656565656565657,-0.6278645180140038
6516,-3.383838383838384,1.5656565656565657,-0.5537807874399081
6517,-3.282828282828283,1.5656565656565657,-0.4754472727418392
6518,-3.1818181818181817,1.5656565656565657,-0.3936206399888849
6519,-3.080808080808081,1.5656565656565657,-0.3090772073069472
6520,-2.9797979797979797,1.5656565656565657,-0.22260398226742456
6521,-2.878787878787879,1.5656565656565657,-0.1349895757022077
6522,-2.7777777777777777,1.5656565656565657,-0.04701508293690346
6523,-2.676767676767677,1.5656565656565657,0.04055497639473408
6524,-2.5757575757575757,1.5656565656565657,0.126981569295206
6525,-2.474747474747475,1.5656565656565657,0.21155982148061256
6526,-2.3737373737373737,1.5656565656565657,0.2936273623299583
6527,-2.272727272727273,1.5656565656565657,0.37257225586861936
6528,-2.1717171717171717,1.5656565656565657,0.4478404320684172
6529,-2.070707070707071,1.5656565656565657,0.5189425330943092
6530,-1.9696969696969697,1.5656565656565657,0.5854600881062092
6531,-1.868686868686869,1.5656565656565657,0.6470509270969078
6532,-1.7676767676767677,1.5656565656565657,0.7034537381368042
6533,-1.6666666666666665,1.5656565656565657,0.7544916623175629
6534,-1.5656565656565657,1.5656565656565657,0.800074805632035
6535,-1.4646464646464645,1.5656565656565657,0.8402015261475367
6536,-1.3636363636363638,1.5656565656565657,0.8749583277608791
6537,-1.2626262626262625,1.5656565656565657,0.904518159226755
6538,-1.1616161616161618,1.5656565656565657,0.929136881512153
6539,-1.0606060606060606,1.5656565656565657,0.9491476332368035
6540,-0.9595959595959593,1.5656565656565657,0.9649528025452845
6541,-0.858585858585859,1.5656565656565657,0.9770133189589532
6542,-0.7575757575757578,1.5656565656565657,0.9858350307077214
6543,-0.6565656565656566,1.5656565656565657,0.9919520554724224
6544,-0.5555555555555554,1.5656565656565657,0.9959072075987283
6545,-0.45454545454545503,1.5656565656565657,0.998229924076465
6546,-0.3535353535353538,1.5656565656565657,0.9994125227529366
6547,-0.2525252525252526,1.5656565656565657,0.9998860812913046
6548,-0.15151515151515138,1.5656565656565657,0.9999976357061501
6549,-0.050505050505050164,1.5656565656565657,0.9999906455786104
6550,0.050505050505050164,1.5656565656565657,0.9999906455786104
6551,0.15151515151515138,1.5656565656565657,0.9999976357061501
6552,0.2525252525252526,1.5656565656565657,0.9998860812913046
6553,0.3535353535353538,1.5656565656565657,0.9994125227529366
6554,0.45454545454545414,1.5656565656565657,0.998229924076465
6555,0.5555555555555554,1.5656565656565657,0.9959072075987283
6556,0.6565656565656566,1.5656565656565657,0.9919520554724224
6557,0.7575757575757578,1.5656565656565657,0.9858350307077214
6558,0.8585858585858581,1.5656565656565657,0.9770133189589533
6559,0.9595959595959593,1.5656565656565657,0.9649528025452845
6560,1.0606060606060606,1.5656565656565657,0.9491476332368035
6561,1.1616161616161618,1.5656565656565657,0.929136881512153
6562,1.262626262626262,1.5656565656565657,0.9045181592267553
6563,1.3636363636363633,1.5656565656565657,0.8749583277608791
6564,1.4646464646464645,1.5656565656565657,0.8402015261475367
6565,1.5656565656565657,1.5656565656565657,0.800074805632035
6566,1.666666666666667,1.5656565656565657,0.7544916623175629
6567,1.7676767676767673,1.5656565656565657,0.7034537381368046
6568,1.8686868686868685,1.5656565656565657,0.6470509270969081
6569,1.9696969696969697,1.5656565656565657,0.5854600881062092
6570,2.070707070707071,1.5656565656565657,0.5189425330943092
6571,2.1717171717171713,1.5656565656565657,0.4478404320684172
6572,2.2727272727272725,1.5656565656565657,0.37257225586861975
6573,2.3737373737373737,1.5656565656565657,0.2936273623299583
6574,2.474747474747475,1.5656565656565657,0.21155982148061256
6575,2.5757575757575752,1.5656565656565657,0.126981569295206
6576,2.6767676767676765,1.5656565656565657,0.04055497639473452
6577,2.7777777777777777,1.5656565656565657,-0.04701508293690346
6578,2.878787878787879,1.5656565656565657,-0.1349895757022077
6579,2.9797979797979792,1.5656565656565657,-0.22260398226742456
6580,3.0808080808080813,1.5656565656565657,-0.30907720730694804
6581,3.1818181818181817,1.5656565656565657,-0.3936206399888849
6582,3.282828282828282,1.5656565656565657,-0.47544727274183796
6583,3.383838383838384,1.5656565656565657,-0.5537807874399081
6584,3.4848484848484844,1.5656565656565657,-0.6278645180140034
6585,3.5858585858585865,1.5656565656565657,-0.6969701994396571
6586,3.686868686868687,1.5656565656565657,-0.760406414825002
6587,3.787878787878787,1.5656565656565657,-0.8175266549583117
6588,3.8888888888888893,1.5656565656565657,-0.8677369081789437
6589,3.9898989898989896,1.5656565656565657,-0.9105027027956648
6590,4.09090909090909,1.5656565656565657,-0.9453555294622582
6591,4.191919191919192,1.5656565656565657,-0.9718985768881023
6592,4.292929292929292,1.5656565656565657,-0.9898117209555577
6593,4.3939393939393945,1.5656565656565657,-0.9988557146703906
6594,4.494949494949495,1.5656565656565657,-0.9988755343117245
6595,4.595959595959595,1.5656565656565657,-0.9898028455923362
6596,4.696969696969697,1.5656565656565657,-0.9716575625006715
6597,4.797979797979798,1.5656565656565657,-0.9445484806801779
6598,4.8989898989899,1.5656565656565657,-0.9086729766131123
6599,5.0,1.5656565656565657,-0.8643157734160597
6600,-5.0,1.666666666666667,-0.8482767165888189
6601,-4.898989898989899,1.666666666666667,-0.8950086299302558
6602,-4.797979797979798,1.666666666666667,-0.9334717174982258
6603,-4.696969696969697,1.666666666666667,-0.9633656055515962
6604,-4.595959595959596,1.666666666666667,-0.9844752764825282
6605,-4.494949494949495,1.666666666666667,-0.9966724105518008
6606,-4.393939393939394,1.666666666666667,-0.9999158112575521
6607,-4.292929292929293,1.666666666666667,-0.9942509127545082
6608,-4.191919191919192,1.666666666666667,-0.9798083771594854
6609,-4.090909090909091,1.666666666666667,-0.9568017988811475
6610,-3.9898989898989896,1.666666666666667,-0.9255245422010497
6611,-3.888888888888889,1.666666666666667,-0.8863457471150009
6612,-3.787878787878788,1.666666666666667,-0.8397055468286128
6613,-3.686868686868687,1.666666666666667,-0.7861095482036701
6614,-3.5858585858585856,1.666666666666667,-0.7261226337938804
6615,-3.484848484848485,1.666666666666667,-0.6603621508187131
6616,-3.383838383838384,1.666666666666667,-0.589490558440382
6617,-3.282828282828283,1.666666666666667,-0.5142076099802925
6618,-3.1818181818181817,1.666666666666667,-0.43524215119863285
6619,-3.080808080808081,1.666666666666667,-0.3533436194399554
6620,-2.9797979797979797,1.666666666666667,-0.2692733313115008
6621,-2.878787878787879,1.666666666666667,-0.18379564862268152
6622,-2.7777777777777777,1.666666666666667,-0.09766911361076061
6623,-2.676767676767677,1.666666666666667,-0.011637645075179804
6624,-2.5757575757575757,1.666666666666667,0.07357811295840004
6625,-2.474747474747475,1.666666666666667,0.15728919888151505
6626,-2.3737373737373737,1.666666666666667,0.23884640701449342
6627,-2.272727272727273,1.666666666666667,0.3176479372854422
6628,-2.1717171717171717,1.666666666666667,0.3931465318111713
6629,-2.070707070707071,1.666666666666667,0.4648560088531455
6630,-1.9696969696969697,1.666666666666667,0.532357103191943
6631,-1.868686868686869,1.666666666666667,0.595302518824156
6632,-1.7676767676767677,1.666666666666667,0.6534210944518111
6633,-1.6666666666666665,1.666666666666667,0.7065209739390507
6634,-1.5656565656565657,1.666666666666667,0.7544916623175629
6635,-1.4646464646464645,1.666666666666667,0.7973048329154347
6636,-1.3636363636363638,1.666666666666667,0.8350137332660061
6637,-1.2626262626262625,1.666666666666667,0.8677510181692337
6638,-1.1616161616161618,1.666666666666667,0.8957248207716682
6639,-1.0606060606060606,1.666666666666667,0.9192128621754119
6640,-0.9595959595959593,1.666666666666667,0.9385544050387089
6641,-0.858585858585859,1.666666666666667,0.9541398880098124
6642,-0.7575757575757578,1.666666666666667,0.966398149039387
6643,-0.6565656565656566,1.666666666666667,0.9757812701776685
6644,-0.5555555555555554,1.666666666666667,0.9827472639276573
6645,-0.45454545454545503,1.666666666666667,0.9877410710768538
6646,-0.3535353535353538,1.666666666666667,0.9911746346917739
6647,-0.2525252525252526,1.666666666666667,0.9934071151979642
6648,-0.15151515151515138,1.666666666666667,0.9947265566385104
6649,-0.050505050505050164,1.666666666666667,0.9953344329155888
6650,0.050505050505050164,1.666666666666667,0.9953344329155888
6651,0.15151515151515138,1.666666666666667,0.9947265566385104
6652,0.2525252525252526,1.666666666666667,0.9934071151979642
6653,0.3535353535353538,1.666666666666667,0.9911746346917739
6654,0.45454545454545414,1.666666666666667,0.9877410710768538
6655,0.5555555555555554,1.666666666666667,0.9827472639276573
6656,0.6565656565656566,1.666666666666667,0.9757812701776685
6657,0.7575757575757578,1.666666666666667,0.966398149039387
6658,0.8585858585858581,1.666666666666667,0.9541398880098125
6659,0.9595959595959593,1.666666666666667,0.9385544050387089
6660,1.0606060606060606,1.666666666666667,0.9192128621754119
6661,1.1616161616161618,1.666666666666667,0.8957248207716682
6662,1.262626262626262,1.666666666666667,0.8677510181692337
6663,1.3636363636363633,1.666666666666667,0.8350137332660064
6664,1.4646464646464645,1.666666666666667,0.7973048329154347
6665,1.5656565656565657,1.666666666666667,0.7544916623175629
6666,1.666666666666667,1.666666666666667,0.7065209739390503
6667,1.7676767676767673,1.666666666666667,0.6534210944518111
6668,1.8686868686868685,1.666666666666667,0.595302518824156
6669,1.9696969696969697,1.666666666666667,0.532357103191943
6670,2.070707070707071,1.666666666666667,0.4648560088531455
6671,2.1717171717171713,1.666666666666667,0.3931465318111713
6672,2.2727272727272725,1.666666666666667,0.31764793728544266
6673,2.3737373737373737,1.666666666666667,0.23884640701449342
6674,2.474747474747475,1.666666666666667,0.15728919888151505
6675,2.5757575757575752,1.666666666666667,0.07357811295840047
6676,2.6767676767676765,1.666666666666667,-0.01163764507517936
6677,2.7777777777777777,1.666666666666667,-0.09766911361076061
6678,2.878787878787879,1.666666666666667,-0.18379564862268152
6679,2.9797979797979792,1.666666666666667,-0.26927333131150033
6680,3.0808080808080813,1.666666666666667,-0.3533436194399558
6681,3.1818181818181817,1.666666666666667,-0.43524215119863285
6682,3.282828282828282,1.666666666666667,-0.514207609980292
6683,3.383838383838384,1.666666666666667,-0.589490558440382
6684,3.4848484848484844,1.666666666666667,-0.6603621508187127
6685,3.5858585858585865,1.666666666666667,-0.726122633793881
6686,3.686868686868687,1.666666666666667,-0.7861095482036701
6687,3.787878787878787,1.666666666666667,-0.8397055468286123
6688,3.8888888888888893,1.666666666666667,-0.8863457471150009
6689,3.9898989898989896,1.666666666666667,-0.9255245422010497
6690,4.09090909090909,1.666666666666667,-0.9568017988811471
6691,4.191919191919192,1.666666666666667,-0.9798083771594854
6692,4.292929292929292,1.666666666666667,-0.9942509127545082
6693,4.3939393939393945,1.666666666666667,-0.9999158112575521
6694,4.494949494949495,1.666666666666667,-0.9966724105518008
6695,4.595959595959595,1.666666666666667,-0.9844752764825283
6696,4.696969696969697,1.666666666666667,-0.9633656055515962
6697,4.797979797979798,1.666666666666667,-0.9334717174982258
6698,4.8989898989899,1.666666666666667,-0.8950086299302558
6699,5.0,1.666666666666667,-0.8482767165888189
6700,-5.0,1.7676767676767673,-0.8304497472442492
6701,-4.898989898989899,1.7676767676767673,-0.8796089212347119
6702,-4.797979797979798,1.7676767676767673,-0.9207266632634974
6703,-4.696969696969697,1.7676767676767673,-0.9534868109731552
6704,-4.595959595959596,1.7676767676767673,-0.9776564795154251
6705,-4.494949494949495,1.7676767676767673,-0.9930875147938073
6706,-4.393939393939394,1.7676767676767673,-0.9997170483265756
6707,-4.292929292929293,1.7676767676767673,-0.9975671513586649
6708,-4.191919191919192,1.7676767676767673,-0.9867435951428885
6709,-4.090909090909091,1.7676767676767673,-0.9674337334988222
6710,-3.9898989898989896,1.7676767676767673,-0.9399035327469912
6711,-3.888888888888889,1.7676767676767673,-0.9044937828150851
6712,-3.787878787878788,1.7676767676767673,-0.8616155316341573
6713,-3.686868686868687,1.7676767676767673,-0.8117447928038011
6714,-3.5858585858585856,1.7676767676767673,-0.7554165838301538
6715,-3.484848484848485,1.7676767676767673,-0.6932183589613019
6716,-3.383838383838384,1.7676767676767673,-0.6257829067024225
6717,-3.282828282828283,1.7676767676767673,-0.5537807874399078
6718,-3.1818181818181817,1.7676767676767673,-0.47791239120451373
6719,-3.080808080808081,1.7676767676767673,-0.39889969943754877
6720,-2.9797979797979797,1.7676767676767673,-0.31747783768759924
6721,-2.878787878787879,1.7676767676767673,-0.23438650847410425
6722,-2.7777777777777777,1.7676767676767673,-0.15036139514697777
6723,-2.676767676767677,1.7676767676767673,-0.06612562851356596
6724,-2.5757575757575757,1.7676767676767673,0.017618591608758116
6725,-2.474747474747475,1.7676767676767673,0.10019812779309452
6726,-2.3737373737373737,1.7676767676767673,0.18097669752574685
6727,-2.272727272727273,1.7676767676767673,0.2593622353494288
6728,-2.1717171717171717,1.7676767676767673,0.3348137332323876
6729,-2.070707070707071,1.7676767676767673,0.4068474673491835
6730,-1.9696969696969697,1.7676767676767673,0.4750425181719772
6731,-1.868686868686869,1.7676767676767673,0.5390454882629285
6732,-1.7676767676767677,1.7676767676767673,0.5985743181019862
6733,-1.6666666666666665,1.7676767676767673,0.6534210944518113
6734,-1.5656565656565657,1.7676767676767673,0.7034537381368046
6735,-1.4646464646464645,1.7676767676767673,0.7486164490608931
6736,-1.3636363636363638,1.7676767676767673,0.7889287767882392
6737,-1.2626262626262625,1.7676767676767673,0.8244831769532217
6738,-1.1616161616161618,1.7676767676767673,0.8554409102865579
6739,-1.0606060606060606,1.7676767676767673,0.8820261468218056
6740,-0.9595959595959593,1.7676767676767673,0.9045181592267553
6741,-0.858585858585859,1.7676767676767673,0.9232415339347088
6742,-0.7575757575757578,1.7676767676767673,0.938554405038709
6743,-0.6565656565656566,1.7676767676767673,0.9508348305363069
6744,-0.5555555555555554,1.7676767676767673,0.9604655858868281
6745,-0.45454545454545503,1.7676767676767673,0.9678178403479719
6746,-0.3535353535353538,1.7676767676767673,0.9732343901225311
6747,-0.2525252525252526,1.7676767676767673,0.9770133189589533
6748,-0.15151515151515138,1.7676767676767673,0.9793931009929506
6749,-0.050505050505050164,1.7676767676767673,0.9805402089113274
6750,0.050505050505050164,1.7676767676767673,0.9805402089113274
6751,0.15151515151515138,1.7676767676767673,0.9793931009929506
6752,0.2525252525252526,1.7676767676767673,0.9770133189589533
6753,0.3535353535353538,1.7676767676767673,0.9732343901225311
6754,0.45454545454545414,1.7676767676767673,0.967817840347972
6755,0.5555555555555554,1.7676767676767673,0.9604655858868281
6756,0.6565656565656566,1.7676767676767673,0.9508348305363069
6757,0.7575757575757578,1.7676767676767673,0.938554405038709
6758,0.8585858585858581,1.7676767676767673,0.9232415339347089
6759,0.9595959595959593,1.7676767676767673,0.9045181592267553
6760,1.0606060606060606,1.7676767676767673,0.8820261468218056
6761,1.1616161616161618,1.7676767676767673,0.8554409102865579
6762,1.262626262626262,1.7676767676767673,0.8244831769532219
6763,1.3636363636363633,1.7676767676767673,0.7889287767882392
6764,1.4646464646464645,1.7676767676767673,0.7486164490608931
6765,1.5656565656565657,1.7676767676767673,0.7034537381368046
6766,1.666666666666667,1.7676767676767673,0.6534210944518111
6767,1.7676767676767673,1.7676767676767673,0.5985743181019866
6768,1.8686868686868685,1.7676767676767673,0.5390454882629289
6769,1.9696969696969697,1.7676767676767673,0.4750425181719772
6770,2.070707070707071,1.7676767676767673,0.4068474673491835
6771,2.1717171717171713,1.7676767676767673,0.334813733232388
6772,2.2727272727272725,1.7676767676767673,0.25936223534942926
6773,2.3737373737373737,1.7676767676767673,0.18097669752574685
6774,2.474747474747475,1.7676767676767673,0.10019812779309452
6775,2.5757575757575752,1.7676767676767673,0.01761859160875856
6776,2.6767676767676765,1.7676767676767673,-0.06612562851356596
6777,2.7777777777777777,1.7676767676767673,-0.15036139514697777
6778,2.878787878787879,1.7676767676767673,-0.23438650847410425
6779,2.9797979797979792,1.7676767676767673,-0.3174778376875988
6780,3.0808080808080813,1.7676767676767673,-0.39889969943754916
6781,3.1818181818181817,1.7676767676767673,-0.47791239120451373
6782,3.282828282828282,1.7676767676767673,-0.5537807874399073
6783,3.383838383838384,1.7676767676767673,-0.6257829067024225
6784,3.4848484848484844,1.7676767676767673,-0.6932183589613016
6785,3.5858585858585865,1.7676767676767673,-0.7554165838301543
6786,3.686868686868687,1.7676767676767673,-0.8117447928038011
6787,3.787878787878787,1.7676767676767673,-0.8616155316341568
6788,3.8888888888888893,1.7676767676767673,-0.9044937828150851
6789,3.9898989898989896,1.7676767676767673,-0.9399035327469912
6790,4.09090909090909,1.7676767676767673,-0.967433733498822
6791,4.191919191919192,1.7676767676767673,-0.9867435951428885
6792,4.292929292929292,1.7676767676767673,-0.9975671513586648
6793,4.3939393939393945,1.7676767676767673,-0.9997170483265756
6794,4.494949494949495,1.7676767676767673,-0.9930875147938073
6795,4.595959595959595,1.7676767676767673,-0.9776564795154253
6796,4.696969696969697,1.7676767676767673,-0.9534868109731552
6797,4.797979797979798,1.7676767676767673,-0.9207266632634974
6798,4.8989898989899,1.7676767676767673,-0.8796089212347115
6799,5.0,1.7676767676767673,-0.8304497472442492
6800,-5.0,1.8686868686868685,-0.8107290478552426
6801,-4.898989898989899,1.8686868686868685,-0.8623510984162557
6802,-4.797979797979798,1.8686868686868685,-0.9061735494131923
6803,-4.696969696969697,1.8686868686868685,-0.9418644299975947
6804,-4.595959595959596,1.8686868686868685,-0.9691728847884663
6805,-4.494949494949495,1.8686868686868685,-0.9879307419430208
6806,-4.393939393939394,1.8686868686868685,-0.9980532017469792
6807,-4.292929292929293,1.8686868686868685,-0.9995386425509948
6808,-4.191919191919192,1.8686868686868685,-0.9924675500391376
6809,-4.090909090909091,1.8686868686868685,-0.9770005848830539
6810,-3.9898989898989896,1.8686868686868685,-0.9533758127191232
6811,-3.888888888888889,1.8686868686868685,-0.9219051289962067
6812,-3.787878787878788,1.8686868686868685,-0.8829699194930362
6813,-3.686868686868687,1.8686868686868685,-0.837016005116866
6814,-3.5858585858585856,1.8686868686868685,-0.7845479268951294
6815,-3.484848484848485,1.8686868686868685,-0.7261226337938804
6816,-3.383838383838384,1.8686868686868685,-0.6623426420843989
6817,-3.282828282828283,1.8686868686868685,-0.5938487403868343
6818,-3.1818181818181817,1.8686868686868685,-0.5213123192140504
6819,-3.080808080808081,1.8686868686868685,-0.44542740780080553
6820,-2.9797979797979797,1.8686868686868685,-0.3669025042302961
6821,-2.878787878787879,1.8686868686868685,-0.28645228737728007
6822,-2.7777777777777777,1.8686868686868685,-0.20478930101072038
6823,-2.676767676767677,1.8686868686868685,-0.12261570159848932
6824,-2.5757575757575757,1.8686868686868685,-0.040615162017242155
6825,-2.474747474747475,1.8686868686868685,0.04055497639473452
6826,-2.3737373737373737,1.8686868686868685,0.12027121105253746
6827,-2.272727272727273,1.8686868686868685,0.1979509523784
6828,-2.1717171717171717,1.8686868686868685,0.27305907293826115
6829,-2.070707070707071,1.8686868686868685,0.34511383907522203
6830,-1.9696969696969697,1.8686868686868685,0.4136921319021718
6831,-1.868686868686869,1.8686868686868685,0.47843386304963037
6832,-1.7676767676767677,1.8686868686868685,0.5390454882629285
6833,-1.6666666666666665,1.8686868686868685,0.5953025188241563
6834,-1.5656565656565657,1.8686868686868685,0.6470509270969081
6835,-1.4646464646464645,1.8686868686868685,0.6942073388851228
6836,-1.3636363636363638,1.8686868686868685,0.7367579029265827
6837,-1.2626262626262625,1.8686868686868685,0.7747557285900041
6838,-1.1616161616161618,1.8686868686868685,0.8083167894773732
6839,-1.0606060606060606,1.8686868686868685,0.837614206878574
6840,-0.9595959595959593,1.8686868686868685,0.8628708574682641
6841,-0.858585858585859,1.8686868686868685,0.8843502992866192
6842,-0.7575757575757578,1.8686868686868685,0.9023460834462064
6843,-0.6565656565656566,1.8686868686868685,0.9171696187756202
6844,-0.5555555555555554,1.8686868686868685,0.9291368815121531
6845,-0.45454545454545503,1.8686868686868685,0.938554405038709
6846,-0.3535353535353538,1.8686868686868685,0.9457051309556066
6847,-0.2525252525252526,1.8686868686868685,0.9508348305363068
6848,-0.15151515151515138,1.8686868686868685,0.9541398880098125
6849,-0.050505050505050164,1.8686868686868685,0.9557572477530863
6850,0.050505050505050164,1.8686868686868685,0.9557572477530863
6851,0.15151515151515138,1.8686868686868685,0.9541398880098125
6852,0.2525252525252526,1.8686868686868685,0.9508348305363068
6853,0.3535353535353538,1.8686868686868685,0.9457051309556066
6854,0.45454545454545414,1.8686868686868685,0.938554405038709
6855,0.5555555555555554,1.8686868686868685,0.9291368815121531
6856,0.6565656565656566,1.8686868686868685,0.9171696187756202
6857,0.7575757575757578,1.8686868686868685,0.9023460834462064
6858,0.8585858585858581,1.8686868686868685,0.8843502992866195
6859,0.9595959595959593,1.8686868686868685,0.8628708574682641
6860,1.0606060606060606,1.8686868686868685,0.837614206878574
6861,1.1616161616161618,1.8686868686868685,0.8083167894773732
6862,1.262626262626262,1.8686868686868685,0.7747557285900043
6863,1.3636363636363633,1.8686868686868685,0.7367579029265827
6864,1.4646464646464645,1.8686868686868685,0.6942073388851228
6865,1.5656565656565657,1.8686868686868685,0.6470509270969081
6866,1.666666666666667,1.8686868686868685,0.595302518824156
6867,1.7676767676767673,1.8686868686868685,0.5390454882629289
6868,1.8686868686868685,1.8686868686868685,0.47843386304963076
6869,1.9696969696969697,1.8686868686868685,0.4136921319021718
6870,2.070707070707071,1.8686868686868685,0.34511383907522203
6871,2.1717171717171713,1.8686868686868685,0.2730590729382616
6872,2.2727272727272725,1.8686868686868685,0.1979509523784004
6873,2.3737373737373737,1.8686868686868685,0.12027121105253746
6874,2.474747474747475,1.8686868686868685,0.04055497639473452
6875,2.5757575757575752,1.8686868686868685,-0.04061516201724171
6876,2.6767676767676765,1.8686868686868685,-0.12261570159848932
6877,2.7777777777777777,1.8686868686868685,-0.20478930101072038
6878,2.878787878787879,1.8686868686868685,-0.28645228737728007
6879,2.9797979797979792,1.8686868686868685,-0.3669025042302961
6880,3.0808080808080813,1.8686868686868685,-0.4454274078008059
6881,3.1818181818181817,1.8686868686868685,-0.5213123192140504
6882,3.282828282828282,1.8686868686868685,-0.593848740386834
6883,3.383838383838384,1.8686868686868685,-0.6623426420843989
6884,3.4848484848484844,1.8686868686868685,-0.7261226337938801
6885,3.5858585858585865,1.8686868686868685,-0.78454792689513
6886,3.686868686868687,1.8686868686868685,-0.837016005116866
6887,3.787878787878787,1.8686868686868685,-0.8829699194930357
6888,3.8888888888888893,1.8686868686868685,-0.921905128996207
6889,3.9898989898989896,1.8686868686868685,-0.9533758127191232
6890,4.09090909090909,1.8686868686868685,-0.9770005848830537
6891,4.191919191919192,1.8686868686868685,-0.9924675500391376
6892,4.292929292929292,1.8686868686868685,-0.9995386425509948
6893,4.3939393939393945,1.8686868686868685,-0.9980532017469791
6894,4.494949494949495,1.8686868686868685,-0.9879307419430208
6895,4.595959595959595,1.8686868686868685,-0.9691728847884665
6896,4.696969696969697,1.8686868686868685,-0.9418644299975947
6897,4.797979797979798,1.8686868686868685,-0.9061735494131923
6898,4.8989898989899,1.8686868686868685,-0.8623510984162552
6899,5.0,1.8686868686868685,-0.8107290478552426
6900,-5.0,1.9696969696969697,-0.7890131724084034
6901,-4.898989898989899,1.9696969696969697,-0.8431160433932468
6902,-4.797979797979798,1.9696969696969697,-0.8896754290842769
6903,-4.696969696969697,1.9696969696969697,-0.9283436471427186
6904,-4.595959595959596,1.9696969696969697,-0.9588518898962102
6905,-4.494949494949495,1.9696969696969697,-0.9810119098582415
6906,-4.393939393939394,1.9696969696969697,-0.9947168455195959
6907,-4.292929292929293,1.9696969696969697,-0.999941183422856
6908,-4.191919191919192,1.9696969696969697,-0.9967398615510521
6909,-4.090909090909091,1.9696969696969697,-0.9852465280022725
6910,-3.9898989898989896,1.9696969696969697,-0.9656709776931979
6911,-3.888888888888889,1.9696969696969697,-0.9382957983486435
6912,-3.787878787878788,1.9696969696969697,-0.903472265207932
6913,-3.686868686868687,1.9696969696969697,-0.8616155316341573
6914,-3.5858585858585856,1.9696969696969697,-0.8131991700775237
6915,-3.484848484848485,1.9696969696969697,-0.7587491245550647
6916,-3.383838383838384,1.9696969696969697,-0.6988371419113968
6917,-3.282828282828283,1.9696969696969697,-0.6340737545743809
6918,-3.1818181818181817,1.9696969696969697,-0.5651008922831692
6919,-3.080808080808081,1.9696969696969697,-0.4925842043250597
6920,-2.9797979797979797,1.9696969696969697,-0.41720517716768535
6921,-2.878787878787879,1.9696969696969697,-0.3396531350267993
6922,-2.7777777777777777,1.9696969696969697,-0.2606172128977301
6923,-2.676767676767677,1.9696969696969697,-0.1807783929506014
6924,-2.5757575757575757,1.9696969696969697,-0.1008016960161063
6925,-2.474747474747475,1.9696969696969697,-0.02132862026155648
6926,-2.3737373737373737,1.9696969696969697,0.05703008081282118
6927,-2.272727272727273,1.9696969696969697,0.13370118911171283
6928,-2.1717171717171717,1.9696969696969697,0.20815528973215247
6929,-2.070707070707071,1.9696969696969697,0.27991242431738783
6930,-1.9696969696969697,1.9696969696969697,0.34854703852001107
6931,-1.868686868686869,1.9696969696969697,0.4136921319021714
6932,-1.7676767676767677,1.9696969696969697,0.4750425181719768
6933,-1.6666666666666665,1.9696969696969697,0.532357103191943
6934,-1.5656565656565657,1.9696969696969697,0.5854600881062092
6935,-1.4646464646464645,1.9696969696969697,0.6342410059496889
6936,-1.3636363636363638,1.9696969696969697,0.6786535033814994
6937,-1.2626262626262625,1.9696969696969697,0.7187127864025254
6938,-1.1616161616161618,1.9696969696969697,0.7544916623175629
6939,-1.0606060606060606,1.9696969696969697,0.7861151325574303
6940,-0.9595959595959593,1.9696969696969697,0.813753525378421
6941,-0.858585858585859,1.9696969696969697,0.8376142068785737
6942,-0.7575757575757578,1.9696969696969697,0.8579319753299133
6943,-0.6565656565656566,1.9696969696969697,0.8749583277608791
6944,-0.5555555555555554,1.9696969696969697,0.8889498861986046
6945,-0.45454545454545503,1.9696969696969697,0.900156377014001
6946,-0.3535353535353538,1.9696969696969697,0.9088086587673829
6947,-0.2525252525252526,1.9696969696969697,0.9151073761293469
6948,-0.15151515151515138,1.9696969696969697,0.919212862175412
6949,-0.050505050505050164,1.9696969696969697,0.9212369025449566
6950,0.050505050505050164,1.9696969696969697,0.9212369025449566
6951,0.15151515151515138,1.9696969696969697,0.919212862175412
6952,0.2525252525252526,1.9696969696969697,0.9151073761293469
6953,0.3535353535353538,1.9696969696969697,0.9088086587673829
6954,0.45454545454545414,1.9696969696969697,0.9001563770140012
6955,0.5555555555555554,1.9696969696969697,0.8889498861986046
6956,0.6565656565656566,1.9696969696969697,0.8749583277608791
6957,0.7575757575757578,1.9696969696969697,0.8579319753299133
6958,0.8585858585858581,1.9696969696969697,0.837614206878574
6959,0.9595959595959593,1.9696969696969697,0.813753525378421
6960,1.0606060606060606,1.9696969696969697,0.7861151325574303
6961,1.1616161616161618,1.9696969696969697,0.7544916623175629
6962,1.262626262626262,1.9696969696969697,0.7187127864025254
6963,1.3636363636363633,1.9696969696969697,0.6786535033814998
6964,1.4646464646464645,1.9696969696969697,0.6342410059496889
6965,1.5656565656565657,1.9696969696969697,0.5854600881062092
6966,1.666666666666667,1.9696969696969697,0.532357103191943
6967,1.7676767676767673,1.9696969696969697,0.4750425181719772
6968,1.8686868686868685,1.9696969696969697,0.4136921319021718
6969,1.9696969696969697,1.9696969696969697,0.34854703852001107
6970,2.070707070707071,1.9696969696969697,0.27991242431738783
6971,2.1717171717171713,1.9696969696969697,0.20815528973215247
6972,2.2727272727272725,1.9696969696969697,0.13370118911171328
6973,2.3737373737373737,1.9696969696969697,0.05703008081282118
6974,2.474747474747475,1.9696969696969697,-0.02132862026155648
6975,2.5757575757575752,1.9696969696969697,-0.10080169601610588
6976,2.6767676767676765,1.9696969696969697,-0.18077839295060097
6977,2.7777777777777777,1.9696969696969697,-0.2606172128977301
6978,2.878787878787879,1.9696969696969697,-0.3396531350267993
6979,2.9797979797979792,1.9696969696969697,-0.41720517716768535
6980,3.0808080808080813,1.9696969696969697,-0.4925842043250601
6981,3.1818181818181817,1.9696969696969697,-0.5651008922831692
6982,3.282828282828282,1.9696969696969697,-0.6340737545743802
6983,3.383838383838384,1.9696969696969697,-0.6988371419113968
6984,3.4848484848484844,1.9696969696969697,-0.7587491245550647
6985,3.5858585858585865,1.9696969696969697,-0.8131991700775243
6986,3.686868686868687,1.9696969696969697,-0.8616155316341573
6987,3.787878787878787,1.9696969696969697,-0.9034722652079317
6988,3.8888888888888893,1.9696969696969697,-0.9382957983486435
6989,3.9898989898989896,1.9696969696969697,-0.9656709776931979
6990,4.09090909090909,1.9696969696969697,-0.9852465280022724
6991,4.191919191919192,1.9696969696969697,-0.9967398615510521
6992,4.292929292929292,1.9696969696969697,-0.999941183422856
6993,4.3939393939393945,1.9696969696969697,-0.9947168455195958
6994,4.494949494949495,1.9696969696969697,-0.9810119098582415
6995,4.595959595959595,1.9696969696969697,-0.9588518898962104
6996,4.696969696969697,1.9696969696969697,-0.9283436471427186
6997,4.797979797979798,1.9696969696969697,-0.8896754290842769
6998,4.8989898989899,1.9696969696969697,-0.8431160433932463
6999,5.0,1.9696969696969697,-0.7890131724084034
7000,-5.0,2.070707070707071,-0.7652067037624771
7001,-4.898989898989899,2.070707070707071,-0.821790009872222
7002,-4.797979797979798,2.070707070707071,-0.8710999896610638
7003,-4.696969696969697,2.070707070707071,-0.9127734611529806
7004,-4.595959595959596,2.070707070707071,-0.9465238020947075
7005,-4.494949494949495,2.070707070707071,-0.9721427548067813
7006,-4.393939393939394,2.070707070707071,-0.9895013918493959
7007,-4.292929292929293,2.070707070707071,-0.9985502376844227
7008,-4.191919191919192,2.070707070707071,-0.9993185503884481
7009,-4.090909090909091,2.070707070707071,-0.9919127762779679
7010,-3.9898989898989896,2.070707070707071,-0.9765141989585365
7011,-3.888888888888889,2.070707070707071,-0.9533758127191235
7012,-3.787878787878788,2.070707070707071,-0.9228184582795815
7013,-3.686868686868687,2.070707070707071,-0.8852262665865006
7014,-3.5858585858585856,2.070707070707071,-0.8410414635706348
7015,-3.484848484848485,2.070707070707071,-0.7907585954649035
7016,-3.383838383838384,2.070707070707071,-0.7349182403817051
7017,-3.282828282828283,2.070707070707071,-0.6741002773178998
7018,-3.1818181818181817,2.070707070707071,-0.6089167885624497
7019,-3.080808080808081,2.070707070707071,-0.540004675604724
7020,-2.9797979797979797,2.070707070707071,-0.46801807207387647
7021,-2.878787878787879,2.070707070707071,-0.3936206399888853
7022,-2.7777777777777777,2.070707070707071,-0.31747783768759924
7023,-2.676767676767677,2.070707070707071,-0.2402492492700677
7024,-2.5757575757575757,2.070707070707071,-0.16258106629062374
7025,-2.474747474747475,2.070707070707071,-0.08509881283329289
7026,-2.3737373737373737,2.070707070707071,-0.008400405086085505
7027,-2.272727272727273,2.070707070707071,0.06695036382155711
7028,-2.1717171717171717,2.070707070707071,0.14042982355284478
7029,-2.070707070707071,2.070707070707071,0.21155982148061256
7030,-1.9696969696969697,2.070707070707071,0.27991242431738783
7031,-1.868686868686869,2.070707070707071,0.34511383907522164
7032,-1.7676767676767677,2.070707070707071,0.4068474673491831
7033,-1.6666666666666665,2.070707070707071,0.4648560088531459
7034,-1.5656565656565657,2.070707070707071,0.5189425330943092
7035,-1.4646464646464645,2.070707070707071,0.5689704427772956
7036,-1.3636363636363638,2.070707070707071,0.6148622600152872
7037,-1.2626262626262625,2.070707070707071,0.6565971780735367
7038,-1.1616161616161618,2.070707070707071,0.6942073388851224
7039,-1.0606060606060606,2.070707070707071,0.7277728218907829
7040,-0.9595959595959593,2.070707070707071,0.7574153647951531
7041,-0.858585858585859,2.070707070707071,0.7832908831490903
7042,-0.7575757575757578,2.070707070707071,0.805580913875564
7043,-0.6565656565656566,2.070707070707071,0.8244831769532214
7044,-0.5555555555555554,2.070707070707071,0.8402015261475367
7045,-0.45454545454545503,2.070707070707071,0.8529356378173089
7046,-0.3535353535353538,2.070707070707071,0.8628708574682639
7047,-0.2525252525252526,2.070707070707071,0.870168675788832
7048,-0.15151515151515138,2.070707070707071,0.8749583277608791
7049,-0.050505050505050164,2.070707070707071,0.8773299902864613
7050,0.050505050505050164,2.070707070707071,0.8773299902864613
7051,0.15151515151515138,2.070707070707071,0.8749583277608791
7052,0.2525252525252526,2.070707070707071,0.870168675788832
7053,0.3535353535353538,2.070707070707071,0.8628708574682639
7054,0.45454545454545414,2.070707070707071,0.8529356378173089
7055,0.5555555555555554,2.070707070707071,0.8402015261475367
7056,0.6565656565656566,2.070707070707071,0.8244831769532214
7057,0.7575757575757578,2.070707070707071,0.805580913875564
7058,0.8585858585858581,2.070707070707071,0.7832908831490903
7059,0.9595959595959593,2.070707070707071,0.7574153647951531
7060,1.0606060606060606,2.070707070707071,0.7277728218907829
7061,1.1616161616161618,2.070707070707071,0.6942073388851224
7062,1.262626262626262,2.070707070707071,0.6565971780735367
7063,1.3636363636363633,2.070707070707071,0.6148622600152875
7064,1.4646464646464645,2.070707070707071,0.5689704427772956
7065,1.5656565656565657,2.070707070707071,0.5189425330943092
7066,1.666666666666667,2.070707070707071,0.4648560088531455
7067,1.7676767676767673,2.070707070707071,0.4068474673491835
7068,1.8686868686868685,2.070707070707071,0.34511383907522203
7069,1.9696969696969697,2.070707070707071,0.27991242431738783
7070,2.070707070707071,2.070707070707071,0.21155982148061256
7071,2.1717171717171713,2.070707070707071,0.14042982355284522
7072,2.2727272727272725,2.070707070707071,0.06695036382155756
7073,2.3737373737373737,2.070707070707071,-0.008400405086085505
7074,2.474747474747475,2.070707070707071,-0.08509881283329289
7075,2.5757575757575752,2.070707070707071,-0.16258106629062333
7076,2.6767676767676765,2.070707070707071,-0.24024924927006727
7077,2.7777777777777777,2.070707070707071,-0.31747783768759924
7078,2.878787878787879,2.070707070707071,-0.3936206399888853
7079,2.9797979797979792,2.070707070707071,-0.46801807207387647
7080,3.0808080808080813,2.070707070707071,-0.5400046756047244
7081,3.1818181818181817,2.070707070707071,-0.6089167885624497
7082,3.282828282828282,2.070707070707071,-0.6741002773178991
7083,3.383838383838384,2.070707070707071,-0.7349182403817051
7084,3.4848484848484844,2.070707070707071,-0.7907585954649035
7085,3.5858585858585865,2.070707070707071,-0.8410414635706353
7086,3.686868686868687,2.070707070707071,-0.8852262665865006
7087,3.787878787878787,2.070707070707071,-0.9228184582795812
7088,3.8888888888888893,2.070707070707071,-0.9533758127191235
7089,3.9898989898989896,2.070707070707071,-0.9765141989585365
7090,4.09090909090909,2.070707070707071,-0.9919127762779678
7091,4.191919191919192,2.070707070707071,-0.9993185503884481
7092,4.292929292929292,2.070707070707071,-0.9985502376844227
7093,4.3939393939393945,2.070707070707071,-0.9895013918493958
7094,4.494949494949495,2.070707070707071,-0.9721427548067813
7095,4.595959595959595,2.070707070707071,-0.9465238020947079
7096,4.696969696969697,2.070707070707071,-0.9127734611529806
7097,4.797979797979798,2.070707070707071,-0.8710999896610638
7098,4.8989898989899,2.070707070707071,-0.8217900098722215
7099,5.0,2.070707070707071,-0.7652067037624771
7100,-5.0,2.1717171717171713,-0.7392219402969454
7101,-4.898989898989899,2.1717171717171713,-0.7982664009935626
7102,-4.797979797979798,2.1717171717171713,-0.8503214167547549
7103,-4.696969696969697,2.1717171717171713,-0.8950086299302558
7104,-4.595959595959596,2.1717171717171713,-0.9320238580930658
7105,-4.494949494949495,2.1717171717171713,-0.9611390193388242
7106,-4.393939393939394,2.1717171717171713,-0.9822032396670076
7107,-4.292929292929293,2.1717171717171713,-0.9951431367811159
7108,-4.191919191919192,2.1717171717171713,-0.9999622833643549
7109,-4.090909090909091,2.1717171717171713,-0.9967398615510521
7110,-3.9898989898989896,2.1717171717171713,-0.9856285288355743
7111,-3.888888888888889,2.1717171717171713,-0.9668515239559098
7112,-3.787878787878788,2.1717171717171713,-0.9406990492782369
7113,-3.686868686868687,2.1717171717171713,-0.9075239738165816
7114,-3.5858585858585856,2.1717171717171713,-0.8677369081789432
7115,-3.484848484848485,2.1717171717171713,-0.8218007093760527
7116,-3.383838383838384,2.1717171717171713,-0.7702244795074769
7117,-3.282828282828283,2.1717171717171713,-0.7135571278075721
7118,-3.1818181818181817,2.1717171717171713,-0.6523805703565847
7119,-3.080808080808081,2.1717171717171713,-0.5873026459169131
7120,-2.9797979797979797,2.1717171717171713,-0.5189498298299879
7121,-2.878787878787879,2.1717171717171713,-0.44795983070673534
7122,-2.7777777777777777,2.1717171717171713,-0.37497415677802226
7123,-2.676767676767677,2.1717171717171713,-0.30063074026721065
7124,-2.5757575757575757,2.1717171717171713,-0.22555670904232245
7125,-2.474747474747475,2.1717171717171713,-0.15036139514697777
7126,-2.3737373737373737,2.1717171717171713,-0.07562966964871218
7127,-2.272727272727273,2.1717171717171713,-0.0019156926314955805
7128,-2.1717171717171717,2.1717171717171713,0.07026283386278838
7129,-2.070707070707071,2.1717171717171713,0.14042982355284522
7130,-1.9696969696969697,2.1717171717171713,0.20815528973215247
7131,-1.868686868686869,2.1717171717171713,0.27305907293826115
7132,-1.7676767676767677,2.1717171717171713,0.3348137332323876
7133,-1.6666666666666665,2.1717171717171713,0.39314653181117176
7134,-1.5656565656565657,2.1717171717171713,0.4478404320684172
7135,-1.4646464646464645,2.1717171717171713,0.4987340576993593
7136,-1.3636363636363638,2.1717171717171713,0.5457205558540157
7137,-1.2626262626262625,2.1717171717171713,0.5887453277642568
7138,-1.1616161616161618,2.1717171717171713,0.6278026089087388
7139,-1.0606060606060606,2.1717171717171713,0.6629309068925677
7140,-0.9595959595959593,2.1717171717171713,0.6942073388851231
7141,-0.858585858585859,2.1717171717171713,0.7217409522864189
7142,-0.7575757575757578,2.1717171717171713,0.7456651620230643
7143,-0.6565656565656566,2.1717171717171713,0.7661294939609431
7144,-0.5555555555555554,2.1717171717171713,0.7832908831490909
7145,-0.45454545454545503,2.1717171717171713,0.797304832915435
7146,-0.3535353535353538,2.1717171717171713,0.8083167894773734
7147,-0.2525252525252526,2.1717171717171713,0.8164541189342546
7148,-0.15151515151515138,2.1717171717171713,0.8218190816309447
7149,-0.050505050505050164,2.1717171717171713,0.8244831769532217
7150,0.050505050505050164,2.1717171717171713,0.8244831769532217
7151,0.15151515151515138,2.1717171717171713,0.8218190816309447
7152,0.2525252525252526,2.1717171717171713,0.8164541189342546
7153,0.3535353535353538,2.1717171717171713,0.8083167894773734
7154,0.45454545454545414,2.1717171717171713,0.797304832915435
7155,0.5555555555555554,2.1717171717171713,0.7832908831490909
7156,0.6565656565656566,2.1717171717171713,0.7661294939609431
7157,0.7575757575757578,2.1717171717171713,0.7456651620230643
7158,0.8585858585858581,2.1717171717171713,0.7217409522864192
7159,0.9595959595959593,2.1717171717171713,0.6942073388851231
7160,1.0606060606060606,2.1717171717171713,0.6629309068925677
7161,1.1616161616161618,2.1717171717171713,0.6278026089087388
7162,1.262626262626262,2.1717171717171713,0.5887453277642571
7163,1.3636363636363633,2.1717171717171713,0.5457205558540157
7164,1.4646464646464645,2.1717171717171713,0.4987340576993593
7165,1.5656565656565657,2.1717171717171713,0.4478404320684172
7166,1.666666666666667,2.1717171717171713,0.3931465318111713
7167,1.7676767676767673,2.1717171717171713,0.334813733232388
7168,1.8686868686868685,2.1717171717171713,0.2730590729382616
7169,1.9696969696969697,2.1717171717171713,0.20815528973215247
7170,2.070707070707071,2.1717171717171713,0.14042982355284522
7171,2.1717171717171713,2.1717171717171713,0.07026283386278882
7172,2.2727272727272725,2.1717171717171713,-0.0019156926314951364
7173,2.3737373737373737,2.1717171717171713,-0.07562966964871218
7174,2.474747474747475,2.1717171717171713,-0.15036139514697777
7175,2.5757575757575752,2.1717171717171713,-0.225556709042322
7176,2.6767676767676765,2.1717171717171713,-0.30063074026721026
7177,2.7777777777777777,2.1717171717171713,-0.37497415677802226
7178,2.878787878787879,2.1717171717171713,-0.44795983070673534
7179,2.9797979797979792,2.1717171717171713,-0.5189498298299879
7180,3.0808080808080813,2.1717171717171713,-0.5873026459169134
7181,3.1818181818181817,2.1717171717171713,-0.6523805703565847
7182,3.282828282828282,2.1717171717171713,-0.7135571278075714
7183,3.383838383838384,2.1717171717171713,-0.7702244795074769
7184,3.4848484848484844,2.1717171717171713,-0.8218007093760521
7185,3.5858585858585865,2.1717171717171713,-0.8677369081789437
7186,3.686868686868687,2.1717171717171713,-0.9075239738165816
7187,3.787878787878787,2.1717171717171713,-0.9406990492782366
7188,3.8888888888888893,2.1717171717171713,-0.9668515239559098
7189,3.9898989898989896,2.1717171717171713,-0.9856285288355743
7190,4.09090909090909,2.1717171717171713,-0.996739861551052
7191,4.191919191919192,2.1717171717171713,-0.9999622833643549
7192,4.292929292929292,2.1717171717171713,-0.995143136781116
7193,4.3939393939393945,2.1717171717171713,-0.9822032396670075
7194,4.494949494949495,2.1717171717171713,-0.9611390193388242
7195,4.595959595959595,2.1717171717171713,-0.9320238580930661
7196,4.696969696969697,2.1717171717171713,-0.8950086299302558
7197,4.797979797979798,2.1717171717171713,-0.8503214167547549
7198,4.8989898989899,2.1717171717171713,-0.7982664009935626
7199,5.0,2.1717171717171713,-0.7392219402969454
7200,-5.0,2.2727272727272725,-0.7109805967089277
7201,-4.898989898989899,2.2727272727272725,-0.7724475715668913
7202,-4.797979797979798,2.2727272727272725,-0.8272222942249516
7203,-4.696969696969697,2.2727272727272725,-0.8749116640322754
7204,-4.595959595959596,2.2727272727272725,-0.915194306079416
7205,-4.494949494949495,2.2727272727272725,-0.9478226172768963
7206,-4.393939393939394,2.2727272727272725,-0.972624016438725
7207,-4.292929292929293,2.2727272727272725,-0.9895013918493958
7208,-4.191919191919192,2.2727272727272725,-0.9984327483501461
7209,-4.090909090909091,2.2727272727272725,-0.9994700644929607
7210,-3.9898989898989896,2.2727272727272725,-0.9927373786940955
7211,-3.888888888888889,2.2727272727272725,-0.9784281314902452
7212,-3.787878787878788,2.2727272727272725,-0.9568017988811475
7213,-3.686868686868687,2.2727272727272725,-0.9281798592582468
7214,-3.5858585858585856,2.2727272727272725,-0.8929411435016193
7215,-3.484848484848485,2.2727272727272725,-0.8515166244149639
7216,-3.383838383838384,2.2727272727272725,-0.8043837077070253
7217,-3.282828282828283,2.2727272727272725,-0.7520600921717984
7218,-3.1818181818181817,2.2727272727272725,-0.6950972715330017
7219,-3.080808080808081,2.2727272727272725,-0.6340737545743805
7220,-2.9797979797979797,2.2727272727272725,-0.5695880836604293
7221,-2.878787878787879,2.2727272727272725,-0.5022517345567548
7222,-2.7777777777777777,2.2727272727272725,-0.43268198259031815
7223,-2.676767676767677,2.2727272727272725,-0.3614948216613973
7224,-2.5757575757575757,2.2727272727272725,-0.28929802345305405
7225,-2.474747474747475,2.2727272727272725,-0.21668442440696956
7226,-2.3737373737373737,2.2727272727272725,-0.14422552767392727
7227,-2.272727272727273,2.2727272727272725,-0.07246550632481723
7228,-2.1717171717171717,2.2727272727272725,-0.0019156926314951364
7229,-2.070707070707071,2.2727272727272725,0.06695036382155756
7230,-1.9696969696969697,2.2727272727272725,0.13370118911171328
7231,-1.868686868686869,2.2727272727272725,0.1979509523784004
7232,-1.7676767676767677,2.2727272727272725,0.25936223534942926
7233,-1.6666666666666665,2.2727272727272725,0.31764793728544305
7234,-1.5656565656565657,2.2727272727272725,0.37257225586861975
7235,-1.4646464646464645,2.2727272727272725,0.4239506939811273
7236,-1.3636363636363638,2.2727272727272725,0.47164905459520323
7237,-1.2626262626262625,2.2727272727272725,0.5155814019033528
7238,-1.1616161616161618,2.2727272727272725,0.5557069871647128
7239,-1.0606060606060606,2.2727272727272725,0.5920261632671187
7240,-0.9595959595959593,2.2727272727272725,0.6245753431931851
7241,-0.858585858585859,2.2727272727272725,0.6534210944518111
7242,-0.7575757575757578,2.2727272727272725,0.6786535033814998
7243,-0.6565656565656566,2.2727272727272725,0.7003789883502087
7244,-0.5555555555555554,2.2727272727272725,0.7187127864025254
7245,-0.45454545454545503,2.2727272727272725,0.7337713797867592
7246,-0.3535353535353538,2.2727272727272725,0.7456651620230643
7247,-0.2525252525252526,2.2727272727272725,0.7544916623175631
7248,-0.15151515151515138,2.2727272727272725,0.7603296471598323
7249,-0.050505050505050164,2.2727272727272725,0.7632343952481844
7250,0.050505050505050164,2.2727272727272725,0.7632343952481844
7251,0.15151515151515138,2.2727272727272725,0.7603296471598323
7252,0.2525252525252526,2.2727272727272725,0.7544916623175631
7253,0.3535353535353538,2.2727272727272725,0.7456651620230643
7254,0.45454545454545414,2.2727272727272725,0.7337713797867594
7255,0.5555555555555554,2.2727272727272725,0.7187127864025254
7256,0.6565656565656566,2.2727272727272725,0.7003789883502087
7257,0.7575757575757578,2.2727272727272725,0.6786535033814998
7258,0.8585858585858581,2.2727272727272725,0.6534210944518113
7259,0.9595959595959593,2.2727272727272725,0.6245753431931851
7260,1.0606060606060606,2.2727272727272725,0.5920261632671187
7261,1.1616161616161618,2.2727272727272725,0.5557069871647128
7262,1.262626262626262,2.2727272727272725,0.5155814019033528
7263,1.3636363636363633,2.2727272727272725,0.4716490545952036
7264,1.4646464646464645,2.2727272727272725,0.4239506939811273
7265,1.5656565656565657,2.2727272727272725,0.37257225586861975
7266,1.666666666666667,2.2727272727272725,0.31764793728544266
7267,1.7676767676767673,2.2727272727272725,0.25936223534942926
7268,1.8686868686868685,2.2727272727272725,0.1979509523784004
7269,1.9696969696969697,2.2727272727272725,0.13370118911171328
7270,2.070707070707071,2.2727272727272725,0.06695036382155756
7271,2.1717171717171713,2.2727272727272725,-0.0019156926314951364
7272,2.2727272727272725,2.2727272727272725,-0.07246550632481678
7273,2.3737373737373737,2.2727272727272725,-0.14422552767392727
7274,2.474747474747475,2.2727272727272725,-0.21668442440696956
7275,2.5757575757575752,2.2727272727272725,-0.28929802345305367
7276,2.6767676767676765,2.2727272727272725,-0.3614948216613973
7277,2.7777777777777777,2.2727272727272725,-0.43268198259031815
7278,2.878787878787879,2.2727272727272725,-0.5022517345567548
7279,2.9797979797979792,2.2727272727272725,-0.5695880836604293
7280,3.0808080808080813,2.2727272727272725,-0.6340737545743809
7281,3.1818181818181817,2.2727272727272725,-0.6950972715330017
7282,3.282828282828282,2.2727272727272725,-0.752060092171798
7283,3.383838383838384,2.2727272727272725,-0.8043837077070253
7284,3.4848484848484844,2.2727272727272725,-0.8515166244149639
7285,3.5858585858585865,2.2727272727272725,-0.8929411435016198
7286,3.686868686868687,2.2727272727272725,-0.9281798592582468
7287,3.787878787878787,2.2727272727272725,-0.9568017988811471
7288,3.8888888888888893,2.2727272727272725,-0.9784281314902453
7289,3.9898989898989896,2.2727272727272725,-0.9927373786940955
7290,4.09090909090909,2.2727272727272725,-0.9994700644929607
7291,4.191919191919192,2.2727272727272725,-0.9984327483501461
7292,4.292929292929292,2.2727272727272725,-0.9895013918493959
7293,4.3939393939393945,2.2727272727272725,-0.9726240164387248
7294,4.494949494949495,2.2727272727272725,-0.9478226172768963
7295,4.595959595959595,2.2727272727272725,-0.915194306079416
7296,4.696969696969697,2.2727272727272725,-0.8749116640322754
7297,4.797979797979798,2.2727272727272725,-0.8272222942249516
7298,4.8989898989899,2.2727272727272725,-0.7724475715668907
7299,5.0,2.2727272727272725,-0.7109805967089277
7300,-5.0,2.3737373737373737,-0.6804155025214589
7301,-4.898989898989899,2.3737373737373737,-0.7442466381160319
7302,-4.797979797979798,2.3737373737373737,-0.8016955231635284
7303,-4.696969696969697,2.3737373737373737,-0.8523548514029256
7304,-4.595959595959596,2.3737373737373737,-0.8958865324306836
7305,-4.494949494949495,2.3737373737373737,-0.9320238580930658
7306,-4.393939393939394,2.3737373737373737,-0.9605728953936024
7307,-4.292929292929293,2.3737373737373737,-0.9814130985217269
7308,-4.191919191919192,2.3737373737373737,-0.99449714099563
7309,-4.090909090909091,2.3737373737373737,-0.9998499772654603
7310,-3.9898989898989896,2.3737373737373737,-0.9975671513586649
7311,-3.888888888888889,2.3737373737373737,-0.9878123781863991
7312,-3.787878787878788,2.3737373737373737,-0.9708144308908612
7313,-3.686868686868687,2.3737373737373737,-0.9468633750247817
7314,-3.5858585858585856,2.3737373737373737,-0.9163061973481297
7315,-3.484848484848485,2.3737373737373737,-0.8795418835415977
7316,-3.383838383838384,2.3737373737373737,-0.8370160051168666
7317,-3.282828282828283,2.3737373737373737,-0.7892148812030861
7318,-3.1818181818181817,2.3737373737373737,-0.7366593856688131
7319,-3.080808080808081,2.3737373737373737,-0.6798984741690715
7320,-2.9797979797979797,2.3737373737373737,-0.6195025091673417
7321,-2.878787878787879,2.3737373737373737,-0.5560564637600942
7322,-2.7777777777777777,2.3737373737373737,-0.49015308722300266
7323,-2.676767676767677,2.3737373737373737,-0.42238611660632164
7324,-2.5757575757575757,2.3737373737373737,-0.35334361943995496
7325,-2.474747474747475,2.3737373737373737,-0.28360155267666065
7326,-2.3737373737373737,2.3737373737373737,-0.2137176224121952
7327,-2.272727272727273,2.3737373737373737,-0.1442255276739277
7328,-2.1717171717171717,2.3737373737373737,-0.07562966964871218
7329,-2.070707070707071,2.3737373737373737,-0.008400405086085505
7330,-1.9696969696969697,2.3737373737373737,0.05703008081282118
7331,-1.868686868686869,2.3737373737373737,0.12027121105253703
7332,-1.7676767676767677,2.3737373737373737,0.18097669752574685
7333,-1.6666666666666665,2.3737373737373737,0.23884640701449383
7334,-1.5656565656565657,2.3737373737373737,0.2936273623299583
7335,-1.4646464646464645,2.3737373737373737,0.34511383907522203
7336,-1.3636363636363638,2.3737373737373737,0.3931465318111713
7337,-1.2626262626262625,2.3737373737373737,0.43761077985651287
7338,-1.1616161616161618,2.3737373737373737,0.47843386304963037
7339,-1.0606060606060606,2.3737373737373737,0.5155814019033523
7340,-0.9595959595959593,2.3737373737373737,0.549052924792131
7341,-0.858585858585859,2.3737373737373737,0.5788766968025696
7342,-0.7575757575757578,2.3737373737373737,0.6051039397430938
7343,-0.6565656565656566,2.3737373737373737,0.6278026089087384
7344,-0.5555555555555554,2.3737373737373737,0.6470509270969081
7345,-0.45454545454545503,2.3737373737373737,0.6629309068925671
7346,-0.3535353535353538,2.3737373737373737,0.6755221146955986
7347,-0.2525252525252526,2.3737373737373737,0.6848959405610748
7348,-0.15151515151515138,2.3737373737373737,0.691110633360396
7349,-0.050505050505050164,2.3737373737373737,0.6942073388851228
7350,0.050505050505050164,2.3737373737373737,0.6942073388851228
7351,0.15151515151515138,2.3737373737373737,0.691110633360396
7352,0.2525252525252526,2.3737373737373737,0.6848959405610748
7353,0.3535353535353538,2.3737373737373737,0.6755221146955986
7354,0.45454545454545414,2.3737373737373737,0.6629309068925674
7355,0.5555555555555554,2.3737373737373737,0.6470509270969081
7356,0.6565656565656566,2.3737373737373737,0.6278026089087384
7357,0.7575757575757578,2.3737373737373737,0.6051039397430938
7358,0.8585858585858581,2.3737373737373737,0.57887669680257
7359,0.9595959595959593,2.3737373737373737,0.549052924792131
7360,1.0606060606060606,2.3737373737373737,0.5155814019033523
7361,1.1616161616161618,2.3737373737373737,0.47843386304963037
7362,1.262626262626262,2.3737373737373737,0.43761077985651287
7363,1.3636363636363633,2.3737373737373737,0.3931465318111713
7364,1.4646464646464645,2.3737373737373737,0.34511383907522203
7365,1.5656565656565657,2.3737373737373737,0.2936273623299583
7366,1.666666666666667,2.3737373737373737,0.23884640701449342
7367,1.7676767676767673,2.3737373737373737,0.18097669752574685
7368,1.8686868686868685,2.3737373737373737,0.12027121105253746
7369,1.9696969696969697,2.3737373737373737,0.05703008081282118
7370,2.070707070707071,2.3737373737373737,-0.008400405086085505
7371,2.1717171717171713,2.3737373737373737,-0.07562966964871218
7372,2.2727272727272725,2.3737373737373737,-0.14422552767392727
7373,2.3737373737373737,2.3737373737373737,-0.2137176224121952
7374,2.474747474747475,2.3737373737373737,-0.28360155267666065
7375,2.5757575757575752,2.3737373737373737,-0.35334361943995496
7376,2.6767676767676765,2.3737373737373737,-0.4223861166063212
7377,2.7777777777777777,2.3737373737373737,-0.49015308722300266
7378,2.878787878787879,2.3737373737373737,-0.5560564637600942
7379,2.9797979797979792,2.3737373737373737,-0.6195025091673417
7380,3.0808080808080813,2.3737373737373737,-0.6798984741690718
7381,3.1818181818181817,2.3737373737373737,-0.7366593856688131
7382,3.282828282828282,2.3737373737373737,-0.7892148812030856
7383,3.383838383838384,2.3737373737373737,-0.8370160051168666
7384,3.4848484848484844,2.3737373737373737,-0.8795418835415972
7385,3.5858585858585865,2.3737373737373737,-0.91630619734813
7386,3.686868686868687,2.3737373737373737,-0.9468633750247817
7387,3.787878787878787,2.3737373737373737,-0.970814430890861
7388,3.8888888888888893,2.3737373737373737,-0.9878123781863992
7389,3.9898989898989896,2.3737373737373737,-0.9975671513586649
7390,4.09090909090909,2.3737373737373737,-0.9998499772654604
7391,4.191919191919192,2.3737373737373737,-0.99449714099563
7392,4.292929292929292,2.3737373737373737,-0.9814130985217271
7393,4.3939393939393945,2.3737373737373737,-0.960572895393602
7394,4.494949494949495,2.3737373737373737,-0.9320238580930658
7395,4.595959595959595,2.3737373737373737,-0.8958865324306841
7396,4.696969696969697,2.3737373737373737,-0.8523548514029256
7397,4.797979797979798,2.3737373737373737,-0.8016955231635284
7398,4.8989898989899,2.3737373737373737,-0.7442466381160313
7399,5.0,2.3737373737373737,-0.6804155025214589
7400,-5.0,2.474747474747475,-0.6474722807027061
7401,-4.898989898989899,2.474747474747475,-0.7135892786033691
7402,-4.797979797979798,2.474747474747475,-0.7736462412082207
7403,-4.696969696969697,2.474747474747475,-0.8272222942249512
7404,-4.595959595959596,2.474747474747475,-0.8739632135426526
7405,-4.494949494949495,2.474747474747475,-0.9135837106745995
7406,-4.393939393939394,2.474747474747475,-0.9458689677445706
7407,-4.292929292929293,2.474747474747475,-0.9706754137373664
7408,-4.191919191919192,2.474747474747475,-0.9879307419430208
7409,-4.090909090909091,2.474747474747475,-0.9976331767090001
7410,-3.9898989898989896,2.474747474747475,-0.9998500056934462
7411,-3.888888888888889,2.474747474747475,-0.994715401705296
7412,-3.787878787878788,2.474747474747475,-0.9824275658472199
7413,-3.686868686868687,2.474747474747475,-0.9632452309720156
7414,-3.5858585858585856,2.474747474747475,-0.9374835713546329
7415,-3.484848484848485,2.474747474747475,-0.9055095709083261
7416,-3.383838383838384,2.474747474747475,-0.8677369081789437
7417,-3.282828282828283,2.474747474747475,-0.8246204216874911
7418,-3.1818181818181817,2.474747474747475,-0.7766502239168039
7419,-3.080808080808081,2.474747474747475,-0.7243455363200468
7420,-2.9797979797979797,2.474747474747475,-0.6682483211412078
7421,-2.878787878787879,2.474747474747475,-0.60891678856245
7422,-2.7777777777777777,2.474747474747475,-0.5469188597182981
7423,-2.676767676767677,2.474747474747475,-0.4828256674356271
7424,-2.5757575757575757,2.474747474747475,-0.4172051771676858
7425,-2.474747474747475,2.474747474747475,-0.3506160104867733
7426,-2.3737373737373737,2.474747474747475,-0.28360155267666065
7427,-2.272727272727273,2.474747474747475,-0.21668442440696997
7428,-2.1717171717171717,2.474747474747475,-0.15036139514697822
7429,-2.070707070707071,2.474747474747475,-0.08509881283329289
7430,-1.9696969696969697,2.474747474747475,-0.02132862026155648
7431,-1.868686868686869,2.474747474747475,0.04055497639473408
7432,-1.7676767676767677,2.474747474747475,0.10019812779309407
7433,-1.6666666666666665,2.474747474747475,0.1572891988815155
7434,-1.5656565656565657,2.474747474747475,0.21155982148061256
7435,-1.4646464646464645,2.474747474747475,0.2627851112048608
7436,-1.3636363636363638,2.474747474747475,0.3107830316155232
7437,-1.2626262626262625,2.474747474747475,0.355412904828242
7438,-1.1616161616161618,2.474747474747475,0.3965730870339652
7439,-1.0606060606060606,2.474747474747475,0.43419784963431707
7440,-0.9595959595959593,2.474747474747475,0.4682535317965133
7441,-0.858585858585859,2.474747474747475,0.4987340576993585
7442,-0.7575757575757578,2.474747474747475,0.5256559406169408
7443,-0.6565656565656566,2.474747474747475,0.5490529247921306
7444,-0.5555555555555554,2.474747474747475,0.5689704427772956
7445,-0.45454545454545503,2.474747474747475,0.5854600881062092
7446,-0.3535353535353538,2.474747474747475,0.5985743181019858
7447,-0.2525252525252526,2.474747474747475,0.6083616066811478
7448,-0.15151515151515138,2.474747474747475,0.6148622600152872
7449,-0.050505050505050164,2.474747474747475,0.6181050875931962
7450,0.050505050505050164,2.474747474747475,0.6181050875931962
7451,0.15151515151515138,2.474747474747475,0.6148622600152872
7452,0.2525252525252526,2.474747474747475,0.6083616066811478
7453,0.3535353535353538,2.474747474747475,0.5985743181019858
7454,0.45454545454545414,2.474747474747475,0.5854600881062092
7455,0.5555555555555554,2.474747474747475,0.5689704427772956
7456,0.6565656565656566,2.474747474747475,0.5490529247921306
7457,0.7575757575757578,2.474747474747475,0.5256559406169408
7458,0.8585858585858581,2.474747474747475,0.4987340576993589
7459,0.9595959595959593,2.474747474747475,0.4682535317965133
7460,1.0606060606060606,2.474747474747475,0.43419784963431707
7461,1.1616161616161618,2.474747474747475,0.3965730870339652
7462,1.262626262626262,2.474747474747475,0.355412904828242
7463,1.3636363636363633,2.474747474747475,0.3107830316155236
7464,1.4646464646464645,2.474747474747475,0.2627851112048608
7465,1.5656565656565657,2.474747474747475,0.21155982148061256
7466,1.666666666666667,2.474747474747475,0.15728919888151505
7467,1.7676767676767673,2.474747474747475,0.10019812779309452
7468,1.8686868686868685,2.474747474747475,0.04055497639473452
7469,1.9696969696969697,2.474747474747475,-0.02132862026155648
7470,2.070707070707071,2.474747474747475,-0.08509881283329289
7471,2.1717171717171713,2.474747474747475,-0.15036139514697777
7472,2.2727272727272725,2.474747474747475,-0.21668442440696956
7473,2.3737373737373737,2.474747474747475,-0.28360155267666065
7474,2.474747474747475,2.474747474747475,-0.3506160104867733
7475,2.5757575757575752,2.474747474747475,-0.41720517716768535
7476,2.6767676767676765,2.474747474747475,-0.4828256674356267
7477,2.7777777777777777,2.474747474747475,-0.5469188597182981
7478,2.878787878787879,2.474747474747475,-0.60891678856245
7479,2.9797979797979792,2.474747474747475,-0.6682483211412078
7480,3.0808080808080813,2.474747474747475,-0.7243455363200472
7481,3.1818181818181817,2.474747474747475,-0.7766502239168039
7482,3.282828282828282,2.474747474747475,-0.8246204216874905
7483,3.383838383838384,2.474747474747475,-0.8677369081789437
7484,3.4848484848484844,2.474747474747475,-0.9055095709083257
7485,3.5858585858585865,2.474747474747475,-0.9374835713546329
7486,3.686868686868687,2.474747474747475,-0.9632452309720156
7487,3.787878787878787,2.474747474747475,-0.9824275658472199
7488,3.8888888888888893,2.474747474747475,-0.994715401705296
7489,3.9898989898989896,2.474747474747475,-0.9998500056934462
7490,4.09090909090909,2.474747474747475,-0.9976331767090002
7491,4.191919191919192,2.474747474747475,-0.9879307419430208
7492,4.292929292929292,2.474747474747475,-0.9706754137373667
7493,4.3939393939393945,2.474747474747475,-0.9458689677445704
7494,4.494949494949495,2.474747474747475,-0.9135837106745995
7495,4.595959595959595,2.474747474747475,-0.873963213542653
7496,4.696969696969697,2.474747474747475,-0.8272222942249512
7497,4.797979797979798,2.474747474747475,-0.7736462412082207
7498,4.8989898989899,2.474747474747475,-0.7135892786033685
7499,5.0,2.474747474747475,-0.6474722807027061
7500,-5.0,2.5757575757575752,-0.6121109877947406
7501,-4.898989898989899,2.5757575757575752,-0.6804155025214594
7502,-4.797979797979798,2.5757575757575752,-0.742993722174627
7503,-4.696969696969697,2.5757575757575752,-0.799411937193773
7504,-4.595959595959596,2.5757575757575752,-0.8493004713945164
7505,-4.494949494949495,2.5757575757575752,-0.8923560844080554
7506,-4.393939393939394,2.5757575757575752,-0.9283436471427186
7507,-4.292929292929293,2.5757575757575752,-0.9570970810917876
7508,-4.191919191919192,2.5757575757575752,-0.9785195603345841
7509,-4.090909090909091,2.5757575757575752,-0.9925829830859907
7510,-3.9898989898989896,2.5757575757575752,-0.9993267275623554
7511,-3.888888888888889,2.5757575757575752,-0.9988557146703905
7512,-3.787878787878788,2.5757575757575752,-0.9913378075143281
7513,-3.686868686868687,2.5757575757575752,-0.9770005848830537
7514,-3.5858585858585856,2.5757575757575752,-0.9561275326555578
7515,-3.484848484848485,2.5757575757575752,-0.9290537033874074
7516,-3.383838383838384,2.5757575757575752,-0.896160900156508
7517,-3.282828282828283,2.5757575757575752,-0.8578724460029978
7518,-3.1818181818181817,2.5757575757575752,-0.8146476049522496
7519,-3.080808080808081,2.5757575757575752,-0.7669757246248852
7520,-2.9797979797979797,2.5757575757575752,-0.7153701737835156
7521,-2.878787878787879,2.5757575757575752,-0.6603621508187131
7522,-2.7777777777777777,2.5757575757575752,-0.6024944411179995
7523,-2.676767676767677,2.5757575757575752,-0.5423152024769226
7524,-2.5757575757575757,2.5757575757575752,-0.48037185818791933
7525,-2.474747474747475,2.5757575757575752,-0.41720517716768535
7526,-2.3737373737373737,2.5757575757575752,-0.35334361943995496
7527,-2.272727272727273,2.5757575757575752,-0.28929802345305405
7528,-2.1717171717171717,2.5757575757575752,-0.22555670904232245
7529,-2.070707070707071,2.5757575757575752,-0.16258106629062333
7530,-1.9696969696969697,2.5757575757575752,-0.10080169601610588
7531,-1.868686868686869,2.5757575757575752,-0.04061516201724171
7532,-1.7676767676767677,2.5757575757575752,0.017618591608758116
7533,-1.6666666666666665,2.5757575757575752,0.07357811295840092
7534,-1.5656565656565657,2.5757575757575752,0.126981569295206
7535,-1.4646464646464645,2.5757575757575752,0.1775871047590542
7536,-1.3636363636363638,2.5757575757575752,0.2251924186589838
7537,-1.2626262626262625,2.5757575757575752,0.2696335699628228
7538,-1.1616161616161618,2.5757575757575752,0.310783031615524
7539,-1.0606060606060606,2.5757575757575752,0.34854703852001145
7540,-0.9595959595959593,2.5757575757575752,0.3828622951139839
7541,-0.858585858585859,2.5757575757575752,0.4136921319021718
7542,-0.7575757575757578,2.5757575757575752,0.44102222414243064
7543,-0.6565656565656566,2.5757575757575752,0.46485600885314626
7544,-0.5555555555555554,2.5757575757575752,0.48520995677966244
7545,-0.45454545454545503,2.5757575757575752,0.5021088720418415
7546,-0.3535353535353538,2.5757575757575752,0.5155814019033528
7547,-0.2525252525252526,2.5757575757575752,0.5256559406169415
7548,-0.15151515151515138,2.5757575757575752,0.5323571031919434
7549,-0.050505050505050164,2.5757575757575752,0.5357029264885609
7550,0.050505050505050164,2.5757575757575752,0.5357029264885609
7551,0.15151515151515138,2.5757575757575752,0.5323571031919434
7552,0.2525252525252526,2.5757575757575752,0.5256559406169415
7553,0.3535353535353538,2.5757575757575752,0.5155814019033528
7554,0.45454545454545414,2.5757575757575752,0.5021088720418415
7555,0.5555555555555554,2.5757575757575752,0.48520995677966244
7556,0.6565656565656566,2.5757575757575752,0.46485600885314626
7557,0.7575757575757578,2.5757575757575752,0.44102222414243064
7558,0.8585858585858581,2.5757575757575752,0.41369213190217224
7559,0.9595959595959593,2.5757575757575752,0.3828622951139839
7560,1.0606060606060606,2.5757575757575752,0.34854703852001145
7561,1.1616161616161618,2.5757575757575752,0.310783031615524
7562,1.262626262626262,2.5757575757575752,0.2696335699628228
7563,1.3636363636363633,2.5757575757575752,0.2251924186589838
7564,1.4646464646464645,2.5757575757575752,0.1775871047590542
7565,1.5656565656565657,2.5757575757575752,0.126981569295206
7566,1.666666666666667,2.5757575757575752,0.07357811295840047
7567,1.7676767676767673,2.5757575757575752,0.01761859160875856
7568,1.8686868686868685,2.5757575757575752,-0.04061516201724171
7569,1.9696969696969697,2.5757575757575752,-0.10080169601610588
7570,2.070707070707071,2.5757575757575752,-0.16258106629062333
7571,2.1717171717171713,2.5757575757575752,-0.225556709042322
7572,2.2727272727272725,2.5757575757575752,-0.28929802345305367
7573,2.3737373737373737,2.5757575757575752,-0.35334361943995496
7574,2.474747474747475,2.5757575757575752,-0.41720517716768535
7575,2.5757575757575752,2.5757575757575752,-0.48037185818791933
7576,2.6767676767676765,2.5757575757575752,-0.5423152024769221
7577,2.7777777777777777,2.5757575757575752,-0.6024944411179995
7578,2.878787878787879,2.5757575757575752,-0.6603621508187131
7579,2.9797979797979792,2.5757575757575752,-0.7153701737835156
7580,3.0808080808080813,2.5757575757575752,-0.7669757246248852
7581,3.1818181818181817,2.5757575757575752,-0.8146476049522496
7582,3.282828282828282,2.5757575757575752,-0.8578724460029978
7583,3.383838383838384,2.5757575757575752,-0.896160900156508
7584,3.4848484848484844,2.5757575757575752,-0.9290537033874074
7585,3.5858585858585865,2.5757575757575752,-0.9561275326555578
7586,3.686868686868687,2.5757575757575752,-0.9770005848830537
7587,3.787878787878787,2.5757575757575752,-0.991337807514328
7588,3.8888888888888893,2.5757575757575752,-0.9988557146703905
7589,3.9898989898989896,2.5757575757575752,-0.9993267275623554
7590,4.09090909090909,2.5757575757575752,-0.9925829830859908
7591,4.191919191919192,2.5757575757575752,-0.9785195603345841
7592,4.292929292929292,2.5757575757575752,-0.9570970810917878
7593,4.3939393939393945,2.5757575757575752,-0.9283436471427182
7594,4.494949494949495,2.5757575757575752,-0.8923560844080554
7595,4.595959595959595,2.5757575757575752,-0.8493004713945168
7596,4.696969696969697,2.5757575757575752,-0.799411937193773
7597,4.797979797979798,2.5757575757575752,-0.742993722174627
7598,4.8989898989899,2.5757575757575752,-0.6804155025214589
7599,5.0,2.5757575757575752,-0.6121109877947406
7600,-5.0,2.6767676767676765,-0.574307696140525
7601,-4.898989898989899,2.6767676767676765,-0.6446813710574035
7602,-4.797979797979798,2.6767676767676765,-0.7096732348258863
7603,-4.696969696969697,2.6767676767676765,-0.7688375651393348
7604,-4.595959595959596,2.6767676767676765,-0.821790009872222
7605,-4.494949494949495,2.6767676767676765,-0.8682101036876515
7606,-4.393939393939394,2.6767676767676765,-0.9078430815291837
7607,-4.292929292929293,2.6767676767676765,-0.9405009789159292
7608,-4.191919191919192,2.6767676767676765,-0.9660630167891978
7609,-4.090909090909091,2.6767676767676765,-0.9844752764825282
7610,-3.9898989898989896,2.6767676767676765,-0.995749678125162
7611,-3.888888888888889,2.6767676767676765,-0.9999622833643549
7612,-3.787878787878788,2.6767676767676765,-0.9972509506292222
7613,-3.686868686868687,2.6767676767676765,-0.9878123781863991
7614,-3.5858585858585856,2.6767676767676765,-0.9718985768881022
7615,-3.484848484848485,2.6767676767676765,-0.9498128207233988
7616,-3.383838383838384,2.6767676767676765,-0.921905128996207
7617,-3.282828282828283,2.6767676767676765,-0.8885673391170457
7618,-3.1818181818181817,2.6767676767676765,-0.8502278335641704
7619,-3.080808080808081,2.6767676767676765,-0.8073459885038088
7620,-2.9797979797979797,2.6767676767676765,-0.7604064148250015
7621,-2.878787878787879,2.6767676767676765,-0.7099130649136228
7622,-2.7777777777777777,2.6767676767676765,-0.6563832803385473
7623,-2.676767676767677,2.6767676767676765,-0.6003418567300295
7624,-2.5757575757575757,2.6767676767676765,-0.5423152024769226
7625,-2.474747474747475,2.6767676767676765,-0.4828256674356267
7626,-2.3737373737373737,2.6767676767676765,-0.4223861166063212
7627,-2.272727272727273,2.6767676767676765,-0.3614948216613973
7628,-2.1717171717171717,2.6767676767676765,-0.30063074026721065
7629,-2.070707070707071,2.6767676767676765,-0.24024924927006727
7630,-1.9696969696969697,2.6767676767676765,-0.18077839295060097
7631,-1.868686868686869,2.6767676767676765,-0.12261570159848932
7632,-1.7676767676767677,2.6767676767676765,-0.06612562851356596
7633,-1.6666666666666665,2.6767676767676765,-0.01163764507517936
7634,-1.5656565656565657,2.6767676767676765,0.04055497639473452
7635,-1.4646464646464645,2.6767676767676765,0.09019567374786519
7636,-1.3636363636363638,2.6767676767676765,0.13706439506380047
7637,-1.2626262626262625,2.6767676767676765,0.18097669752574685
7638,-1.1616161616161618,2.6767676767676765,0.22178217162493222
7639,-1.0606060606060606,2.6767676767676765,0.25936223534942926
7640,-0.9595959595959593,2.6767676767676765,0.29362736232995873
7641,-0.858585858585859,2.6767676767676765,0.3245138278206262
7642,-0.7575757575757578,2.6767676767676765,0.35198007605474174
7643,-0.6565656565656566,2.6767676767676765,0.3760028308494895
7644,-0.5555555555555554,2.6767676767676765,0.39657308703396565
7645,-0.45454545454545503,2.6767676767676765,0.4136921319021718
7646,-0.3535353535353538,2.6767676767676765,0.42736775199934324
7647,-0.2525252525252526,2.6767676767676765,0.43761077985651287
7648,-0.15151515151515138,2.6767676767676765,0.44443212687598127
7649,-0.050505050505050164,2.6767676767676765,0.4478404320684172
7650,0.050505050505050164,2.6767676767676765,0.4478404320684172
7651,0.15151515151515138,2.6767676767676765,0.44443212687598127
7652,0.2525252525252526,2.6767676767676765,0.43761077985651287
7653,0.3535353535353538,2.6767676767676765,0.42736775199934324
7654,0.45454545454545414,2.6767676767676765,0.4136921319021718
7655,0.5555555555555554,2.6767676767676765,0.39657308703396565
7656,0.6565656565656566,2.6767676767676765,0.3760028308494895
7657,0.7575757575757578,2.6767676767676765,0.35198007605474174
7658,0.8585858585858581,2.6767676767676765,0.32451382782062665
7659,0.9595959595959593,2.6767676767676765,0.29362736232995873
7660,1.0606060606060606,2.6767676767676765,0.25936223534942926
7661,1.1616161616161618,2.6767676767676765,0.22178217162493222
7662,1.262626262626262,2.6767676767676765,0.1809766975257473
7663,1.3636363636363633,2.6767676767676765,0.13706439506380091
7664,1.4646464646464645,2.6767676767676765,0.09019567374786519
7665,1.5656565656565657,2.6767676767676765,0.04055497639473452
7666,1.666666666666667,2.6767676767676765,-0.01163764507517936
7667,1.7676767676767673,2.6767676767676765,-0.06612562851356596
7668,1.8686868686868685,2.6767676767676765,-0.12261570159848932
7669,1.9696969696969697,2.6767676767676765,-0.18077839295060097
7670,2.070707070707071,2.6767676767676765,-0.24024924927006727
7671,2.1717171717171713,2.6767676767676765,-0.30063074026721026
7672,2.2727272727272725,2.6767676767676765,-0.3614948216613973
7673,2.3737373737373737,2.6767676767676765,-0.4223861166063212
7674,2.474747474747475,2.6767676767676765,-0.4828256674356267
7675,2.5757575757575752,2.6767676767676765,-0.5423152024769221
7676,2.6767676767676765,2.6767676767676765,-0.6003418567300292
7677,2.7777777777777777,2.6767676767676765,-0.6563832803385473
7678,2.878787878787879,2.6767676767676765,-0.7099130649136228
7679,2.9797979797979792,2.6767676767676765,-0.7604064148250015
7680,3.0808080808080813,2.6767676767676765,-0.8073459885038088
7681,3.1818181818181817,2.6767676767676765,-0.8502278335641704
7682,3.282828282828282,2.6767676767676765,-0.8885673391170452
7683,3.383838383838384,2.6767676767676765,-0.921905128996207
7684,3.4848484848484844,2.6767676767676765,-0.9498128207233988
7685,3.5858585858585865,2.6767676767676765,-0.9718985768881023
7686,3.686868686868687,2.6767676767676765,-0.9878123781863991
7687,3.787878787878787,2.6767676767676765,-0.9972509506292222
7688,3.8888888888888893,2.6767676767676765,-0.9999622833643549
7689,3.9898989898989896,2.6767676767676765,-0.995749678125162
7690,4.09090909090909,2.6767676767676765,-0.9844752764825283
7691,4.191919191919192,2.6767676767676765,-0.9660630167891978
7692,4.292929292929292,2.6767676767676765,-0.9405009789159292
7693,4.3939393939393945,2.6767676767676765,-0.9078430815291837
7694,4.494949494949495,2.6767676767676765,-0.8682101036876515
7695,4.595959595959595,2.6767676767676765,-0.8217900098722225
7696,4.696969696969697,2.6767676767676765,-0.7688375651393348
7697,4.797979797979798,2.6767676767676765,-0.7096732348258863
7698,4.8989898989899,2.6767676767676765,-0.6446813710574029
7699,5.0,2.6767676767676765,-0.574307696140525
7700,-5.0,2.7777777777777777,-0.534055998204512
7701,-4.898989898989899,2.7777777777777777,-0.6063606462811474
7702,-4.797979797979798,2.7777777777777777,-0.6736378386703046
7703,-4.696969696969697,2.7777777777777777,-0.7354307468053894
7704,-4.595959595959596,2.7777777777777777,-0.7913412075547029
7705,-4.494949494949495,2.7777777777777777,-0.8410323504166558
7706,-4.393939393939394,2.7777777777777777,-0.8842305457809357
7707,-4.292929292929293,2.7777777777777777,-0.9207266632634974
7708,-4.191919191919192,2.7777777777777777,-0.9503766367522083
7709,-4.090909090909091,2.7777777777777777,-0.9731013404313866
7710,-3.9898989898989896,2.7777777777777777,-0.9888857876092664
7711,-3.888888888888889,2.7777777777777777,-0.9977776715759489
7712,-3.787878787878788,2.7777777777777777,-0.9998852748963829
7713,-3.686868686868687,2.7777777777777777,-0.9953747804221315
7714,-3.5858585858585856,2.7777777777777777,-0.9844670238196906
7715,-3.484848484848485,2.7777777777777777,-0.9674337334988222
7716,-3.383838383838384,2.7777777777777777,-0.9445933094235464
7717,-3.282828282828283,2.7777777777777777,-0.91630619734813
7718,-3.1818181818181817,2.7777777777777777,-0.8829699194930362
7719,-3.080808080808081,2.7777777777777777,-0.8450138265193367
7720,-2.9797979797979797,2.7777777777777777,-0.8028936388376251
7721,-2.878787878787879,2.7777777777777777,-0.7570858477670424
7722,-2.7777777777777777,2.7777777777777777,-0.7080820488134968
7723,-2.676767676767677,2.7777777777777777,-0.6563832803385476
7724,-2.5757575757575757,2.7777777777777777,-0.6024944411179999
7725,-2.474747474747475,2.7777777777777777,-0.5469188597182981
7726,-2.3737373737373737,2.7777777777777777,-0.49015308722300266
7727,-2.272727272727273,2.7777777777777777,-0.4326819825903186
7728,-2.1717171717171717,2.7777777777777777,-0.37497415677802265
7729,-2.070707070707071,2.7777777777777777,-0.31747783768759924
7730,-1.9696969696969697,2.7777777777777777,-0.2606172128977301
7731,-1.868686868686869,2.7777777777777777,-0.20478930101072038
7732,-1.7676767676767677,2.7777777777777777,-0.15036139514697822
7733,-1.6666666666666665,2.7777777777777777,-0.09766911361076017
7734,-1.5656565656565657,2.7777777777777777,-0.04701508293690346
7735,-1.4646464646464645,2.7777777777777777,0.0013317326487153234
7736,-1.3636363636363638,2.7777777777777777,0.047136053890192674
7737,-1.2626262626262625,2.7777777777777777,0.09019567374786475
7738,-1.1616161616161618,2.7777777777777777,0.13034023686607468
7739,-1.0606060606060606,2.7777777777777777,0.1674294550811462
7740,-0.9595959595959593,2.7777777777777777,0.20135081959940113
7741,-0.858585858585859,2.7777777777777777,0.23201688736267959
7742,-0.7575757575757578,2.7777777777777777,0.2593622353494288
7743,-0.6565656565656566,2.7777777777777777,0.28334019122905896
7744,-0.5555555555555554,2.7777777777777777,0.3039194608600497
7745,-0.45454545454545503,2.7777777777777777,0.32108078150100944
7746,-0.3535353535353538,2.7777777777777777,0.33481373323238717
7747,-0.2525252525252526,2.7777777777777777,0.34511383907522203
7748,-0.15151515151515138,2.7777777777777777,0.3519800760547413
7749,-0.050505050505050164,2.7777777777777777,0.355412904828242
7750,0.050505050505050164,2.7777777777777777,0.355412904828242
7751,0.15151515151515138,2.7777777777777777,0.3519800760547413
7752,0.2525252525252526,2.7777777777777777,0.34511383907522203
7753,0.3535353535353538,2.7777777777777777,0.33481373323238717
7754,0.45454545454545414,2.7777777777777777,0.32108078150100944
7755,0.5555555555555554,2.7777777777777777,0.3039194608600497
7756,0.6565656565656566,2.7777777777777777,0.28334019122905896
7757,0.7575757575757578,2.7777777777777777,0.2593622353494288
7758,0.8585858585858581,2.7777777777777777,0.23201688736268
7759,0.9595959595959593,2.7777777777777777,0.20135081959940113
7760,1.0606060606060606,2.7777777777777777,0.1674294550811462
7761,1.1616161616161618,2.7777777777777777,0.13034023686607468
7762,1.262626262626262,2.7777777777777777,0.09019567374786519
7763,1.3636363636363633,2.7777777777777777,0.04713605389019312
7764,1.4646464646464645,2.7777777777777777,0.0013317326487153234
7765,1.5656565656565657,2.7777777777777777,-0.04701508293690346
7766,1.666666666666667,2.7777777777777777,-0.09766911361076061
7767,1.7676767676767673,2.7777777777777777,-0.15036139514697777
7768,1.8686868686868685,2.7777777777777777,-0.20478930101072038
7769,1.9696969696969697,2.7777777777777777,-0.2606172128977301
7770,2.070707070707071,2.7777777777777777,-0.31747783768759924
7771,2.1717171717171713,2.7777777777777777,-0.37497415677802226
7772,2.2727272727272725,2.7777777777777777,-0.43268198259031815
7773,2.3737373737373737,2.7777777777777777,-0.49015308722300266
7774,2.474747474747475,2.7777777777777777,-0.5469188597182981
7775,2.5757575757575752,2.7777777777777777,-0.6024944411179995
7776,2.6767676767676765,2.7777777777777777,-0.6563832803385473
7777,2.7777777777777777,2.7777777777777777,-0.7080820488134968
7778,2.878787878787879,2.7777777777777777,-0.7570858477670424
7779,2.9797979797979792,2.7777777777777777,-0.8028936388376251
7780,3.0808080808080813,2.7777777777777777,-0.8450138265193367
7781,3.1818181818181817,2.7777777777777777,-0.8829699194930362
7782,3.282828282828282,2.7777777777777777,-0.9163061973481297
7783,3.383838383838384,2.7777777777777777,-0.9445933094235464
7784,3.4848484848484844,2.7777777777777777,-0.967433733498822
7785,3.5858585858585865,2.7777777777777777,-0.9844670238196909
7786,3.686868686868687,2.7777777777777777,-0.9953747804221315
7787,3.787878787878787,2.7777777777777777,-0.9998852748963828
7788,3.8888888888888893,2.7777777777777777,-0.9977776715759489
7789,3.9898989898989896,2.7777777777777777,-0.9888857876092664
7790,4.09090909090909,2.7777777777777777,-0.9731013404313869
7791,4.191919191919192,2.7777777777777777,-0.9503766367522083
7792,4.292929292929292,2.7777777777777777,-0.9207266632634977
7793,4.3939393939393945,2.7777777777777777,-0.8842305457809353
7794,4.494949494949495,2.7777777777777777,-0.8410323504166558
7795,4.595959595959595,2.7777777777777777,-0.7913412075547029
7796,4.696969696969697,2.7777777777777777,-0.7354307468053894
7797,4.797979797979798,2.7777777777777777,-0.6736378386703046
7798,4.8989898989899,2.7777777777777777,-0.6063606462811474
7799,5.0,2.7777777777777777,-0.534055998204512
7800,-5.0,2.878787878787879,-0.49136841262786923
7801,-4.898989898989899,2.878787878787879,-0.5654463478072158
7802,-4.797979797979798,2.878787878787879,-0.6348600940159036
7803,-4.696969696969697,2.878787878787879,-0.6991427007621213
7804,-4.595959595959596,2.878787878787879,-0.757883141648904
7805,-4.494949494949495,2.878787878787879,-0.8107290478552426
7806,-4.393939393939394,2.878787878787879,-0.8573887871223715
7807,-4.292929292929293,2.878787878787879,-0.8976328763397463
7808,-4.191919191919192,2.878787878787879,-0.9312947232473664
7809,-4.090909090909091,2.878787878787879,-0.9582707002037001
7810,-3.9898989898989896,2.878787878787879,-0.9785195603345841
7811,-3.888888888888889,2.878787878787879,-0.9920612136026401
7812,-3.787878787878788,2.878787878787879,-0.9989748873454949
7813,-3.686868686868687,2.878787878787879,-0.9993967025536916
7814,-3.5858585858585856,2.878787878787879,-0.9935167035284443
7815,-3.484848484848485,2.878787878787879,-0.9815753845120099
7816,-3.383838383838384,2.878787878787879,-0.9638597623606822
7817,-3.282828282828283,2.878787878787879,-0.9406990492782369
7818,-3.1818181818181817,2.878787878787879,-0.912459983997105
7819,-3.080808080808081,2.878787878787879,-0.8795418835415977
7820,-2.9797979797979797,2.878787878787879,-0.8423714807930516
7821,-2.878787878787879,2.878787878787879,-0.8013976154660543
7822,-2.7777777777777777,2.878787878787879,-0.7570858477670424
7823,-2.676767676767677,2.878787878787879,-0.7099130649136232
7824,-2.5757575757575757,2.878787878787879,-0.6603621508187131
7825,-2.474747474747475,2.878787878787879,-0.60891678856245
7826,-2.3737373737373737,2.878787878787879,-0.5560564637600942
7827,-2.272727272727273,2.878787878787879,-0.5022517345567551
7828,-2.1717171717171717,2.878787878787879,-0.44795983070673534
7829,-2.070707070707071,2.878787878787879,-0.3936206399888853
7830,-1.9696969696969697,2.878787878787879,-0.3396531350267993
7831,-1.868686868686869,2.878787878787879,-0.28645228737728007
7832,-1.7676767676767677,2.878787878787879,-0.23438650847410425
7833,-1.6666666666666665,2.878787878787879,-0.18379564862268152
7834,-1.5656565656565657,2.878787878787879,-0.1349895757022077
7835,-1.4646464646464645,2.878787878787879,-0.08824734453638139
7836,-1.3636363636363638,2.878787878787879,-0.043816956070878196
7837,-1.2626262626262625,2.878787878787879,-0.0019156926314955805
7838,-1.1616161616161618,2.878787878787879,0.03726899820551109
7839,-1.0606060606060606,2.878787878787879,0.07357811295840004
7840,-0.9595959595959593,2.878787878787879,0.10687925122514726
7841,-0.858585858585859,2.878787878787879,0.13706439506380003
7842,-0.7575757575757578,2.878787878787879,0.1640473929515558
7843,-0.6565656565656566,2.878787878787879,0.1877612442888051
7844,-0.5555555555555554,2.878787878787879,0.20815528973215205
7845,-0.45454545454545503,2.878787878787879,0.22519241865898293
7846,-0.3535353535353538,2.878787878787879,0.23884640701449342
7847,-0.2525252525252526,2.878787878787879,0.2490994960537681
7848,-0.15151515151515138,2.878787878787879,0.2559403146991471
7849,-0.050505050505050164,2.878787878787879,0.2593622353494284
7850,0.050505050505050164,2.878787878787879,0.2593622353494284
7851,0.15151515151515138,2.878787878787879,0.2559403146991471
7852,0.2525252525252526,2.878787878787879,0.2490994960537681
7853,0.3535353535353538,2.878787878787879,0.23884640701449342
7854,0.45454545454545414,2.878787878787879,0.22519241865898335
7855,0.5555555555555554,2.878787878787879,0.20815528973215205
7856,0.6565656565656566,2.878787878787879,0.1877612442888051
7857,0.7575757575757578,2.878787878787879,0.1640473929515558
7858,0.8585858585858581,2.878787878787879,0.13706439506380047
7859,0.9595959595959593,2.878787878787879,0.10687925122514726
7860,1.0606060606060606,2.878787878787879,0.07357811295840004
7861,1.1616161616161618,2.878787878787879,0.03726899820551109
7862,1.262626262626262,2.878787878787879,-0.0019156926314955805
7863,1.3636363636363633,2.878787878787879,-0.04381695607087775
7864,1.4646464646464645,2.878787878787879,-0.08824734453638139
7865,1.5656565656565657,2.878787878787879,-0.1349895757022077
7866,1.666666666666667,2.878787878787879,-0.18379564862268152
7867,1.7676767676767673,2.878787878787879,-0.23438650847410425
7868,1.8686868686868685,2.878787878787879,-0.28645228737728007
7869,1.9696969696969697,2.878787878787879,-0.3396531350267993
7870,2.070707070707071,2.878787878787879,-0.3936206399888853
7871,2.1717171717171713,2.878787878787879,-0.44795983070673534
7872,2.2727272727272725,2.878787878787879,-0.5022517345567548
7873,2.3737373737373737,2.878787878787879,-0.5560564637600942
7874,2.474747474747475,2.878787878787879,-0.60891678856245
7875,2.5757575757575752,2.878787878787879,-0.6603621508187131
7876,2.6767676767676765,2.878787878787879,-0.7099130649136228
7877,2.7777777777777777,2.878787878787879,-0.7570858477670424
7878,2.878787878787879,2.878787878787879,-0.8013976154660543
7879,2.9797979797979792,2.878787878787879,-0.8423714807930516
7880,3.0808080808080813,2.878787878787879,-0.8795418835415977
7881,3.1818181818181817,2.878787878787879,-0.912459983997105
7882,3.282828282828282,2.878787878787879,-0.9406990492782369
7883,3.383838383838384,2.878787878787879,-0.9638597623606822
7884,3.4848484848484844,2.878787878787879,-0.9815753845120099
7885,3.5858585858585865,2.878787878787879,-0.9935167035284445
7886,3.686868686868687,2.878787878787879,-0.9993967025536916
7887,3.787878787878787,2.878787878787879,-0.998974887345495
7888,3.8888888888888893,2.878787878787879,-0.9920612136026401
7889,3.9898989898989896,2.878787878787879,-0.9785195603345841
7890,4.09090909090909,2.878787878787879,-0.9582707002037003
7891,4.191919191919192,2.878787878787879,-0.9312947232473664
7892,4.292929292929292,2.878787878787879,-0.8976328763397466
7893,4.3939393939393945,2.878787878787879,-0.8573887871223711
7894,4.494949494949495,2.878787878787879,-0.8107290478552426
7895,4.595959595959595,2.878787878787879,-0.7578831416489047
7896,4.696969696969697,2.878787878787879,-0.6991427007621213
7897,4.797979797979798,2.878787878787879,-0.6348600940159036
7898,4.8989898989899,2.878787878787879,-0.5654463478072151
7899,5.0,2.878787878787879,-0.49136841262786923
7900,-5.0,2.9797979797979792,-0.4462776715625189
7901,-4.898989898989899,2.9797979797979792,-0.5219521951510355
7902,-4.797979797979798,2.9797979797979792,-0.5933336631399143
7903,-4.696969696969697,2.9797979797979792,-0.6599460589034093
7904,-4.595959595959596,2.9797979797979792,-0.7213665170702688
7905,-4.494949494949495,2.9797979797979792,-0.7772281583038075
7906,-4.393939393939394,2.9797979797979792,-0.8272222942249516
7907,-4.292929292929293,2.9797979797979792,-0.8710999896610638
7908,-4.191919191919192,2.9797979797979792,-0.9086729766131126
7909,-4.090909090909091,2.9797979797979792,-0.939813921561422
7910,-3.9898989898989896,2.9797979797979792,-0.9644560549004089
7911,-3.888888888888889,2.9797979797979792,-0.9825921783309262
7912,-3.787878787878788,2.9797979797979792,-0.9942730728725142
7913,-3.686868686868687,2.9797979797979792,-0.9996053367169558
7914,-3.5858585858585856,2.9797979797979792,-0.9987486883621267
7915,-3.484848484848485,2.9797979797979792,-0.9919127762779678
7916,-3.383838383838384,2.9797979797979792,-0.9793535417053728
7917,-3.282828282828283,2.9797979797979792,-0.9613691860192185
7918,-3.1818181818181817,2.9797979797979792,-0.9382957983486432
7919,-3.080808080808081,2.9797979797979792,-0.9105027027956645
7920,-2.9797979797979797,2.9797979797979792,-0.8783875875866032
7921,-2.878787878787879,2.9797979797979792,-0.8423714807930516
7922,-2.7777777777777777,2.9797979797979792,-0.8028936388376251
7923,-2.676767676767677,2.9797979797979792,-0.7604064148250015
7924,-2.5757575757575757,2.9797979797979792,-0.7153701737835156
7925,-2.474747474747475,2.9797979797979792,-0.6682483211412078
7926,-2.3737373737373737,2.9797979797979792,-0.6195025091673417
7927,-2.272727272727273,2.9797979797979792,-0.5695880836604297
7928,-2.1717171717171717,2.9797979797979792,-0.5189498298299879
7929,-2.070707070707071,2.9797979797979792,-0.46801807207387647
7930,-1.9696969696969697,2.9797979797979792,-0.41720517716768535
7931,-1.868686868686869,2.9797979797979792,-0.3669025042302961
7932,-1.7676767676767677,2.9797979797979792,-0.3174778376875988
7933,-1.6666666666666665,2.9797979797979792,-0.26927333131150033
7934,-1.5656565656565657,2.9797979797979792,-0.22260398226742456
7935,-1.4646464646464645,2.9797979797979792,-0.1777566439909828
7936,-1.3636363636363638,2.9797979797979792,-0.13498957570220682
7937,-1.2626262626262625,2.9797979797979792,-0.09453251457499848
7938,-1.1616161616161618,2.9797979797979792,-0.056587244198238414
7939,-1.0606060606060606,2.9797979797979792,-0.021328620261555593
7940,-0.9595959595959593,2.9797979797979792,0.01109399826848145
7941,-0.858585858585859,2.9797979797979792,0.04055497639473452
7942,-0.7575757575757578,2.9797979797979792,0.06695036382155799
7943,-0.6565656565656566,2.9797979797979792,0.09019567374786519
7944,-0.5555555555555554,2.9797979797979792,0.11022357152514073
7945,-0.45454545454545503,2.9797979797979792,0.126981569295206
7946,-0.3535353535353538,2.9797979797979792,0.14042982355284522
7947,-0.2525252525252526,2.9797979797979792,0.15053912950318332
7948,-0.15151515151515138,2.9797979797979792,0.15728919888151593
7949,-0.050505050505050164,2.9797979797979792,0.1606672966102636
7950,0.050505050505050164,2.9797979797979792,0.1606672966102636
7951,0.15151515151515138,2.9797979797979792,0.15728919888151593
7952,0.2525252525252526,2.9797979797979792,0.15053912950318332
7953,0.3535353535353538,2.9797979797979792,0.14042982355284522
7954,0.45454545454545414,2.9797979797979792,0.12698156929520643
7955,0.5555555555555554,2.9797979797979792,0.11022357152514073
7956,0.6565656565656566,2.9797979797979792,0.09019567374786519
7957,0.7575757575757578,2.9797979797979792,0.06695036382155799
7958,0.8585858585858581,2.9797979797979792,0.040554976394734966
7959,0.9595959595959593,2.9797979797979792,0.01109399826848145
7960,1.0606060606060606,2.9797979797979792,-0.021328620261555593
7961,1.1616161616161618,2.9797979797979792,-0.056587244198238414
7962,1.262626262626262,2.9797979797979792,-0.09453251457499848
7963,1.3636363636363633,2.9797979797979792,-0.13498957570220682
7964,1.4646464646464645,2.9797979797979792,-0.1777566439909828
7965,1.5656565656565657,2.9797979797979792,-0.22260398226742456
7966,1.666666666666667,2.9797979797979792,-0.26927333131150033
7967,1.7676767676767673,2.9797979797979792,-0.3174778376875988
7968,1.8686868686868685,2.9797979797979792,-0.3669025042302961
7969,1.9696969696969697,2.9797979797979792,-0.41720517716768535
7970,2.070707070707071,2.9797979797979792,-0.46801807207387647
7971,2.1717171717171713,2.9797979797979792,-0.5189498298299879
7972,2.2727272727272725,2.9797979797979792,-0.5695880836604293
7973,2.3737373737373737,2.9797979797979792,-0.6195025091673417
7974,2.474747474747475,2.9797979797979792,-0.6682483211412078
7975,2.5757575757575752,2.9797979797979792,-0.7153701737835156
7976,2.6767676767676765,2.9797979797979792,-0.7604064148250015
7977,2.7777777777777777,2.9797979797979792,-0.8028936388376251
7978,2.878787878787879,2.9797979797979792,-0.8423714807930516
7979,2.9797979797979792,2.9797979797979792,-0.8783875875866032
7980,3.0808080808080813,2.9797979797979792,-0.9105027027956648
7981,3.1818181818181817,2.9797979797979792,-0.9382957983486432
7982,3.282828282828282,2.9797979797979792,-0.9613691860192185
7983,3.383838383838384,2.9797979797979792,-0.9793535417053728
7984,3.4848484848484844,2.9797979797979792,-0.9919127762779678
7985,3.5858585858585865,2.9797979797979792,-0.9987486883621267
7986,3.686868686868687,2.9797979797979792,-0.9996053367169558
7987,3.787878787878787,2.9797979797979792,-0.9942730728725143
7988,3.8888888888888893,2.9797979797979792,-0.9825921783309262
7989,3.9898989898989896,2.9797979797979792,-0.9644560549004089
7990,4.09090909090909,2.9797979797979792,-0.939813921561422
7991,4.191919191919192,2.9797979797979792,-0.9086729766131126
7992,4.292929292929292,2.9797979797979792,-0.8710999896610638
7993,4.3939393939393945,2.9797979797979792,-0.8272222942249512
7994,4.494949494949495,2.9797979797979792,-0.7772281583038075
7995,4.595959595959595,2.9797979797979792,-0.7213665170702693
7996,4.696969696969697,2.9797979797979792,-0.6599460589034093
7997,4.797979797979798,2.9797979797979792,-0.5933336631399143
7998,4.8989898989899,2.9797979797979792,-0.5219521951510347
7999,5.0,2.9797979797979792,-0.4462776715625189
8000,-5.0,3.0808080808080813,-0.3988378690033175
8001,-4.898989898989899,3.0808080808080813,-0.47591391406227634
8002,-4.797979797979798,3.0808080808080813,-0.5490747793687352
8003,-4.696969696969697,3.0808080808080813,-0.6178365027839968
8004,-4.595959595959596,3.0808080808080813,-0.6817654743264083
8005,-4.494949494949495,3.0808080808080813,-0.7404813666200053
8006,-4.393939393939394,3.0808080808080813,-0.7936594602663277
8007,-4.292929292929293,3.0808080808080813,-0.8410323504166558
8008,-4.191919191919192,3.0808080808080813,-0.8823910278142661
8009,-4.090909090909091,3.0808080808080813,-0.9175853345939416
8010,-3.9898989898989896,3.0808080808080813,-0.9465238020947079
8011,-3.888888888888889,3.0808080808080813,-0.9691728847884663
8012,-3.787878787878788,3.0808080808080813,-0.9855556110801712
8013,-3.686868686868687,3.0808080808080813,-0.9957496781251619
8014,-3.5858585858585856,3.0808080808080813,-0.9998850238697976
8015,-3.484848484848485,3.0808080808080813,-0.9981409151895694
8016,-3.383838383838384,3.0808080808080813,-0.9907425962152339
8017,-3.282828282828283,3.0808080808080813,-0.9779575456472124
8018,-3.1818181818181817,3.0808080808080813,-0.9600913960109118
8019,-3.080808080808081,3.0808080808080813,-0.9374835713546329
8020,-2.9797979797979797,3.0808080808080813,-0.9105027027956648
8021,-2.878787878787879,3.0808080808080813,-0.8795418835415977
8022,-2.7777777777777777,3.0808080808080813,-0.8450138265193367
8023,-2.676767676767677,3.0808080808080813,-0.8073459885038093
8024,-2.5757575757575757,3.0808080808080813,-0.7669757246248857
8025,-2.474747474747475,3.0808080808080813,-0.7243455363200472
8026,-2.3737373737373737,3.0808080808080813,-0.6798984741690718
8027,-2.272727272727273,3.0808080808080813,-0.6340737545743813
8028,-2.1717171717171717,3.0808080808080813,-0.5873026459169137
8029,-2.070707070707071,3.0808080808080813,-0.5400046756047244
8030,-1.9696969696969697,3.0808080808080813,-0.4925842043250601
8031,-1.868686868686869,3.0808080808080813,-0.4454274078008063
8032,-1.7676767676767677,3.0808080808080813,-0.39889969943754955
8033,-1.6666666666666665,3.0808080808080813,-0.3533436194399554
8034,-1.5656565656565657,3.0808080808080813,-0.30907720730694804
8035,-1.4646464646464645,3.0808080808080813,-0.2663928651429507
8036,-1.3636363636363638,3.0808080808080813,-0.2255567090423233
8037,-1.2626262626262625,3.0808080808080813,-0.1868083950576074
8038,-1.1616161616161618,3.0808080808080813,-0.15036139514697866
8039,-1.0606060606060606,3.0808080808080813,-0.11640368727396315
8040,-0.9595959595959593,3.0808080808080813,-0.08509881283329333
8041,-0.858585858585859,3.0808080808080813,-0.056587244198239746
8042,-0.7575757575757578,3.0808080808080813,-0.03098799588309006
8043,-0.6565656565656566,3.0808080808080813,-0.008400405086085949
8044,-0.5555555555555554,3.0808080808080813,0.011093998268480117
8045,-0.45454545454545503,3.0808080808080813,0.027429614952846303
8046,-0.3535353535353538,3.0808080808080813,0.040554976394733634
8047,-0.2525252525252526,3.0808080808080813,0.050431101086792184
8048,-0.15151515151515138,3.0808080808080813,0.05703008081282074
8049,-0.050505050505050164,3.0808080808080813,0.06033396019573949
8050,0.050505050505050164,3.0808080808080813,0.06033396019573949
8051,0.15151515151515138,3.0808080808080813,0.05703008081282074
8052,0.2525252525252526,3.0808080808080813,0.050431101086792184
8053,0.3535353535353538,3.0808080808080813,0.040554976394733634
8054,0.45454545454545414,3.0808080808080813,0.027429614952846747
8055,0.5555555555555554,3.0808080808080813,0.011093998268480117
8056,0.6565656565656566,3.0808080808080813,-0.008400405086085949
8057,0.7575757575757578,3.0808080808080813,-0.03098799588309006
8058,0.8585858585858581,3.0808080808080813,-0.0565872441982393
8059,0.9595959595959593,3.0808080808080813,-0.08509881283329333
8060,1.0606060606060606,3.0808080808080813,-0.11640368727396315
8061,1.1616161616161618,3.0808080808080813,-0.15036139514697866
8062,1.262626262626262,3.0808080808080813,-0.18680839505760696
8063,1.3636363636363633,3.0808080808080813,-0.2255567090423229
8064,1.4646464646464645,3.0808080808080813,-0.2663928651429507
8065,1.5656565656565657,3.0808080808080813,-0.30907720730694804
8066,1.666666666666667,3.0808080808080813,-0.3533436194399558
8067,1.7676767676767673,3.0808080808080813,-0.39889969943754916
8068,1.8686868686868685,3.0808080808080813,-0.4454274078008059
8069,1.9696969696969697,3.0808080808080813,-0.4925842043250601
8070,2.070707070707071,3.0808080808080813,-0.5400046756047244
8071,2.1717171717171713,3.0808080808080813,-0.5873026459169134
8072,2.2727272727272725,3.0808080808080813,-0.6340737545743809
8073,2.3737373737373737,3.0808080808080813,-0.6798984741690718
8074,2.474747474747475,3.0808080808080813,-0.7243455363200472
8075,2.5757575757575752,3.0808080808080813,-0.7669757246248852
8076,2.6767676767676765,3.0808080808080813,-0.8073459885038088
8077,2.7777777777777777,3.0808080808080813,-0.8450138265193367
8078,2.878787878787879,3.0808080808080813,-0.8795418835415977
8079,2.9797979797979792,3.0808080808080813,-0.9105027027956648
8080,3.0808080808080813,3.0808080808080813,-0.9374835713546329
8081,3.1818181818181817,3.0808080808080813,-0.9600913960109118
8082,3.282828282828282,3.0808080808080813,-0.9779575456472122
8083,3.383838383838384,3.0808080808080813,-0.9907425962152339
8084,3.4848484848484844,3.0808080808080813,-0.9981409151895693
8085,3.5858585858585865,3.0808080808080813,-0.9998850238697975
8086,3.686868686868687,3.0808080808080813,-0.9957496781251619
8087,3.787878787878787,3.0808080808080813,-0.9855556110801714
8088,3.8888888888888893,3.0808080808080813,-0.9691728847884661
8089,3.9898989898989896,3.0808080808080813,-0.9465238020947079
8090,4.09090909090909,3.0808080808080813,-0.917585334593942
8091,4.191919191919192,3.0808080808080813,-0.8823910278142661
8092,4.292929292929292,3.0808080808080813,-0.8410323504166558
8093,4.3939393939393945,3.0808080808080813,-0.7936594602663277
8094,4.494949494949495,3.0808080808080813,-0.7404813666200053
8095,4.595959595959595,3.0808080808080813,-0.6817654743264083
8096,4.696969696969697,3.0808080808080813,-0.6178365027839968
8097,4.797979797979798,3.0808080808080813,-0.5490747793687352
8098,4.8989898989899,3.0808080808080813,-0.47591391406227634
8099,5.0,3.0808080808080813,-0.3988378690033175
8100,-5.0,3.1818181818181817,-0.34912545029513187
8101,-4.898989898989899,3.1818181818181817,-0.4273903854801007
8102,-4.797979797979798,3.1818181818181817,-0.5021235611227688
8103,-4.696969696969697,3.1818181818181817,-0.5728342481988236
8104,-4.595959595959596,3.1818181818181817,-0.6390792498887715
8105,-4.494949494949495,3.1818181818181817,-0.7004659214674775
8106,-4.393939393939394,3.1818181818181817,-0.7566546099862534
8107,-4.292929292929293,3.1818181818181817,-0.8073604991300253
8108,-4.191919191919192,3.1818181818181817,-0.8523548514029261
8109,-4.090909090909091,3.1818181818181817,-0.8914656465988168
8110,-3.9898989898989896,3.1818181818181817,-0.9245776222761427
8111,-3.888888888888889,3.1818181818181817,-0.9516317286070808
8112,-3.787878787878788,3.1818181818181817,-0.9726240164387248
8113,-3.686868686868687,3.1818181818181817,-0.9876039836205428
8114,-3.5858585858585856,3.1818181818181817,-0.9966724105518008
8115,-3.484848484848485,3.1818181818181817,-0.9999787214224295
8116,-3.383838383838384,3.1818181818181817,-0.9977179127019657
8117,-3.282828282828283,3.1818181818181817,-0.9901270950187029
8118,-3.1818181818181817,3.1818181818181817,-0.9774816986142498
8119,-3.080808080808081,3.1818181818181817,-0.9600913960109118
8120,-2.9797979797979797,3.1818181818181817,-0.9382957983486435
8121,-2.878787878787879,3.1818181818181817,-0.912459983997105
8122,-2.7777777777777777,3.1818181818181817,-0.8829699194930362
8123,-2.676767676767677,3.1818181818181817,-0.8502278335641709
8124,-2.5757575757575757,3.1818181818181817,-0.8146476049522502
8125,-2.474747474747475,3.1818181818181817,-0.7766502239168039
8126,-2.3737373737373737,3.1818181818181817,-0.7366593856688131
8127,-2.272727272727273,3.1818181818181817,-0.6950972715330017
8128,-2.1717171717171717,3.1818181818181817,-0.652380570356585
8129,-2.070707070707071,3.1818181818181817,-0.6089167885624497
8130,-1.9696969696969697,3.1818181818181817,-0.5651008922831692
8131,-1.868686868686869,3.1818181818181817,-0.5213123192140507
8132,-1.7676767676767677,3.1818181818181817,-0.4779123912045141
8133,-1.6666666666666665,3.1818181818181817,-0.4352421511986324
8134,-1.5656565656565657,3.1818181818181817,-0.3936206399888849
8135,-1.4646464646464645,3.1818181818181817,-0.35334361943995496
8136,-1.3636363636363638,3.1818181818181817,-0.3146827394826704
8137,-1.2626262626262625,3.1818181818181817,-0.27788513642296225
8138,-1.1616161616161618,3.1818181818181817,-0.24317344015414893
8139,-1.0606060606060606,3.1818181818181817,-0.21074615795012233
8140,-0.9595959595959593,3.1818181818181817,-0.18077839295060097
8141,-0.858585858585859,3.1818181818181817,-0.15342284657294178
8142,-0.7575757575757578,3.1818181818181817,-0.12881104628120485
8143,-0.6565656565656566,3.1818181818181817,-0.10705473381577822
8144,-0.5555555555555554,3.1818181818181817,-0.08824734453638139
8145,-0.45454545454545503,3.1818181818181817,-0.07246550632481723
8146,-0.3535353535353538,3.1818181818181817,-0.059770486830808184
8147,-0.2525252525252526,3.1818181818181817,-0.05020952092116471
8148,-0.15151515151515138,3.1818181818181817,-0.04381695607087775
8149,-0.050505050505050164,3.1818181818181817,-0.040615162017242155
8150,0.050505050505050164,3.1818181818181817,-0.040615162017242155
8151,0.15151515151515138,3.1818181818181817,-0.04381695607087775
8152,0.2525252525252526,3.1818181818181817,-0.05020952092116471
8153,0.3535353535353538,3.1818181818181817,-0.059770486830808184
8154,0.45454545454545414,3.1818181818181817,-0.07246550632481723
8155,0.5555555555555554,3.1818181818181817,-0.08824734453638139
8156,0.6565656565656566,3.1818181818181817,-0.10705473381577822
8157,0.7575757575757578,3.1818181818181817,-0.12881104628120485
8158,0.8585858585858581,3.1818181818181817,-0.15342284657294178
8159,0.9595959595959593,3.1818181818181817,-0.18077839295060097
8160,1.0606060606060606,3.1818181818181817,-0.21074615795012233
8161,1.1616161616161618,3.1818181818181817,-0.24317344015414893
8162,1.262626262626262,3.1818181818181817,-0.27788513642296225
8163,1.3636363636363633,3.1818181818181817,-0.31468273948267
8164,1.4646464646464645,3.1818181818181817,-0.35334361943995496
8165,1.5656565656565657,3.1818181818181817,-0.3936206399888849
8166,1.666666666666667,3.1818181818181817,-0.43524215119863285
8167,1.7676767676767673,3.1818181818181817,-0.47791239120451373
8168,1.8686868686868685,3.1818181818181817,-0.5213123192140504
8169,1.9696969696969697,3.1818181818181817,-0.5651008922831692
8170,2.070707070707071,3.1818181818181817,-0.6089167885624497
8171,2.1717171717171713,3.1818181818181817,-0.6523805703565847
8172,2.2727272727272725,3.1818181818181817,-0.6950972715330017
8173,2.3737373737373737,3.1818181818181817,-0.7366593856688131
8174,2.474747474747475,3.1818181818181817,-0.7766502239168039
8175,2.5757575757575752,3.1818181818181817,-0.8146476049522496
8176,2.6767676767676765,3.1818181818181817,-0.8502278335641704
8177,2.7777777777777777,3.1818181818181817,-0.8829699194930362
8178,2.878787878787879,3.1818181818181817,-0.912459983997105
8179,2.9797979797979792,3.1818181818181817,-0.9382957983486432
8180,3.0808080808080813,3.1818181818181817,-0.9600913960109118
8181,3.1818181818181817,3.1818181818181817,-0.9774816986142498
8182,3.282828282828282,3.1818181818181817,-0.9901270950187028
8183,3.383838383838384,3.1818181818181817,-0.9977179127019657
8184,3.4848484848484844,3.1818181818181817,-0.9999787214224295
8185,3.5858585858585865,3.1818181818181817,-0.9966724105518007
8186,3.686868686868687,3.1818181818181817,-0.9876039836205428
8187,3.787878787878787,3.1818181818181817,-0.972624016438725
8188,3.8888888888888893,3.1818181818181817,-0.9516317286070808
8189,3.9898989898989896,3.1818181818181817,-0.9245776222761427
8190,4.09090909090909,3.1818181818181817,-0.8914656465988168
8191,4.191919191919192,3.1818181818181817,-0.8523548514029261
8192,4.292929292929292,3.1818181818181817,-0.8073604991300253
8193,4.3939393939393945,3.1818181818181817,-0.7566546099862523
8194,4.494949494949495,3.1818181818181817,-0.7004659214674775
8195,4.595959595959595,3.1818181818181817,-0.6390792498887722
8196,4.696969696969697,3.1818181818181817,-0.5728342481988236
8197,4.797979797979798,3.1818181818181817,-0.5021235611227688
8198,4.8989898989899,3.1818181818181817,-0.4273903854801007
8199,5.0,3.1818181818181817,-0.34912545029513187
8200,-5.0,3.282828282828282,-0.297240023737253
8201,-4.898989898989899,3.282828282828282,-0.3764646164259733
8202,-4.797979797979798,3.282828282828282,-0.45254514856897676
8203,-4.696969696969697,3.282828282828282,-0.5249853539056979
8204,-4.595959595959596,3.282828282828282,-0.5933336631399143
8205,-4.494949494949495,3.282828282828282,-0.6571863064950194
8206,-4.393939393939394,3.282828282828282,-0.7161898609700611
8207,-4.292929292929293,3.282828282828282,-0.7700432268001185
8208,-4.191919191919192,3.282828282828282,-0.8184990241704868
8209,-4.090909090909091,3.282828282828282,-0.8613644078193972
8210,-3.9898989898989896,3.282828282828282,-0.8985013037173751
8211,-3.888888888888889,3.282828282828282,-0.9298260784622734
8212,-3.787878787878788,3.282828282828282,-0.9553086583081228
8213,-3.686868686868687,3.282828282828282,-0.9749711207858139
8214,-3.5858585858585856,3.282828282828282,-0.9888857876092664
8215,-3.484848484848485,3.282828282828282,-0.9971728529302283
8216,-3.383838383838384,3.282828282828282,-0.9999975859496109
8217,-3.282828282828283,3.282828282828282,-0.9975671513586648
8218,-3.1818181818181817,3.282828282828282,-0.9901270950187028
8219,-3.080808080808081,3.282828282828282,-0.9779575456472122
8220,-2.9797979797979797,3.282828282828282,-0.9613691860192185
8221,-2.878787878787879,3.282828282828282,-0.9406990492782369
8222,-2.7777777777777777,3.282828282828282,-0.9163061973481297
8223,-2.676767676767677,3.282828282828282,-0.8885673391170457
8224,-2.5757575757575757,3.282828282828282,-0.8578724460029978
8225,-2.474747474747475,3.282828282828282,-0.8246204216874905
8226,-2.3737373737373737,3.282828282828282,-0.7892148812030856
8227,-2.272727272727273,3.282828282828282,-0.752060092171798
8228,-2.1717171717171717,3.282828282828282,-0.7135571278075717
8229,-2.070707070707071,3.282828282828282,-0.6741002773178991
8230,-1.9696969696969697,3.282828282828282,-0.6340737545743802
8231,-1.868686868686869,3.282828282828282,-0.593848740386834
8232,-1.7676767676767677,3.282828282828282,-0.5537807874399073
8233,-1.6666666666666665,3.282828282828282,-0.5142076099802917
8234,-1.5656565656565657,3.282828282828282,-0.47544727274183796
8235,-1.4646464646464645,3.282828282828282,-0.43779678545491024
8236,-1.3636363636363638,3.282828282828282,-0.4015311007243413
8237,-1.2626262626262625,3.282828282828282,-0.36690250423029563
8238,-1.1616161616161618,3.282828282828282,-0.3341403772983071
8239,-1.0606060606060606,3.282828282828282,-0.30345130312742846
8240,-0.9595959595959593,3.282828282828282,-0.2750194796249534
8241,-0.858585858585859,3.282828282828282,-0.24900739417053736
8242,-0.7575757575757578,3.282828282828282,-0.225556709042322
8243,-0.6565656565656566,3.282828282828282,-0.20478930101071952
8244,-0.5555555555555554,3.282828282828282,-0.1868083950576061
8245,-0.45454545454545503,3.282828282828282,-0.17169973058965665
8246,-0.3535353535353538,3.282828282828282,-0.15953269910242435
8247,-0.2525252525252526,3.282828282828282,-0.15036139514697733
8248,-0.15151515151515138,3.282828282828282,-0.14422552767392682
8249,-0.050505050505050164,3.282828282828282,-0.1411511462752627
8250,0.050505050505050164,3.282828282828282,-0.1411511462752627
8251,0.15151515151515138,3.282828282828282,-0.14422552767392682
8252,0.2525252525252526,3.282828282828282,-0.15036139514697733
8253,0.3535353535353538,3.282828282828282,-0.15953269910242435
8254,0.45454545454545414,3.282828282828282,-0.17169973058965665
8255,0.5555555555555554,3.282828282828282,-0.1868083950576061
8256,0.6565656565656566,3.282828282828282,-0.20478930101071952
8257,0.7575757575757578,3.282828282828282,-0.225556709042322
8258,0.8585858585858581,3.282828282828282,-0.24900739417053736
8259,0.9595959595959593,3.282828282828282,-0.2750194796249534
8260,1.0606060606060606,3.282828282828282,-0.30345130312742846
8261,1.1616161616161618,3.282828282828282,-0.3341403772983071
8262,1.262626262626262,3.282828282828282,-0.36690250423029563
8263,1.3636363636363633,3.282828282828282,-0.40153110072434084
8264,1.4646464646464645,3.282828282828282,-0.43779678545491024
8265,1.5656565656565657,3.282828282828282,-0.47544727274183796
8266,1.666666666666667,3.282828282828282,-0.514207609980292
8267,1.7676767676767673,3.282828282828282,-0.5537807874399073
8268,1.8686868686868685,3.282828282828282,-0.593848740386834
8269,1.9696969696969697,3.282828282828282,-0.6340737545743802
8270,2.070707070707071,3.282828282828282,-0.6741002773178991
8271,2.1717171717171713,3.282828282828282,-0.7135571278075714
8272,2.2727272727272725,3.282828282828282,-0.752060092171798
8273,2.3737373737373737,3.282828282828282,-0.7892148812030856
8274,2.474747474747475,3.282828282828282,-0.8246204216874905
8275,2.5757575757575752,3.282828282828282,-0.8578724460029978
8276,2.6767676767676765,3.282828282828282,-0.8885673391170452
8277,2.7777777777777777,3.282828282828282,-0.9163061973481297
8278,2.878787878787879,3.282828282828282,-0.9406990492782369
8279,2.9797979797979792,3.282828282828282,-0.9613691860192185
8280,3.0808080808080813,3.282828282828282,-0.9779575456472122
8281,3.1818181818181817,3.282828282828282,-0.9901270950187028
8282,3.282828282828282,3.282828282828282,-0.9975671513586648
8283,3.383838383838384,3.282828282828282,-0.9999975859496109
8284,3.4848484848484844,3.282828282828282,-0.9971728529302283
8285,3.5858585858585865,3.282828282828282,-0.9888857876092664
8286,3.686868686868687,3.282828282828282,-0.9749711207858139
8287,3.787878787878787,3.282828282828282,-0.9553086583081232
8288,3.8888888888888893,3.282828282828282,-0.929826078462273
8289,3.9898989898989896,3.282828282828282,-0.8985013037173751
8290,4.09090909090909,3.282828282828282,-0.8613644078193976
8291,4.191919191919192,3.282828282828282,-0.8184990241704868
8292,4.292929292929292,3.282828282828282,-0.770043226800119
8293,4.3939393939393945,3.282828282828282,-0.7161898609700611
8294,4.494949494949495,3.282828282828282,-0.6571863064950194
8295,4.595959595959595,3.282828282828282,-0.5933336631399151
8296,4.696969696969697,3.282828282828282,-0.5249853539056979
8297,4.797979797979798,3.282828282828282,-0.45254514856897676
8298,4.8989898989899,3.282828282828282,-0.37646461642597245
8299,5.0,3.282828282828282,-0.297240023737253
8300,-5.0,3.383838383838384,-0.24330497624287342
8301,-4.898989898989899,3.383838383838384,-0.3232445131308966
8302,-4.797979797979798,3.383838383838384,-0.4004306414447853
8303,-4.696969696969697,3.383838383838384,-0.47436283124701145
8304,-4.595959595959596,3.383838383838384,-0.5445824047667873
8305,-4.494949494949495,3.383838383838384,-0.6106757143511863
8306,-4.393939393939394,3.383838383838384,-0.672276790016413
8307,-4.292929292929293,3.383838383838384,-0.7290694402446706
8308,-4.191919191919192,3.383838383838384,-0.7807887959904833
8309,-4.090909090909091,3.383838383838384,-0.8272222942249512
8310,-3.9898989898989896,3.383838383838384,-0.8682101036876515
8311,-3.888888888888889,3.383838383838384,-0.9036450017645373
8312,-3.787878787878788,3.383838383838384,-0.9334717174982254
8313,-3.686868686868687,3.383838383838384,-0.9576857615981682
8314,-3.5858585858585856,3.383838383838384,-0.9763317698884749
8315,-3.484848484848485,3.383838383838384,-0.9895013918493958
8316,-3.383838383838384,3.383838383838384,-0.9973307607169346
8317,-3.282828282828283,3.383838383838384,-0.9999975859496109
8318,-3.1818181818181817,3.383838383838384,-0.9977179127019657
8319,-3.080808080808081,3.383838383838384,-0.9907425962152338
8320,-2.9797979797979797,3.383838383838384,-0.9793535417053728
8321,-2.878787878787879,3.383838383838384,-0.9638597623606822
8322,-2.7777777777777777,3.383838383838384,-0.9445933094235464
8323,-2.676767676767677,3.383838383838384,-0.921905128996207
8324,-2.5757575757575757,3.383838383838384,-0.8961609001565084
8325,-2.474747474747475,3.383838383838384,-0.8677369081789437
8326,-2.3737373737373737,3.383838383838384,-0.8370160051168666
8327,-2.272727272727273,3.383838383838384,-0.8043837077070258
8328,-2.1717171717171717,3.383838383838384,-0.7702244795074769
8329,-2.070707070707071,3.383838383838384,-0.7349182403817051
8330,-1.9696969696969697,3.383838383838384,-0.6988371419113968
8331,-1.868686868686869,3.383838383838384,-0.6623426420843989
8332,-1.7676767676767677,3.383838383838384,-0.6257829067024225
8333,-1.6666666666666665,3.383838383838384,-0.5894905584403817
8334,-1.5656565656565657,3.383838383838384,-0.5537807874399081
8335,-1.4646464646464645,3.383838383838384,-0.5189498298299887
8336,-1.3636363636363638,3.383838383838384,-0.48527381275951553
8337,-1.2626262626262625,3.383838383838384,-0.45300795654952697
8338,-1.1616161616161618,3.383838383838384,-0.422386116606322
8339,-1.0606060606060606,3.383838383838384,-0.3936206399888853
8340,-0.9595959595959593,3.383838383838384,-0.3669025042302969
8341,-0.858585858585859,3.383838383838384,-0.3424016994289173
8342,-0.7575757575757578,3.383838383838384,-0.3202678090188696
8343,-0.6565656565656566,3.383838383838384,-0.3006307402672111
8344,-0.5555555555555554,3.383838383838384,-0.28360155267666104
8345,-0.45454545454545503,3.383838383838384,-0.2692733313115012
8346,-0.3535353535353538,3.383838383838384,-0.2577220527686863
8347,-0.2525252525252526,3.383838383838384,-0.24900739417053822
8348,-0.15151515151515138,3.383838383838384,-0.24317344015414893
8349,-0.050505050505050164,3.383838383838384,-0.2402492492700677
8350,0.050505050505050164,3.383838383838384,-0.2402492492700677
8351,0.15151515151515138,3.383838383838384,-0.24317344015414893
8352,0.2525252525252526,3.383838383838384,-0.24900739417053822
8353,0.3535353535353538,3.383838383838384,-0.2577220527686863
8354,0.45454545454545414,3.383838383838384,-0.2692733313115008
8355,0.5555555555555554,3.383838383838384,-0.28360155267666104
8356,0.6565656565656566,3.383838383838384,-0.3006307402672111
8357,0.7575757575757578,3.383838383838384,-0.3202678090188696
8358,0.8585858585858581,3.383838383838384,-0.3424016994289169
8359,0.9595959595959593,3.383838383838384,-0.3669025042302969
8360,1.0606060606060606,3.383838383838384,-0.3936206399888853
8361,1.1616161616161618,3.383838383838384,-0.422386116606322
8362,1.262626262626262,3.383838383838384,-0.45300795654952697
8363,1.3636363636363633,3.383838383838384,-0.48527381275951553
8364,1.4646464646464645,3.383838383838384,-0.5189498298299887
8365,1.5656565656565657,3.383838383838384,-0.5537807874399081
8366,1.666666666666667,3.383838383838384,-0.589490558440382
8367,1.7676767676767673,3.383838383838384,-0.6257829067024225
8368,1.8686868686868685,3.383838383838384,-0.6623426420843989
8369,1.9696969696969697,3.383838383838384,-0.6988371419113968
8370,2.070707070707071,3.383838383838384,-0.7349182403817051
8371,2.1717171717171713,3.383838383838384,-0.7702244795074769
8372,2.2727272727272725,3.383838383838384,-0.8043837077070253
8373,2.3737373737373737,3.383838383838384,-0.8370160051168666
8374,2.474747474747475,3.383838383838384,-0.8677369081789437
8375,2.5757575757575752,3.383838383838384,-0.896160900156508
8376,2.6767676767676765,3.383838383838384,-0.921905128996207
8377,2.7777777777777777,3.383838383838384,-0.9445933094235464
8378,2.878787878787879,3.383838383838384,-0.9638597623606822
8379,2.9797979797979792,3.383838383838384,-0.9793535417053728
8380,3.0808080808080813,3.383838383838384,-0.9907425962152339
8381,3.1818181818181817,3.383838383838384,-0.9977179127019657
8382,3.282828282828282,3.383838383838384,-0.9999975859496109
8383,3.383838383838384,3.383838383838384,-0.9973307607169346
8384,3.4848484848484844,3.383838383838384,-0.9895013918493958
8385,3.5858585858585865,3.383838383838384,-0.9763317698884749
8386,3.686868686868687,3.383838383838384,-0.9576857615981682
8387,3.787878787878787,3.383838383838384,-0.9334717174982258
8388,3.8888888888888893,3.383838383838384,-0.903645001764537
8389,3.9898989898989896,3.383838383838384,-0.8682101036876515
8390,4.09090909090909,3.383838383838384,-0.8272222942249516
8391,4.191919191919192,3.383838383838384,-0.7807887959904833
8392,4.292929292929292,3.383838383838384,-0.7290694402446706
8393,4.3939393939393945,3.383838383838384,-0.6722767900164124
8394,4.494949494949495,3.383838383838384,-0.6106757143511863
8395,4.595959595959595,3.383838383838384,-0.544582404766788
8396,4.696969696969697,3.383838383838384,-0.47436283124701145
8397,4.797979797979798,3.383838383838384,-0.4004306414447853
8398,4.8989898989899,3.383838383838384,-0.3232445131308966
8399,5.0,3.383838383838384,-0.24330497624287342
8400,-5.0,3.4848484848484844,-0.1874678763334071
8401,-4.898989898989899,3.4848484848484844,-0.26786343798310236
8402,-4.797979797979798,3.4848484848484844,-0.34589781786811574
8403,-4.696969696969697,3.4848484848484844,-0.4210675326344015
8404,-4.595959595959596,3.4848484848484844,-0.4929081026314856
8405,-4.494949494949495,3.4848484848484844,-0.5609972975496236
8406,-4.393939393939394,3.4848484848484844,-0.6249578765026098
8407,-4.292929292929293,3.4848484848484844,-0.6844598053694138
8408,-4.191919191919192,3.4848484848484844,-0.7392219402969454
8409,-4.090909090909091,3.4848484848484844,-0.7890131724084034
8410,-3.9898989898989896,3.4848484848484844,-0.833653034888877
8411,-3.888888888888889,3.4848484848484844,-0.8730117796644911
8412,-3.787878787878788,3.4848484848484844,-0.9070099367868178
8413,-3.686868686868687,3.4848484848484844,-0.9356173753154955
8414,-3.5858585858585856,3.4848484848484844,-0.9588518898962104
8415,-3.484848484848485,3.4848484848484844,-0.9767773422983067
8416,-3.383838383838384,3.4848484848484844,-0.9895013918493958
8417,-3.282828282828283,3.4848484848484844,-0.9971728529302283
8418,-3.1818181818181817,3.4848484848484844,-0.9999787214224295
8419,-3.080808080808081,3.4848484848484844,-0.9981409151895693
8420,-2.9797979797979797,3.4848484848484844,-0.9919127762779678
8421,-2.878787878787879,3.4848484848484844,-0.9815753845120099
8422,-2.7777777777777777,3.4848484848484844,-0.967433733498822
8423,-2.676767676767677,3.4848484848484844,-0.9498128207233988
8424,-2.5757575757575757,3.4848484848484844,-0.9290537033874074
8425,-2.474747474747475,3.4848484848484844,-0.9055095709083257
8426,-2.3737373737373737,3.4848484848484844,-0.8795418835415972
8427,-2.272727272727273,3.4848484848484844,-0.8515166244149639
8428,-2.1717171717171717,3.4848484848484844,-0.8218007093760527
8429,-2.070707070707071,3.4848484848484844,-0.7907585954649035
8430,-1.9696969696969697,3.4848484848484844,-0.7587491245550647
8431,-1.868686868686869,3.4848484848484844,-0.7261226337938804
8432,-1.7676767676767677,3.4848484848484844,-0.6932183589613019
8433,-1.6666666666666665,3.4848484848484844,-0.6603621508187127
8434,-1.5656565656565657,3.4848484848484844,-0.6278645180140034
8435,-1.4646464646464645,3.4848484848484844,-0.596019003245246
8436,-1.3636363636363638,3.4848484848484844,-0.5651008922831692
8437,-1.2626262626262625,3.4848484848484844,-0.5353662482554602
8438,-1.1616161616161618,3.4848484848484844,-0.5070512564700411
8439,-1.0606060606060606,3.4848484848484844,-0.48037185818791933
8440,-0.9595959595959593,3.4848484848484844,-0.45552364535548895
8441,-0.858585858585859,3.4848484848484844,-0.43268198259031815
8442,-0.7575757575757578,3.4848484848484844,-0.41200231790713804
8443,-0.6565656565656566,3.4848484848484844,-0.39362063998888447
8444,-0.5555555555555554,3.4848484848484844,-0.37765403744887405
8445,-0.45454545454545503,3.4848484848484844,-0.3642013146580025
8446,-0.3535353535353538,3.4848484848484844,-0.35334361943995496
8447,-0.2525252525252526,3.4848484848484844,-0.34514504031991655
8448,-0.15151515151515138,3.4848484848484844,-0.33965313502679884
8449,-0.050505050505050164,3.4848484848484844,-0.33689935749376
8450,0.050505050505050164,3.4848484848484844,-0.33689935749376
8451,0.15151515151515138,3.4848484848484844,-0.33965313502679884
8452,0.2525252525252526,3.4848484848484844,-0.34514504031991655
8453,0.3535353535353538,3.4848484848484844,-0.35334361943995496
8454,0.45454545454545414,3.4848484848484844,-0.3642013146580025
8455,0.5555555555555554,3.4848484848484844,-0.37765403744887405
8456,0.6565656565656566,3.4848484848484844,-0.39362063998888447
8457,0.7575757575757578,3.4848484848484844,-0.41200231790713804
8458,0.8585858585858581,3.4848484848484844,-0.43268198259031776
8459,0.9595959595959593,3.4848484848484844,-0.45552364535548895
8460,1.0606060606060606,3.4848484848484844,-0.48037185818791933
8461,1.1616161616161618,3.4848484848484844,-0.5070512564700411
8462,1.262626262626262,3.4848484848484844,-0.5353662482554599
8463,1.3636363636363633,3.4848484848484844,-0.5651008922831688
8464,1.4646464646464645,3.4848484848484844,-0.596019003245246
8465,1.5656565656565657,3.4848484848484844,-0.6278645180140034
8466,1.666666666666667,3.4848484848484844,-0.6603621508187127
8467,1.7676767676767673,3.4848484848484844,-0.6932183589613016
8468,1.8686868686868685,3.4848484848484844,-0.7261226337938801
8469,1.9696969696969697,3.4848484848484844,-0.7587491245550647
8470,2.070707070707071,3.4848484848484844,-0.7907585954649035
8471,2.1717171717171713,3.4848484848484844,-0.8218007093760521
8472,2.2727272727272725,3.4848484848484844,-0.8515166244149639
8473,2.3737373737373737,3.4848484848484844,-0.8795418835415972
8474,2.474747474747475,3.4848484848484844,-0.9055095709083257
8475,2.5757575757575752,3.4848484848484844,-0.9290537033874074
8476,2.6767676767676765,3.4848484848484844,-0.9498128207233988
8477,2.7777777777777777,3.4848484848484844,-0.967433733498822
8478,2.878787878787879,3.4848484848484844,-0.9815753845120099
8479,2.9797979797979792,3.4848484848484844,-0.9919127762779678
8480,3.0808080808080813,3.4848484848484844,-0.9981409151895693
8481,3.1818181818181817,3.4848484848484844,-0.9999787214224295
8482,3.282828282828282,3.4848484848484844,-0.9971728529302283
8483,3.383838383838384,3.4848484848484844,-0.9895013918493958
8484,3.4848484848484844,3.4848484848484844,-0.9767773422983067
8485,3.5858585858585865,3.4848484848484844,-0.9588518898962102
8486,3.686868686868687,3.4848484848484844,-0.9356173753154955
8487,3.787878787878787,3.4848484848484844,-0.9070099367868182
8488,3.8888888888888893,3.4848484848484844,-0.8730117796644911
8489,3.9898989898989896,3.4848484848484844,-0.833653034888877
8490,4.09090909090909,3.4848484848484844,-0.789013172408404
8491,4.191919191919192,3.4848484848484844,-0.7392219402969454
8492,4.292929292929292,3.4848484848484844,-0.6844598053694138
8493,4.3939393939393945,3.4848484848484844,-0.624957876502609
8494,4.494949494949495,3.4848484848484844,-0.5609972975496236
8495,4.595959595959595,3.4848484848484844,-0.4929081026314864
8496,4.696969696969697,3.4848484848484844,-0.4210675326344015
8497,4.797979797979798,3.4848484848484844,-0.34589781786811574
8498,4.8989898989899,3.4848484848484844,-0.26786343798310147
8499,5.0,3.4848484848484844,-0.1874678763334071
8500,-5.0,3.5858585858585865,-0.12990064934862666
8501,-4.898989898989899,3.5858585858585865,-0.21048053347207704
8502,-4.797979797979798,3.5858585858585865,-0.2890916155225718
8503,-4.696969696969697,3.5858585858585865,-0.36522879841525036
8504,-4.595959595959596,3.5858585858585865,-0.43842314268321686
8505,-4.494949494949495,3.5858585858585865,-0.5082451717073324
8506,-4.393939393939394,3.5858585858585865,-0.574307696140525
8507,-4.292929292929293,3.5858585858585865,-0.6362681395383396
8508,-4.191919191919192,3.5858585858585865,-0.693830353066294
8509,-4.090909090909091,3.5858585858585865,-0.7467459130731414
8510,-3.9898989898989896,3.5858585858585865,-0.7948149012312963
8511,-3.888888888888889,3.5858585858585865,-0.837886172785338
8512,-3.787878787878788,3.5858585858585865,-0.8758571241516353
8513,-3.686868686868687,3.5858585858585865,-0.9086729766131123
8514,-3.5858585858585856,3.5858585858585865,-0.9363255980914984
8515,-3.484848484848485,3.5858585858585865,-0.9588518898962102
8516,-3.383838383838384,3.5858585858585865,-0.9763317698884749
8517,-3.282828282828283,3.5858585858585865,-0.9888857876092663
8518,-3.1818181818181817,3.5858585858585865,-0.9966724105518007
8519,-3.080808080808081,3.5858585858585865,-0.9998850238697975
8520,-2.9797979797979797,3.5858585858585865,-0.9987486883621268
8521,-2.878787878787879,3.5858585858585865,-0.9935167035284445
8522,-2.7777777777777777,3.5858585858585865,-0.9844670238196909
8523,-2.676767676767677,3.5858585858585865,-0.9718985768881023
8524,-2.5757575757575757,3.5858585858585865,-0.9561275326555578
8525,-2.474747474747475,3.5858585858585865,-0.9374835713546329
8526,-2.3737373737373737,3.5858585858585865,-0.91630619734813
8527,-2.272727272727273,3.5858585858585865,-0.8929411435016201
8528,-2.1717171717171717,3.5858585858585865,-0.8677369081789437
8529,-2.070707070707071,3.5858585858585865,-0.8410414635706353
8530,-1.9696969696969697,3.5858585858585865,-0.8131991700775243
8531,-1.868686868686869,3.5858585858585865,-0.78454792689513
8532,-1.7676767676767677,3.5858585858585865,-0.7554165838301543
8533,-1.6666666666666665,3.5858585858585865,-0.7261226337938808
8534,-1.5656565656565657,3.5858585858585865,-0.6969701994396571
8535,-1.4646464646464645,3.5858585858585865,-0.6682483211412085
8536,-1.3636363636363638,3.5858585858585865,-0.6402295470615703
8537,-1.2626262626262625,3.5858585858585865,-0.613168819573803
8538,-1.1616161616161618,3.5858585858585865,-0.5873026459169142
8539,-1.0606060606060606,3.5858585858585865,-0.5628485348719621
8540,-0.9595959595959593,3.5858585858585865,-0.5400046756047248
8541,-0.858585858585859,3.5858585858585865,-0.5189498298299892
8542,-0.7575757575757578,3.5858585858585865,-0.4998434042952547
8543,-0.6565656565656566,3.5858585858585865,-0.4828256674356275
8544,-0.5555555555555554,3.5858585858585865,-0.46801807207387724
8545,-0.45454545454545503,3.5858585858585865,-0.4555236453554901
8546,-0.3535353535353538,3.5858585858585865,-0.4454274078008063
8547,-0.2525252525252526,3.5858585858585865,-0.43779678545491185
8548,-0.15151515151515138,3.5858585858585865,-0.432681982590319
8549,-0.050505050505050164,3.5858585858585865,-0.4301162871723305
8550,0.050505050505050164,3.5858585858585865,-0.4301162871723305
8551,0.15151515151515138,3.5858585858585865,-0.432681982590319
8552,0.2525252525252526,3.5858585858585865,-0.43779678545491185
8553,0.3535353535353538,3.5858585858585865,-0.4454274078008063
8554,0.45454545454545414,3.5858585858585865,-0.4555236453554897
8555,0.5555555555555554,3.5858585858585865,-0.46801807207387724
8556,0.6565656565656566,3.5858585858585865,-0.4828256674356275
8557,0.7575757575757578,3.5858585858585865,-0.4998434042952547
8558,0.8585858585858581,3.5858585858585865,-0.5189498298299892
8559,0.9595959595959593,3.5858585858585865,-0.5400046756047248
8560,1.0606060606060606,3.5858585858585865,-0.5628485348719621
8561,1.1616161616161618,3.5858585858585865,-0.5873026459169142
8562,1.262626262626262,3.5858585858585865,-0.613168819573803
8563,1.3636363636363633,3.5858585858585865,-0.6402295470615703
8564,1.4646464646464645,3.5858585858585865,-0.6682483211412085
8565,1.5656565656565657,3.5858585858585865,-0.6969701994396571
8566,1.666666666666667,3.5858585858585865,-0.726122633793881
8567,1.7676767676767673,3.5858585858585865,-0.7554165838301543
8568,1.8686868686868685,3.5858585858585865,-0.78454792689513
8569,1.9696969696969697,3.5858585858585865,-0.8131991700775243
8570,2.070707070707071,3.5858585858585865,-0.8410414635706353
8571,2.1717171717171713,3.5858585858585865,-0.8677369081789437
8572,2.2727272727272725,3.5858585858585865,-0.8929411435016198
8573,2.3737373737373737,3.5858585858585865,-0.91630619734813
8574,2.474747474747475,3.5858585858585865,-0.9374835713546329
8575,2.5757575757575752,3.5858585858585865,-0.9561275326555578
8576,2.6767676767676765,3.5858585858585865,-0.9718985768881023
8577,2.7777777777777777,3.5858585858585865,-0.9844670238196909
8578,2.878787878787879,3.5858585858585865,-0.9935167035284445
8579,2.9797979797979792,3.5858585858585865,-0.9987486883621267
8580,3.0808080808080813,3.5858585858585865,-0.9998850238697975
8581,3.1818181818181817,3.5858585858585865,-0.9966724105518007
8582,3.282828282828282,3.5858585858585865,-0.9888857876092664
8583,3.383838383838384,3.5858585858585865,-0.9763317698884749
8584,3.4848484848484844,3.5858585858585865,-0.9588518898962102
8585,3.5858585858585865,3.5858585858585865,-0.9363255980914981
8586,3.686868686868687,3.5858585858585865,-0.9086729766131123
8587,3.787878787878787,3.5858585858585865,-0.8758571241516357
8588,3.8888888888888893,3.5858585858585865,-0.8378861727853375
8589,3.9898989898989896,3.5858585858585865,-0.7948149012312963
8590,4.09090909090909,3.5858585858585865,-0.746745913073142
8591,4.191919191919192,3.5858585858585865,-0.693830353066294
8592,4.292929292929292,3.5858585858585865,-0.6362681395383396
8593,4.3939393939393945,3.5858585858585865,-0.5743076961405242
8594,4.494949494949495,3.5858585858585865,-0.5082451717073324
8595,4.595959595959595,3.5858585858585865,-0.43842314268321686
8596,4.696969696969697,3.5858585858585865,-0.36522879841525036
8597,4.797979797979798,3.5858585858585865,-0.2890916155225718
8598,4.8989898989899,3.5858585858585865,-0.21048053347207618
8599,5.0,3.5858585858585865,-0.12990064934862666
8600,-5.0,3.686868686868687,-0.07079951162263716
8601,-4.898989898989899,3.686868686868687,-0.15128079818382495
8602,-4.797979797979798,3.686868686868687,-0.23018435849260716
8603,-4.696969696969697,3.686868686868687,-0.3070048435294993
8604,-4.595959595959596,3.686868686868687,-0.38127022436636443
8605,-4.494949494949495,3.686868686868687,-0.45254514856897593
8606,-4.393939393939394,3.686868686868687,-0.5204338404056466
8607,-4.292929292929293,3.686868686868687,-0.5845825261079174
8608,-4.191919191919192,3.686868686868687,-0.6446813710574029
8609,-4.090909090909091,3.686868686868687,-0.7004659214674775
8610,-3.9898989898989896,3.686868686868687,-0.7517180488252281
8611,-3.888888888888889,3.686868686868687,-0.7982664009935626
8612,-3.787878787878788,3.686868686868687,-0.8399863693822054
8613,-3.686868686868687,3.686868686868687,-0.8767995869173599
8614,-3.5858585858585856,3.686868686868687,-0.9086729766131126
8615,-3.484848484848485,3.686868686868687,-0.9356173753154952
8616,-3.383838383838384,3.686868686868687,-0.9576857615981682
8617,-3.282828282828283,3.686868686868687,-0.9749711207858138
8618,-3.1818181818181817,3.686868686868687,-0.9876039836205428
8619,-3.080808080808081,3.686868686868687,-0.9957496781251619
8620,-2.9797979797979797,3.686868686868687,-0.9996053367169558
8621,-2.878787878787879,3.686868686868687,-0.9993967025536916
8622,-2.7777777777777777,3.686868686868687,-0.9953747804221315
8623,-2.676767676767677,3.686868686868687,-0.9878123781863991
8624,-2.5757575757575757,3.686868686868687,-0.9770005848830537
8625,-2.474747474747475,3.686868686868687,-0.9632452309720156
8626,-2.3737373737373737,3.686868686868687,-0.9468633750247817
8627,-2.272727272727273,3.686868686868687,-0.9281798592582468
8628,-2.1717171717171717,3.686868686868687,-0.9075239738165816
8629,-2.070707070707071,3.686868686868687,-0.8852262665865006
8630,-1.9696969696969697,3.686868686868687,-0.8616155316341573
8631,-1.868686868686869,3.686868686868687,-0.837016005116866
8632,-1.7676767676767677,3.686868686868687,-0.8117447928038011
8633,-1.6666666666666665,3.686868686868687,-0.7861095482036701
8634,-1.5656565656565657,3.686868686868687,-0.760406414825002
8635,-1.4646464646464645,3.686868686868687,-0.7349182403817048
8636,-1.3636363636363638,3.686868686868687,-0.7099130649136228
8637,-1.2626262626262625,3.686868686868687,-0.6856428789442476
8638,-1.1616161616161618,3.686868686868687,-0.6623426420843989
8639,-1.0606060606060606,3.686868686868687,-0.6402295470615695
8640,-0.9595959595959593,3.686868686868687,-0.6195025091673421
8641,-0.858585858585859,3.686868686868687,-0.6003418567300295
8642,-0.7575757575757578,3.686868686868687,-0.5829091945929511
8643,-0.6565656565656566,3.686868686868687,-0.5673474098555205
8644,-0.5555555555555554,3.686868686868687,-0.5537807874399078
8645,-0.45454545454545503,3.686868686868687,-0.5423152024769229
8646,-0.3535353535353538,3.686868686868687,-0.533038357120323
8647,-0.2525252525252526,3.686868686868687,-0.5260200312137766
8648,-0.15151515151515138,3.686868686868687,-0.5213123192140504
8649,-0.050505050505050164,3.686868686868687,-0.5189498298299884
8650,0.050505050505050164,3.686868686868687,-0.5189498298299884
8651,0.15151515151515138,3.686868686868687,-0.5213123192140504
8652,0.2525252525252526,3.686868686868687,-0.5260200312137766
8653,0.3535353535353538,3.686868686868687,-0.533038357120323
8654,0.45454545454545414,3.686868686868687,-0.5423152024769226
8655,0.5555555555555554,3.686868686868687,-0.5537807874399078
8656,0.6565656565656566,3.686868686868687,-0.5673474098555205
8657,0.7575757575757578,3.686868686868687,-0.5829091945929511
8658,0.8585858585858581,3.686868686868687,-0.6003418567300295
8659,0.9595959595959593,3.686868686868687,-0.6195025091673421
8660,1.0606060606060606,3.686868686868687,-0.6402295470615695
8661,1.1616161616161618,3.686868686868687,-0.6623426420843989
8662,1.262626262626262,3.686868686868687,-0.6856428789442476
8663,1.3636363636363633,3.686868686868687,-0.7099130649136228
8664,1.4646464646464645,3.686868686868687,-0.7349182403817048
8665,1.5656565656565657,3.686868686868687,-0.760406414825002
8666,1.666666666666667,3.686868686868687,-0.7861095482036701
8667,1.7676767676767673,3.686868686868687,-0.8117447928038011
8668,1.8686868686868685,3.686868686868687,-0.837016005116866
8669,1.9696969696969697,3.686868686868687,-0.8616155316341573
8670,2.070707070707071,3.686868686868687,-0.8852262665865006
8671,2.1717171717171713,3.686868686868687,-0.9075239738165816
8672,2.2727272727272725,3.686868686868687,-0.9281798592582468
8673,2.3737373737373737,3.686868686868687,-0.9468633750247817
8674,2.474747474747475,3.686868686868687,-0.9632452309720156
8675,2.5757575757575752,3.686868686868687,-0.9770005848830537
8676,2.6767676767676765,3.686868686868687,-0.9878123781863991
8677,2.7777777777777777,3.686868686868687,-0.9953747804221315
8678,2.878787878787879,3.686868686868687,-0.9993967025536916
8679,2.9797979797979792,3.686868686868687,-0.9996053367169558
8680,3.0808080808080813,3.686868686868687,-0.9957496781251619
8681,3.1818181818181817,3.686868686868687,-0.9876039836205428
8682,3.282828282828282,3.686868686868687,-0.9749711207858139
8683,3.383838383838384,3.686868686868687,-0.9576857615981682
8684,3.4848484848484844,3.686868686868687,-0.9356173753154955
8685,3.5858585858585865,3.686868686868687,-0.9086729766131123
8686,3.686868686868687,3.686868686868687,-0.8767995869173599
8687,3.787878787878787,3.686868686868687,-0.8399863693822058
8688,3.8888888888888893,3.686868686868687,-0.7982664009935626
8689,3.9898989898989896,3.686868686868687,-0.7517180488252281
8690,4.09090909090909,3.686868686868687,-0.7004659214674781
8691,4.191919191919192,3.686868686868687,-0.6446813710574029
8692,4.292929292929292,3.686868686868687,-0.5845825261079174
8693,4.3939393939393945,3.686868686868687,-0.520433840405645
8694,4.494949494949495,3.686868686868687,-0.45254514856897593
8695,4.595959595959595,3.686868686868687,-0.38127022436636526
8696,4.696969696969697,3.686868686868687,-0.3070048435294993
8697,4.797979797979798,3.686868686868687,-0.23018435849260716
8698,4.8989898989899,3.686868686868687,-0.15128079818382495
8699,5.0,3.686868686868687,-0.07079951162263716
8700,-5.0,3.787878787878787,-0.010384652496372675
8701,-4.898989898989899,3.787878787878787,-0.09047490205400245
8702,-4.797979797979798,3.787878787878787,-0.1693757152039697
8703,-4.696969696969697,3.787878787878787,-0.2465828675725401
8704,-4.595959595959596,3.787878787878787,-0.32162263221196163
8705,-4.494949494949495,3.787878787878787,-0.3940551784868121
8706,-4.393939393939394,3.787878787878787,-0.4634775392019066
8707,-4.292929292929293,3.787878787878787,-0.5295261264922928
8708,-4.191919191919192,3.787878787878787,-0.5918787823935007
8709,-4.090909090909091,3.787878787878787,-0.6502563554811606
8710,-3.9898989898989896,3.787878787878787,-0.7044238004506798
8711,-3.888888888888889,3.787878787878787,-0.7541908029373983
8712,-3.787878787878788,3.787878787878787,-0.799411937193773
8713,-3.686868686868687,3.787878787878787,-0.8399863693822058
8714,-3.5858585858585856,3.787878787878787,-0.8758571241516362
8715,-3.484848484848485,3.787878787878787,-0.9070099367868178
8716,-3.383838383838384,3.787878787878787,-0.9334717174982258
8717,-3.282828282828283,3.787878787878787,-0.9553086583081232
8718,-3.1818181818181817,3.787878787878787,-0.972624016438725
8719,-3.080808080808081,3.787878787878787,-0.9855556110801715
8720,-2.9797979797979797,3.787878787878787,-0.9942730728725143
8721,-2.878787878787879,3.787878787878787,-0.998974887345495
8722,-2.7777777777777777,3.787878787878787,-0.9998852748963828
8723,-2.676767676767677,3.787878787878787,-0.9972509506292222
8724,-2.5757575757575757,3.787878787878787,-0.9913378075143281
8725,-2.474747474747475,3.787878787878787,-0.9824275658472199
8726,-2.3737373737373737,3.787878787878787,-0.970814430890861
8727,-2.272727272727273,3.787878787878787,-0.9568017988811471
8728,-2.1717171717171717,3.787878787878787,-0.9406990492782366
8729,-2.070707070707071,3.787878787878787,-0.9228184582795812
8730,-1.9696969696969697,3.787878787878787,-0.9034722652079317
8731,-1.868686868686869,3.787878787878787,-0.8829699194930362
8732,-1.7676767676767677,3.787878787878787,-0.8616155316341568
8733,-1.6666666666666665,3.787878787878787,-0.8397055468286123
8734,-1.5656565656565657,3.787878787878787,-0.8175266549583117
8735,-1.4646464646464645,3.787878787878787,-0.7953539454332744
8736,-1.3636363636363638,3.787878787878787,-0.7734493101022959
8737,-1.2626262626262625,3.787878787878787,-0.752060092171798
8738,-1.1616161616161618,3.787878787878787,-0.7314179739500135
8739,-1.0606060606060606,3.787878787878787,-0.7117380913882354
8740,-0.9595959595959593,3.787878787878787,-0.6932183589613016
8741,-0.858585858585859,3.787878787878787,-0.6760389845528654
8742,-0.7575757575757578,3.787878787878787,-0.6603621508187124
8743,-0.6565656565656566,3.787878787878787,-0.6463318371126135
8744,-0.5555555555555554,3.787878787878787,-0.6340737545743802
8745,-0.45454545454545503,3.787878787878787,-0.623695366473469
8746,-0.3535353535353538,3.787878787878787,-0.615285966415931
8747,-0.2525252525252526,3.787878787878787,-0.6089167885624494
8748,-0.15151515151515138,3.787878787878787,-0.6046411265338256
8749,-0.050505050505050164,3.787878787878787,-0.6024944411179991
8750,0.050505050505050164,3.787878787878787,-0.6024944411179991
8751,0.15151515151515138,3.787878787878787,-0.6046411265338256
8752,0.2525252525252526,3.787878787878787,-0.6089167885624494
8753,0.3535353535353538,3.787878787878787,-0.615285966415931
8754,0.45454545454545414,3.787878787878787,-0.6236953664734687
8755,0.5555555555555554,3.787878787878787,-0.6340737545743802
8756,0.6565656565656566,3.787878787878787,-0.6463318371126135
8757,0.7575757575757578,3.787878787878787,-0.6603621508187124
8758,0.8585858585858581,3.787878787878787,-0.676038984552865
8759,0.9595959595959593,3.787878787878787,-0.6932183589613016
8760,1.0606060606060606,3.787878787878787,-0.7117380913882354
8761,1.1616161616161618,3.787878787878787,-0.7314179739500135
8762,1.262626262626262,3.787878787878787,-0.7520600921717977
8763,1.3636363636363633,3.787878787878787,-0.7734493101022959
8764,1.4646464646464645,3.787878787878787,-0.7953539454332744
8765,1.5656565656565657,3.787878787878787,-0.8175266549583117
8766,1.666666666666667,3.787878787878787,-0.8397055468286123
8767,1.7676767676767673,3.787878787878787,-0.8616155316341568
8768,1.8686868686868685,3.787878787878787,-0.8829699194930357
8769,1.9696969696969697,3.787878787878787,-0.9034722652079317
8770,2.070707070707071,3.787878787878787,-0.9228184582795812
8771,2.1717171717171713,3.787878787878787,-0.9406990492782366
8772,2.2727272727272725,3.787878787878787,-0.9568017988811471
8773,2.3737373737373737,3.787878787878787,-0.970814430890861
8774,2.474747474747475,3.787878787878787,-0.9824275658472199
8775,2.5757575757575752,3.787878787878787,-0.991337807514328
8776,2.6767676767676765,3.787878787878787,-0.9972509506292222
8777,2.7777777777777777,3.787878787878787,-0.9998852748963828
8778,2.878787878787879,3.787878787878787,-0.998974887345495
8779,2.9797979797979792,3.787878787878787,-0.9942730728725143
8780,3.0808080808080813,3.787878787878787,-0.9855556110801714
8781,3.1818181818181817,3.787878787878787,-0.972624016438725
8782,3.282828282828282,3.787878787878787,-0.9553086583081232
8783,3.383838383838384,3.787878787878787,-0.9334717174982258
8784,3.4848484848484844,3.787878787878787,-0.9070099367868182
8785,3.5858585858585865,3.787878787878787,-0.8758571241516357
8786,3.686868686868687,3.787878787878787,-0.8399863693822058
8787,3.787878787878787,3.787878787878787,-0.7994119371937736
8788,3.8888888888888893,3.787878787878787,-0.7541908029373977
8789,3.9898989898989896,3.787878787878787,-0.7044238004506798
8790,4.09090909090909,3.787878787878787,-0.6502563554811612
8791,4.191919191919192,3.787878787878787,-0.5918787823935007
8792,4.292929292929292,3.787878787878787,-0.5295261264922928
8793,4.3939393939393945,3.787878787878787,-0.4634775392019058
8794,4.494949494949495,3.787878787878787,-0.3940551784868121
8795,4.595959595959595,3.787878787878787,-0.32162263221196247
8796,4.696969696969697,3.787878787878787,-0.2465828675725401
8797,4.797979797979798,3.787878787878787,-0.1693757152039697
8798,4.8989898989899,3.787878787878787,-0.09047490205400156
8799,5.0,3.787878787878787,-0.010384652496372675
8800,-5.0,3.8888888888888893,0.051100344609596095
8801,-4.898989898989899,3.8888888888888893,-0.028298730490259733
8802,-4.797979797979798,3.8888888888888893,-0.10689237537946177
8803,-4.696969696969697,3.8888888888888893,-0.18417887438351271
8804,-4.595959595959596,3.8888888888888893,-0.2596842078514849
8805,-4.494949494949495,3.8888888888888893,-0.33296548462515024
8806,-4.393939393939394,3.8888888888888893,-0.4036139669720481
8807,-4.292929292929293,3.8888888888888893,-0.47125766782201794
8808,-4.191919191919192,3.8888888888888893,-0.5355635053149475
8809,-4.090909090909091,3.8888888888888893,-0.5962390049155653
8810,-3.9898989898989896,3.8888888888888893,-0.6530335446184485
8811,-3.888888888888889,3.8888888888888893,-0.7057391439923345
8812,-3.787878787878788,3.8888888888888893,-0.7541908029373977
8813,-3.686868686868687,3.8888888888888893,-0.7982664009935626
8814,-3.5858585858585856,3.8888888888888893,-0.837886172785338
8815,-3.484848484848485,3.8888888888888893,-0.8730117796644911
8816,-3.383838383838384,3.8888888888888893,-0.903645001764537
8817,-3.282828282828283,3.8888888888888893,-0.929826078462273
8818,-3.1818181818181817,3.8888888888888893,-0.9516317286070808
8819,-3.080808080808081,3.8888888888888893,-0.9691728847884663
8820,-2.9797979797979797,3.8888888888888893,-0.9825921783309262
8821,-2.878787878787879,3.8888888888888893,-0.9920612136026401
8822,-2.7777777777777777,3.8888888888888893,-0.9977776715759489
8823,-2.676767676767677,3.8888888888888893,-0.9999622833643549
8824,-2.5757575757575757,3.8888888888888893,-0.9988557146703905
8825,-2.474747474747475,3.8888888888888893,-0.994715401705296
8826,-2.3737373737373737,3.8888888888888893,-0.9878123781863992
8827,-2.272727272727273,3.8888888888888893,-0.9784281314902453
8828,-2.1717171717171717,3.8888888888888893,-0.9668515239559098
8829,-2.070707070707071,3.8888888888888893,-0.9533758127191235
8830,-1.9696969696969697,3.8888888888888893,-0.9382957983486435
8831,-1.868686868686869,3.8888888888888893,-0.921905128996207
8832,-1.7676767676767677,3.8888888888888893,-0.9044937828150851
8833,-1.6666666666666665,3.8888888888888893,-0.8863457471150009
8834,-1.5656565656565657,3.8888888888888893,-0.8677369081789437
8835,-1.4646464646464645,3.8888888888888893,-0.8489331609568637
8836,-1.3636363636363638,3.8888888888888893,-0.8301887430690369
8837,-1.2626262626262625,3.8888888888888893,-0.8117447928038016
8838,-1.1616161616161618,3.8888888888888893,-0.7938281261934981
8839,-1.0606060606060606,3.8888888888888893,-0.7766502239168045
8840,-0.9595959595959593,3.8888888888888893,-0.760406414825002
8841,-0.858585858585859,3.8888888888888893,-0.7452752394416299
8842,-0.7575757575757578,3.8888888888888893,-0.7314179739500141
8843,-0.6565656565656566,3.8888888888888893,-0.7189782930598823
8844,-0.5555555555555554,3.8888888888888893,-0.7080820488134971
8845,-0.45454545454545503,3.8888888888888893,-0.6988371419113971
8846,-0.3535353535353538,3.8888888888888893,-0.6913334625378168
8847,-0.2525252525252526,3.8888888888888893,-0.6856428789442479
8848,-0.15151515151515138,3.8888888888888893,-0.6818192541699645
8849,-0.050505050505050164,3.8888888888888893,-0.6798984741690718
8850,0.050505050505050164,3.8888888888888893,-0.6798984741690718
8851,0.15151515151515138,3.8888888888888893,-0.6818192541699645
8852,0.2525252525252526,3.8888888888888893,-0.6856428789442479
8853,0.3535353535353538,3.8888888888888893,-0.6913334625378168
8854,0.45454545454545414,3.8888888888888893,-0.6988371419113968
8855,0.5555555555555554,3.8888888888888893,-0.7080820488134971
8856,0.6565656565656566,3.8888888888888893,-0.7189782930598823
8857,0.7575757575757578,3.8888888888888893,-0.7314179739500141
8858,0.8585858585858581,3.8888888888888893,-0.7452752394416297
8859,0.9595959595959593,3.8888888888888893,-0.760406414825002
8860,1.0606060606060606,3.8888888888888893,-0.7766502239168045
8861,1.1616161616161618,3.8888888888888893,-0.7938281261934981
8862,1.262626262626262,3.8888888888888893,-0.8117447928038016
8863,1.3636363636363633,3.8888888888888893,-0.8301887430690369
8864,1.4646464646464645,3.8888888888888893,-0.8489331609568637
8865,1.5656565656565657,3.8888888888888893,-0.8677369081789437
8866,1.666666666666667,3.8888888888888893,-0.8863457471150009
8867,1.7676767676767673,3.8888888888888893,-0.9044937828150851
8868,1.8686868686868685,3.8888888888888893,-0.921905128996207
8869,1.9696969696969697,3.8888888888888893,-0.9382957983486435
8870,2.070707070707071,3.8888888888888893,-0.9533758127191235
8871,2.1717171717171713,3.8888888888888893,-0.9668515239559098
8872,2.2727272727272725,3.8888888888888893,-0.9784281314902453
8873,2.3737373737373737,3.8888888888888893,-0.9878123781863992
8874,2.474747474747475,3.8888888888888893,-0.994715401705296
8875,2.5757575757575752,3.8888888888888893,-0.9988557146703905
8876,2.6767676767676765,3.8888888888888893,-0.9999622833643549
8877,2.7777777777777777,3.8888888888888893,-0.9977776715759489
8878,2.878787878787879,3.8888888888888893,-0.9920612136026401
8879,2.9797979797979792,3.8888888888888893,-0.9825921783309262
8880,3.0808080808080813,3.8888888888888893,-0.9691728847884661
8881,3.1818181818181817,3.8888888888888893,-0.9516317286070808
8882,3.282828282828282,3.8888888888888893,-0.929826078462273
8883,3.383838383838384,3.8888888888888893,-0.903645001764537
8884,3.4848484848484844,3.8888888888888893,-0.8730117796644911
8885,3.5858585858585865,3.8888888888888893,-0.8378861727853375
8886,3.686868686868687,3.8888888888888893,-0.7982664009935626
8887,3.787878787878787,3.8888888888888893,-0.7541908029373977
8888,3.8888888888888893,3.8888888888888893,-0.7057391439923345
8889,3.9898989898989896,3.8888888888888893,-0.6530335446184485
8890,4.09090909090909,3.8888888888888893,-0.5962390049155659
8891,4.191919191919192,3.8888888888888893,-0.5355635053149475
8892,4.292929292929292,3.8888888888888893,-0.47125766782201794
8893,4.3939393939393945,3.8888888888888893,-0.4036139669720481
8894,4.494949494949495,3.8888888888888893,-0.33296548462515024
8895,4.595959595959595,3.8888888888888893,-0.2596842078514849
8896,4.696969696969697,3.8888888888888893,-0.18417887438351271
8897,4.797979797979798,3.8888888888888893,-0.10689237537946177
8898,4.8989898989899,3.8888888888888893,-0.028298730490257957
8899,5.0,3.8888888888888893,0.051100344609596095
8900,-5.0,3.9898989898989896,0.11338934827627266
8901,-4.898989898989899,3.9898989898989896,0.034987350391615796
8902,-4.797979797979798,3.9898989898989896,-0.042987436623964495
8903,-4.696969696969697,3.9898989898989896,-0.120037190052395
8904,-4.595959595959596,3.9898989898989896,-0.19568900953589646
8905,-4.494949494949495,3.9898989898989896,-0.26949837407237015
8906,-4.393939393939394,3.9898989898989896,-0.34105221544822006
8907,-4.292929292929293,3.9898989898989896,-0.40997158731573885
8908,-4.191919191919192,3.9898989898989896,-0.47591391406227634
8909,-4.090909090909091,3.9898989898989896,-0.5385748086451192
8910,-3.9898989898989896,3.9898989898989896,-0.597689453620465
8911,-3.888888888888889,3.9898989898989896,-0.6530335446184485
8912,-3.787878787878788,3.9898989898989896,-0.7044238004506791
8913,-3.686868686868687,3.9898989898989896,-0.7517180488252281
8914,-3.5858585858585856,3.9898989898989896,-0.7948149012312968
8915,-3.484848484848485,3.9898989898989896,-0.8336530348888764
8916,-3.383838383838384,3.9898989898989896,-0.8682101036876515
8917,-3.282828282828283,3.9898989898989896,-0.8985013037173747
8918,-3.1818181818181817,3.9898989898989896,-0.9245776222761427
8919,-3.080808080808081,3.9898989898989896,-0.9465238020947079
8920,-2.9797979797979797,3.9898989898989896,-0.9644560549004086
8921,-2.878787878787879,3.9898989898989896,-0.9785195603345841
8922,-2.7777777777777777,3.9898989898989896,-0.9888857876092664
8923,-2.676767676767677,3.9898989898989896,-0.995749678125162
8924,-2.5757575757575757,3.9898989898989896,-0.9993267275623554
8925,-2.474747474747475,3.9898989898989896,-0.9998500056934462
8926,-2.3737373737373737,3.9898989898989896,-0.9975671513586649
8927,-2.272727272727273,3.9898989898989896,-0.9927373786940956
8928,-2.1717171717171717,3.9898989898989896,-0.9856285288355743
8929,-2.070707070707071,3.9898989898989896,-0.9765141989585365
8930,-1.9696969696969697,3.9898989898989896,-0.9656709776931979
8931,-1.868686868686869,3.9898989898989896,-0.9533758127191232
8932,-1.7676767676767677,3.9898989898989896,-0.9399035327469912
8933,-1.6666666666666665,3.9898989898989896,-0.9255245422010497
8934,-1.5656565656565657,3.9898989898989896,-0.9105027027956648
8935,-1.4646464646464645,3.9898989898989896,-0.8950934119345998
8936,-1.3636363636363638,3.9898989898989896,-0.8795418835415972
8937,-1.2626262626262625,3.9898989898989896,-0.864081632651776
8938,-1.1616161616161618,3.9898989898989896,-0.8489331609568632
8939,-1.0606060606060606,3.9898989898989896,-0.8343028366078113
8940,-0.9595959595959593,3.9898989898989896,-0.8203819580403783
8941,-0.858585858585859,3.9898989898989896,-0.8073459885038088
8942,-0.7575757575757578,3.9898989898989896,-0.7953539454332744
8943,-0.6565656565656566,3.9898989898989896,-0.7845479268951294
8944,-0.5555555555555554,3.9898989898989896,-0.7750527561157246
8945,-0.45454545454545503,3.9898989898989896,-0.7669757246248852
8946,-0.3535353535353538,3.9898989898989896,-0.7604064148250015
8947,-0.2525252525252526,3.9898989898989896,-0.7554165838301538
8948,-0.15151515151515138,3.9898989898989896,-0.7520600921717984
8949,-0.050505050505050164,3.9898989898989896,-0.7503728633744201
8950,0.050505050505050164,3.9898989898989896,-0.7503728633744201
8951,0.15151515151515138,3.9898989898989896,-0.7520600921717984
8952,0.2525252525252526,3.9898989898989896,-0.7554165838301538
8953,0.3535353535353538,3.9898989898989896,-0.7604064148250015
8954,0.45454545454545414,3.9898989898989896,-0.7669757246248852
8955,0.5555555555555554,3.9898989898989896,-0.7750527561157246
8956,0.6565656565656566,3.9898989898989896,-0.7845479268951294
8957,0.7575757575757578,3.9898989898989896,-0.7953539454332744
8958,0.8585858585858581,3.9898989898989896,-0.8073459885038082
8959,0.9595959595959593,3.9898989898989896,-0.8203819580403783
8960,1.0606060606060606,3.9898989898989896,-0.8343028366078113
8961,1.1616161616161618,3.9898989898989896,-0.8489331609568632
8962,1.262626262626262,3.9898989898989896,-0.864081632651776
8963,1.3636363636363633,3.9898989898989896,-0.8795418835415972
8964,1.4646464646464645,3.9898989898989896,-0.8950934119345998
8965,1.5656565656565657,3.9898989898989896,-0.9105027027956648
8966,1.666666666666667,3.9898989898989896,-0.9255245422010497
8967,1.7676767676767673,3.9898989898989896,-0.9399035327469912
8968,1.8686868686868685,3.9898989898989896,-0.9533758127191232
8969,1.9696969696969697,3.9898989898989896,-0.9656709776931979
8970,2.070707070707071,3.9898989898989896,-0.9765141989585365
8971,2.1717171717171713,3.9898989898989896,-0.9856285288355743
8972,2.2727272727272725,3.9898989898989896,-0.9927373786940955
8973,2.3737373737373737,3.9898989898989896,-0.9975671513586649
8974,2.474747474747475,3.9898989898989896,-0.9998500056934462
8975,2.5757575757575752,3.9898989898989896,-0.9993267275623554
8976,2.6767676767676765,3.9898989898989896,-0.995749678125162
8977,2.7777777777777777,3.9898989898989896,-0.9888857876092664
8978,2.878787878787879,3.9898989898989896,-0.9785195603345841
8979,2.9797979797979792,3.9898989898989896,-0.9644560549004089
8980,3.0808080808080813,3.9898989898989896,-0.9465238020947079
8981,3.1818181818181817,3.9898989898989896,-0.9245776222761427
8982,3.282828282828282,3.9898989898989896,-0.8985013037173751
8983,3.383838383838384,3.9898989898989896,-0.8682101036876515
8984,3.4848484848484844,3.9898989898989896,-0.833653034888877
8985,3.5858585858585865,3.9898989898989896,-0.7948149012312963
8986,3.686868686868687,3.9898989898989896,-0.7517180488252281
8987,3.787878787878787,3.9898989898989896,-0.7044238004506798
8988,3.8888888888888893,3.9898989898989896,-0.6530335446184485
8989,3.9898989898989896,3.9898989898989896,-0.597689453620465
8990,4.09090909090909,3.9898989898989896,-0.5385748086451192
8991,4.191919191919192,3.9898989898989896,-0.47591391406227634
8992,4.292929292929292,3.9898989898989896,-0.40997158731573885
8993,4.3939393939393945,3.9898989898989896,-0.34105221544821923
8994,4.494949494949495,3.9898989898989896,-0.26949837407237015
8995,4.595959595959595,3.9898989898989896,-0.1956890095358982
8996,4.696969696969697,3.9898989898989896,-0.120037190052395
8997,4.797979797979798,3.9898989898989896,-0.042987436623964495
8998,4.8989898989899,3.9898989898989896,0.034987350391615796
8999,5.0,3.9898989898989896,0.11338934827627266
9000,-5.0,4.09090909090909,0.17619479579151534
9001,-4.898989898989899,4.09090909090909,0.0990995123387145
9002,-4.797979797979798,4.09090909090909,0.022060505822727554
9003,-4.696969696969697,4.09090909090909,-0.05442967125419315
9004,-4.595959595959596,4.09090909090909,-0.12990064934862755
9005,-4.494949494949495,4.09090909090909,-0.20390771424084098
9006,-4.393939393939394,4.09090909090909,-0.2760349195273792
9007,-4.292929292929293,4.09090909090909,-0.34589781786811574
9008,-4.191919191919192,4.09090909090909,-0.41314579432852483
9009,-4.090909090909091,4.09090909090909,-0.4774639899650782
9010,-3.9898989898989896,4.09090909090909,-0.5385748086451192
9011,-3.888888888888889,4.09090909090909,-0.5962390049155659
9012,-3.787878787878788,4.09090909090909,-0.6502563554811606
9013,-3.686868686868687,4.09090909090909,-0.7004659214674781
9014,-3.5858585858585856,4.09090909090909,-0.746745913073142
9015,-3.484848484848485,4.09090909090909,-0.7890131724084034
9016,-3.383838383838384,4.09090909090909,-0.8272222942249516
9017,-3.282828282828283,4.09090909090909,-0.8613644078193972
9018,-3.1818181818181817,4.09090909090909,-0.8914656465988168
9019,-3.080808080808081,4.09090909090909,-0.917585334593942
9020,-2.9797979797979797,4.09090909090909,-0.939813921561422
9021,-2.878787878787879,4.09090909090909,-0.9582707002037003
9022,-2.7777777777777777,4.09090909090909,-0.9731013404313869
9023,-2.676767676767677,4.09090909090909,-0.9844752764825283
9024,-2.5757575757575757,4.09090909090909,-0.9925829830859908
9025,-2.474747474747475,4.09090909090909,-0.9976331767090002
9026,-2.3737373737373737,4.09090909090909,-0.9998499772654604
9027,-2.272727272727273,4.09090909090909,-0.9994700644929607
9028,-2.1717171717171717,4.09090909090909,-0.996739861551052
9029,-2.070707070707071,4.09090909090909,-0.9919127762779678
9030,-1.9696969696969697,4.09090909090909,-0.9852465280022724
9031,-1.868686868686869,4.09090909090909,-0.9770005848830537
9032,-1.7676767676767677,4.09090909090909,-0.967433733498822
9033,-1.6666666666666665,4.09090909090909,-0.9568017988811471
9034,-1.5656565656565657,4.09090909090909,-0.9453555294622582
9035,-1.4646464646464645,4.09090909090909,-0.9333386575518055
9036,-1.3636363636363638,4.09090909090909,-0.9209861420588343
9037,-1.2626262626262625,4.09090909090909,-0.9085225963181347
9038,-1.1616161616161618,4.09090909090909,-0.8961609001565076
9039,-1.0606060606060606,4.09090909090909,-0.8841009918365942
9040,-0.9595959595959593,4.09090909090909,-0.8725288323349585
9041,-0.858585858585859,4.09090909090909,-0.8616155316341568
9042,-0.7575757575757578,4.09090909090909,-0.8515166244149639
9043,-0.6565656565656566,4.09090909090909,-0.8423714807930511
9044,-0.5555555555555554,4.09090909090909,-0.8343028366078108
9045,-0.45454545454545503,4.09090909090909,-0.8274164272751888
9046,-0.3535353535353538,4.09090909090909,-0.8218007093760521
9047,-0.2525252525252526,4.09090909090909,-0.8175266549583117
9048,-0.15151515151515138,4.09090909090909,-0.8146476049522496
9049,-0.050505050505050164,4.09090909090909,-0.8131991700775233
9050,0.050505050505050164,4.09090909090909,-0.8131991700775233
9051,0.15151515151515138,4.09090909090909,-0.8146476049522496
9052,0.2525252525252526,4.09090909090909,-0.8175266549583117
9053,0.3535353535353538,4.09090909090909,-0.8218007093760521
9054,0.45454545454545414,4.09090909090909,-0.8274164272751888
9055,0.5555555555555554,4.09090909090909,-0.8343028366078108
9056,0.6565656565656566,4.09090909090909,-0.8423714807930511
9057,0.7575757575757578,4.09090909090909,-0.8515166244149639
9058,0.8585858585858581,4.09090909090909,-0.8616155316341568
9059,0.9595959595959593,4.09090909090909,-0.8725288323349585
9060,1.0606060606060606,4.09090909090909,-0.8841009918365942
9061,1.1616161616161618,4.09090909090909,-0.8961609001565076
9062,1.262626262626262,4.09090909090909,-0.9085225963181347
9063,1.3636363636363633,4.09090909090909,-0.9209861420588343
9064,1.4646464646464645,4.09090909090909,-0.9333386575518055
9065,1.5656565656565657,4.09090909090909,-0.9453555294622582
9066,1.666666666666667,4.09090909090909,-0.9568017988811471
9067,1.7676767676767673,4.09090909090909,-0.967433733498822
9068,1.8686868686868685,4.09090909090909,-0.9770005848830537
9069,1.9696969696969697,4.09090909090909,-0.9852465280022724
9070,2.070707070707071,4.09090909090909,-0.9919127762779678
9071,2.1717171717171713,4.09090909090909,-0.996739861551052
9072,2.2727272727272725,4.09090909090909,-0.9994700644929607
9073,2.3737373737373737,4.09090909090909,-0.9998499772654604
9074,2.474747474747475,4.09090909090909,-0.9976331767090002
9075,2.5757575757575752,4.09090909090909,-0.9925829830859908
9076,2.6767676767676765,4.09090909090909,-0.9844752764825283
9077,2.7777777777777777,4.09090909090909,-0.9731013404313869
9078,2.878787878787879,4.09090909090909,-0.9582707002037003
9079,2.9797979797979792,4.09090909090909,-0.939813921561422
9080,3.0808080808080813,4.09090909090909,-0.917585334593942
9081,3.1818181818181817,4.09090909090909,-0.8914656465988168
9082,3.282828282828282,4.09090909090909,-0.8613644078193976
9083,3.383838383838384,4.09090909090909,-0.8272222942249516
9084,3.4848484848484844,4.09090909090909,-0.789013172408404
9085,3.5858585858585865,4.09090909090909,-0.746745913073142
9086,3.686868686868687,4.09090909090909,-0.7004659214674781
9087,3.787878787878787,4.09090909090909,-0.6502563554811612
9088,3.8888888888888893,4.09090909090909,-0.5962390049155659
9089,3.9898989898989896,4.09090909090909,-0.5385748086451192
9090,4.09090909090909,4.09090909090909,-0.477463989965079
9091,4.191919191919192,4.09090909090909,-0.41314579432852483
9092,4.292929292929292,4.09090909090909,-0.34589781786811574
9093,4.3939393939393945,4.09090909090909,-0.27603491952737835
9094,4.494949494949495,4.09090909090909,-0.20390771424084098
9095,4.595959595959595,4.09090909090909,-0.12990064934862844
9096,4.696969696969697,4.09090909090909,-0.05442967125419315
9097,4.797979797979798,4.09090909090909,0.022060505822727554
9098,4.8989898989899,4.09090909090909,0.09909951233871539
9099,5.0,4.09090909090909,0.17619479579151534
9100,-5.0,4.191919191919192,0.23920908105240685
9101,-4.898989898989899,4.191919191919192,0.1637317692551949
9102,-4.797979797979798,4.191919191919192,0.0879485695132407
9103,-4.696969696969697,4.191919191919192,0.012345400958584343
9104,-4.595959595959596,4.191919191919192,-0.06261130163429002
9105,-4.494949494949495,4.191919191919192,-0.1364780663797351
9106,-4.393939393939394,4.191919191919192,-0.20883752631371233
9107,-4.292929292929293,4.191919191919192,-0.27930120302956807
9108,-4.191919191919192,4.191919191919192,-0.3475119145087923
9109,-4.090909090909091,4.191919191919192,-0.41314579432852483
9110,-3.9898989898989896,4.191919191919192,-0.47591391406227634
9111,-3.888888888888889,4.191919191919192,-0.5355635053149475
9112,-3.787878787878788,4.191919191919192,-0.5918787823935
9113,-3.686868686868687,4.191919191919192,-0.6446813710574029
9114,-3.5858585858585856,4.191919191919192,-0.6938303530662946
9115,-3.484848484848485,4.191919191919192,-0.7392219402969454
9116,-3.383838383838384,4.191919191919192,-0.7807887959904833
9117,-3.282828282828283,4.191919191919192,-0.8184990241704868
9118,-3.1818181818181817,4.191919191919192,-0.8523548514029261
9119,-3.080808080808081,4.191919191919192,-0.8823910278142666
9120,-2.9797979797979797,4.191919191919192,-0.9086729766131126
9121,-2.878787878787879,4.191919191919192,-0.9312947232473664
9122,-2.7777777777777777,4.191919191919192,-0.9503766367522083
9123,-2.676767676767677,4.191919191919192,-0.9660630167891978
9124,-2.5757575757575757,4.191919191919192,-0.9785195603345841
9125,-2.474747474747475,4.191919191919192,-0.9879307419430208
9126,-2.3737373737373737,4.191919191919192,-0.99449714099563
9127,-2.272727272727273,4.191919191919192,-0.9984327483501461
9128,-2.1717171717171717,4.191919191919192,-0.9999622833643549
9129,-2.070707070707071,4.191919191919192,-0.9993185503884481
9130,-1.9696969696969697,4.191919191919192,-0.9967398615510521
9131,-1.868686868686869,4.191919191919192,-0.9924675500391376
9132,-1.7676767676767677,4.191919191919192,-0.9867435951428885
9133,-1.6666666666666665,4.191919191919192,-0.9798083771594854
9134,-1.5656565656565657,4.191919191919192,-0.9718985768881023
9135,-1.4646464646464645,4.191919191919192,-0.9632452309720156
9136,-1.3636363636363638,4.191919191919192,-0.9540719508276324
9137,-1.2626262626262625,4.191919191919192,-0.9445933094235464
9138,-1.1616161616161618,4.191919191919192,-0.9350133968168901
9139,-1.0606060606060606,4.191919191919192,-0.9255245422010497
9140,-0.9595959595959593,4.191919191919192,-0.9163061973481297
9141,-0.858585858585859,4.191919191919192,-0.9075239738165816
9142,-0.7575757575757578,4.191919191919192,-0.8993288242069458
9143,-0.6565656565656566,4.191919191919192,-0.8918563561440617
9144,-0.5555555555555554,4.191919191919192,-0.8852262665865006
9145,-0.45454545454545503,4.191919191919192,-0.8795418835415977
9146,-0.3535353535353538,4.191919191919192,-0.8748898023074512
9147,-0.2525252525252526,4.191919191919192,-0.8713396039621555
9148,-0.15151515151515138,4.191919191919192,-0.8689436449454537
9149,-0.050505050505050164,4.191919191919192,-0.8677369081789432
9150,0.050505050505050164,4.191919191919192,-0.8677369081789432
9151,0.15151515151515138,4.191919191919192,-0.8689436449454537
9152,0.2525252525252526,4.191919191919192,-0.8713396039621555
9153,0.3535353535353538,4.191919191919192,-0.8748898023074512
9154,0.45454545454545414,4.191919191919192,-0.8795418835415977
9155,0.5555555555555554,4.191919191919192,-0.8852262665865006
9156,0.6565656565656566,4.191919191919192,-0.8918563561440617
9157,0.7575757575757578,4.191919191919192,-0.8993288242069458
9158,0.8585858585858581,4.191919191919192,-0.9075239738165816
9159,0.9595959595959593,4.191919191919192,-0.9163061973481297
9160,1.0606060606060606,4.191919191919192,-0.9255245422010497
9161,1.1616161616161618,4.191919191919192,-0.9350133968168901
9162,1.262626262626262,4.191919191919192,-0.9445933094235464
9163,1.3636363636363633,4.191919191919192,-0.9540719508276324
9164,1.4646464646464645,4.191919191919192,-0.9632452309720156
9165,1.5656565656565657,4.191919191919192,-0.9718985768881023
9166,1.666666666666667,4.191919191919192,-0.9798083771594854
9167,1.7676767676767673,4.191919191919192,-0.9867435951428885
9168,1.8686868686868685,4.191919191919192,-0.9924675500391376
9169,1.9696969696969697,4.191919191919192,-0.9967398615510521
9170,2.070707070707071,4.191919191919192,-0.9993185503884481
9171,2.1717171717171713,4.191919191919192,-0.9999622833643549
9172,2.2727272727272725,4.191919191919192,-0.9984327483501461
9173,2.3737373737373737,4.191919191919192,-0.99449714099563
9174,2.474747474747475,4.191919191919192,-0.9879307419430208
9175,2.5757575757575752,4.191919191919192,-0.9785195603345841
9176,2.6767676767676765,4.191919191919192,-0.9660630167891978
9177,2.7777777777777777,4.191919191919192,-0.9503766367522083
9178,2.878787878787879,4.191919191919192,-0.9312947232473664
9179,2.9797979797979792,4.191919191919192,-0.9086729766131126
9180,3.0808080808080813,4.191919191919192,-0.8823910278142661
9181,3.1818181818181817,4.191919191919192,-0.8523548514029261
9182,3.282828282828282,4.191919191919192,-0.8184990241704868
9183,3.383838383838384,4.191919191919192,-0.7807887959904833
9184,3.4848484848484844,4.191919191919192,-0.7392219402969454
9185,3.5858585858585865,4.191919191919192,-0.693830353066294
9186,3.686868686868687,4.191919191919192,-0.6446813710574029
9187,3.787878787878787,4.191919191919192,-0.5918787823935007
9188,3.8888888888888893,4.191919191919192,-0.5355635053149475
9189,3.9898989898989896,4.191919191919192,-0.47591391406227634
9190,4.09090909090909,4.191919191919192,-0.41314579432852483
9191,4.191919191919192,4.191919191919192,-0.3475119145087923
9192,4.292929292929292,4.191919191919192,-0.2793012030295689
9193,4.3939393939393945,4.191919191919192,-0.2088375263137106
9194,4.494949494949495,4.191919191919192,-0.1364780663797351
9195,4.595959595959595,4.191919191919192,-0.0626113016342909
9196,4.696969696969697,4.191919191919192,0.012345400958584343
9197,4.797979797979798,4.191919191919192,0.0879485695132407
9198,4.8989898989899,4.191919191919192,0.1637317692551949
9199,5.0,4.191919191919192,0.23920908105240685
9200,-5.0,4.292929292929292,0.30210621122022246
9201,-4.898989898989899,4.292929292929292,0.2285575659938202
9202,-4.797979797979798,4.292929292929292,0.1543510954806722
9203,-4.696969696969697,4.292929292929292,0.07996474337970184
9204,-4.595959595959596,4.292929292929292,0.005859620312239815
9205,-4.494949494949495,4.292929292929292,-0.06752347167863454
9206,-4.393939393939394,4.292929292929292,-0.13976720115507663
9207,-4.292929292929293,4.292929292929292,-0.21048053347207704
9208,-4.191919191919192,4.292929292929292,-0.2793012030295689
9209,-4.090909090909091,4.292929292929292,-0.34589781786811574
9210,-3.9898989898989896,4.292929292929292,-0.40997158731573885
9211,-3.888888888888889,4.292929292929292,-0.47125766782201794
9212,-3.787878787878788,4.292929292929292,-0.5295261264922928
9213,-3.686868686868687,4.292929292929292,-0.5845825261079174
9214,-3.5858585858585856,4.292929292929292,-0.6362681395383403
9215,-3.484848484848485,4.292929292929292,-0.6844598053694138
9216,-3.383838383838384,4.292929292929292,-0.7290694402446706
9217,-3.282828282828283,4.292929292929292,-0.7700432268001185
9218,-3.1818181818181817,4.292929292929292,-0.8073604991300253
9219,-3.080808080808081,4.292929292929292,-0.8410323504166562
9220,-2.9797979797979797,4.292929292929292,-0.8710999896610638
9221,-2.878787878787879,4.292929292929292,-0.8976328763397466
9222,-2.7777777777777777,4.292929292929292,-0.9207266632634977
9223,-2.676767676767677,4.292929292929292,-0.9405009789159292
9224,-2.5757575757575757,4.292929292929292,-0.9570970810917876
9225,-2.474747474747475,4.292929292929292,-0.9706754137373667
9226,-2.3737373737373737,4.292929292929292,-0.9814130985217271
9227,-2.272727272727273,4.292929292929292,-0.9895013918493959
9228,-2.1717171717171717,4.292929292929292,-0.995143136781116
9229,-2.070707070707071,4.292929292929292,-0.9985502376844227
9230,-1.9696969696969697,4.292929292929292,-0.999941183422856
9231,-1.868686868686869,4.292929292929292,-0.9995386425509948
9232,-1.7676767676767677,4.292929292929292,-0.9975671513586648
9233,-1.6666666666666665,4.292929292929292,-0.9942509127545082
9234,-1.5656565656565657,4.292929292929292,-0.9898117209555577
9235,-1.4646464646464645,4.292929292929292,-0.9844670238196906
9236,-1.3636363636363638,4.292929292929292,-0.9784281314902452
9237,-1.2626262626262625,4.292929292929292,-0.9718985768881022
9238,-1.1616161616161618,4.292929292929292,-0.9650726305589847
9239,-1.0606060606060606,4.292929292929292,-0.9581339695350867
9240,-0.9595959595959593,4.292929292929292,-0.9512544972703997
9241,-0.858585858585859,4.292929292929292,-0.9445933094235464
9242,-0.7575757575757578,4.292929292929292,-0.9382957983486432
9243,-0.6565656565656566,4.292929292929292,-0.9324928876622939
9244,-0.5555555555555554,4.292929292929292,-0.9273003872198775
9245,-0.45454545454545503,4.292929292929292,-0.9228184582795812
9246,-0.3535353535353538,4.292929292929292,-0.9191311785651224
9247,-0.2525252525252526,4.292929292929292,-0.9163061973481297
9248,-0.15151515151515138,4.292929292929292,-0.9143944715317058
9249,-0.050505050505050164,4.292929292929292,-0.9134300749838847
9250,0.050505050505050164,4.292929292929292,-0.9134300749838847
9251,0.15151515151515138,4.292929292929292,-0.9143944715317058
9252,0.2525252525252526,4.292929292929292,-0.9163061973481297
9253,0.3535353535353538,4.292929292929292,-0.9191311785651224
9254,0.45454545454545414,4.292929292929292,-0.9228184582795812
9255,0.5555555555555554,4.292929292929292,-0.9273003872198775
9256,0.6565656565656566,4.292929292929292,-0.9324928876622939
9257,0.7575757575757578,4.292929292929292,-0.9382957983486432
9258,0.8585858585858581,4.292929292929292,-0.944593309423546
9259,0.9595959595959593,4.292929292929292,-0.9512544972703997
9260,1.0606060606060606,4.292929292929292,-0.9581339695350867
9261,1.1616161616161618,4.292929292929292,-0.9650726305589847
9262,1.262626262626262,4.292929292929292,-0.9718985768881022
9263,1.3636363636363633,4.292929292929292,-0.9784281314902452
9264,1.4646464646464645,4.292929292929292,-0.9844670238196906
9265,1.5656565656565657,4.292929292929292,-0.9898117209555577
9266,1.666666666666667,4.292929292929292,-0.9942509127545082
9267,1.7676767676767673,4.292929292929292,-0.9975671513586648
9268,1.8686868686868685,4.292929292929292,-0.9995386425509948
9269,1.9696969696969697,4.292929292929292,-0.999941183422856
9270,2.070707070707071,4.292929292929292,-0.9985502376844227
9271,2.1717171717171713,4.292929292929292,-0.995143136781116
9272,2.2727272727272725,4.292929292929292,-0.9895013918493959
9273,2.3737373737373737,4.292929292929292,-0.9814130985217271
9274,2.474747474747475,4.292929292929292,-0.9706754137373667
9275,2.5757575757575752,4.292929292929292,-0.9570970810917878
9276,2.6767676767676765,4.292929292929292,-0.9405009789159292
9277,2.7777777777777777,4.292929292929292,-0.9207266632634977
9278,2.878787878787879,4.292929292929292,-0.8976328763397466
9279,2.9797979797979792,4.292929292929292,-0.8710999896610638
9280,3.0808080808080813,4.292929292929292,-0.8410323504166558
9281,3.1818181818181817,4.292929292929292,-0.8073604991300253
9282,3.282828282828282,4.292929292929292,-0.770043226800119
9283,3.383838383838384,4.292929292929292,-0.7290694402446706
9284,3.4848484848484844,4.292929292929292,-0.6844598053694138
9285,3.5858585858585865,4.292929292929292,-0.6362681395383396
9286,3.686868686868687,4.292929292929292,-0.5845825261079174
9287,3.787878787878787,4.292929292929292,-0.5295261264922928
9288,3.8888888888888893,4.292929292929292,-0.47125766782201794
9289,3.9898989898989896,4.292929292929292,-0.40997158731573885
9290,4.09090909090909,4.292929292929292,-0.34589781786811574
9291,4.191919191919192,4.292929292929292,-0.2793012030295689
9292,4.292929292929292,4.292929292929292,-0.2104805334720779
9293,4.3939393939393945,4.292929292929292,-0.13976720115507485
9294,4.494949494949495,4.292929292929292,-0.06752347167863454
9295,4.595959595959595,4.292929292929292,0.005859620312239815
9296,4.696969696969697,4.292929292929292,0.07996474337970184
9297,4.797979797979798,4.292929292929292,0.1543510954806722
9298,4.8989898989899,4.292929292929292,0.2285575659938202
9299,5.0,4.292929292929292,0.30210621122022246
9300,-5.0,4.3939393939393945,0.36454372657984696
9301,-4.898989898989899,4.3939393939393945,0.29323164717610134
9302,-4.797979797979798,4.3939393939393945,0.2209214558838416
9303,-4.696969696969697,4.3939393939393945,0.14808180683654434
9304,-4.595959595959596,4.3939393939393945,0.07516711857957797
9305,-4.494949494949495,4.3939393939393945,0.0026141107409246027
9306,-4.393939393939394,4.3939393939393945,-0.06916136846891278
9307,-4.292929292929293,4.3939393939393945,-0.13976720115507485
9308,-4.191919191919192,4.3939393939393945,-0.2088375263137106
9309,-4.090909090909091,4.3939393939393945,-0.27603491952737746
9310,-3.9898989898989896,4.3939393939393945,-0.34105221544821923
9311,-3.888888888888889,4.3939393939393945,-0.4036139669720481
9312,-3.787878787878788,4.3939393939393945,-0.46347753920190504
9313,-3.686868686868687,4.3939393939393945,-0.520433840405645
9314,-3.5858585858585856,4.3939393939393945,-0.574307696140525
9315,-3.484848484848485,4.3939393939393945,-0.6249578765026084
9316,-3.383838383838384,4.3939393939393945,-0.6722767900164124
9317,-3.282828282828283,4.3939393939393945,-0.7161898609700604
9318,-3.1818181818181817,4.3939393939393945,-0.7566546099862523
9319,-3.080808080808081,4.3939393939393945,-0.7936594602663277
9320,-2.9797979797979797,4.3939393939393945,-0.8272222942249512
9321,-2.878787878787879,4.3939393939393945,-0.8573887871223711
9322,-2.7777777777777777,4.3939393939393945,-0.8842305457809353
9323,-2.676767676767677,4.3939393939393945,-0.9078430815291832
9324,-2.5757575757575757,4.3939393939393945,-0.9283436471427182
9325,-2.474747474747475,4.3939393939393945,-0.9458689677445704
9326,-2.3737373737373737,4.3939393939393945,-0.960572895393602
9327,-2.272727272727273,4.3939393939393945,-0.9726240164387245
9328,-2.1717171717171717,4.3939393939393945,-0.9822032396670075
9329,-2.070707070707071,4.3939393939393945,-0.9895013918493958
9330,-1.9696969696969697,4.3939393939393945,-0.9947168455195958
9331,-1.868686868686869,4.3939393939393945,-0.9980532017469791
9332,-1.7676767676767677,4.3939393939393945,-0.9997170483265756
9333,-1.6666666666666665,4.3939393939393945,-0.9999158112575521
9334,-1.5656565656565657,4.3939393939393945,-0.9988557146703906
9335,-1.4646464646464645,4.3939393939393945,-0.9967398615510521
9336,-1.3636363636363638,4.3939393939393945,-0.9937664447599298
9337,-1.2626262626262625,4.3939393939393945,-0.9901270950187029
9338,-1.1616161616161618,4.3939393939393945,-0.9860053698044745
9339,-1.0606060606060606,4.3939393939393945,-0.9815753845120101
9340,-0.9595959595959593,4.3939393939393945,-0.9770005848830539
9341,-0.858585858585859,4.3939393939393945,-0.9724326576133955
9342,-0.7575757575757578,4.3939393939393945,-0.9680105742837186
9343,-0.6565656565656566,4.3939393939393945,-0.9638597623606822
9344,-0.5555555555555554,4.3939393939393945,-0.960091396010912
9345,-0.45454545454545503,4.3939393939393945,-0.9568017988811475
9346,-0.3535353535353538,4.3939393939393945,-0.9540719508276326
9347,-0.2525252525252526,4.3939393939393945,-0.9519670908175413
9348,-0.15151515151515138,4.3939393939393945,-0.9505364088507622
9349,-0.050505050505050164,4.3939393939393945,-0.9498128207233991
9350,0.050505050505050164,4.3939393939393945,-0.9498128207233991
9351,0.15151515151515138,4.3939393939393945,-0.9505364088507622
9352,0.2525252525252526,4.3939393939393945,-0.9519670908175413
9353,0.3535353535353538,4.3939393939393945,-0.9540719508276326
9354,0.45454545454545414,4.3939393939393945,-0.9568017988811475
9355,0.5555555555555554,4.3939393939393945,-0.960091396010912
9356,0.6565656565656566,4.3939393939393945,-0.9638597623606822
9357,0.7575757575757578,4.3939393939393945,-0.9680105742837186
9358,0.8585858585858581,4.3939393939393945,-0.9724326576133955
9359,0.9595959595959593,4.3939393939393945,-0.9770005848830539
9360,1.0606060606060606,4.3939393939393945,-0.9815753845120101
9361,1.1616161616161618,4.3939393939393945,-0.9860053698044745
9362,1.262626262626262,4.3939393939393945,-0.9901270950187029
9363,1.3636363636363633,4.3939393939393945,-0.9937664447599298
9364,1.4646464646464645,4.3939393939393945,-0.9967398615510521
9365,1.5656565656565657,4.3939393939393945,-0.9988557146703906
9366,1.666666666666667,4.3939393939393945,-0.9999158112575521
9367,1.7676767676767673,4.3939393939393945,-0.9997170483265756
9368,1.8686868686868685,4.3939393939393945,-0.9980532017469791
9369,1.9696969696969697,4.3939393939393945,-0.9947168455195958
9370,2.070707070707071,4.3939393939393945,-0.9895013918493958
9371,2.1717171717171713,4.3939393939393945,-0.9822032396670075
9372,2.2727272727272725,4.3939393939393945,-0.9726240164387248
9373,2.3737373737373737,4.3939393939393945,-0.960572895393602
9374,2.474747474747475,4.3939393939393945,-0.9458689677445704
9375,2.5757575757575752,4.3939393939393945,-0.9283436471427182
9376,2.6767676767676765,4.3939393939393945,-0.9078430815291837
9377,2.7777777777777777,4.3939393939393945,-0.8842305457809353
9378,2.878787878787879,4.3939393939393945,-0.8573887871223711
9379,2.9797979797979792,4.3939393939393945,-0.8272222942249512
9380,3.0808080808080813,4.3939393939393945,-0.7936594602663277
9381,3.1818181818181817,4.3939393939393945,-0.7566546099862523
9382,3.282828282828282,4.3939393939393945,-0.7161898609700611
9383,3.383838383838384,4.3939393939393945,-0.6722767900164124
9384,3.4848484848484844,4.3939393939393945,-0.624957876502609
9385,3.5858585858585865,4.3939393939393945,-0.5743076961405242
9386,3.686868686868687,4.3939393939393945,-0.520433840405645
9387,3.787878787878787,4.3939393939393945,-0.4634775392019058
9388,3.8888888888888893,4.3939393939393945,-0.4036139669720481
9389,3.9898989898989896,4.3939393939393945,-0.34105221544821923
9390,4.09090909090909,4.3939393939393945,-0.27603491952737835
9391,4.191919191919192,4.3939393939393945,-0.2088375263137106
9392,4.292929292929292,4.3939393939393945,-0.13976720115507485
9393,4.3939393939393945,4.3939393939393945,-0.0691613684689119
9394,4.494949494949495,4.3939393939393945,0.0026141107409246027
9395,4.595959595959595,4.3939393939393945,0.0751671185795762
9396,4.696969696969697,4.3939393939393945,0.14808180683654434
9397,4.797979797979798,4.3939393939393945,0.2209214558838416
9398,4.8989898989899,4.3939393939393945,0.2932316471761022
9399,5.0,4.3939393939393945,0.36454372657984696
9400,-5.0,4.494949494949495,0.42616487490195226
9401,-4.898989898989899,4.494949494949495,0.35739219826595886
9402,-4.797979797979798,4.494949494949495,0.2872941518447773
9403,-4.696969696969697,4.494949494949495,0.21632882066943113
9404,-4.595959595959596,4.494949494949495,0.14494259150073874
9405,-4.494949494949495,4.494949494949495,0.07356671070758054
9406,-4.393939393939394,4.494949494949495,0.0026141107409237145
9407,-4.292929292929293,4.494949494949495,-0.06752347167863454
9408,-4.191919191919192,4.494949494949495,-0.1364780663797351
9409,-4.090909090909091,4.494949494949495,-0.20390771424084012
9410,-3.9898989898989896,4.494949494949495,-0.26949837407237015
9411,-3.888888888888889,4.494949494949495,-0.33296548462515024
9412,-3.787878787878788,4.494949494949495,-0.3940551784868121
9413,-3.686868686868687,4.494949494949495,-0.45254514856897593
9414,-3.5858585858585856,4.494949494949495,-0.5082451717073332
9415,-3.484848484848485,4.494949494949495,-0.5609972975496228
9416,-3.383838383838384,4.494949494949495,-0.6106757143511863
9417,-3.282828282828283,4.494949494949495,-0.6571863064950187
9418,-3.1818181818181817,4.494949494949495,-0.7004659214674775
9419,-3.080808080808081,4.494949494949495,-0.7404813666200053
9420,-2.9797979797979797,4.494949494949495,-0.7772281583038075
9421,-2.878787878787879,4.494949494949495,-0.8107290478552426
9422,-2.7777777777777777,4.494949494949495,-0.8410323504166558
9423,-2.676767676767677,4.494949494949495,-0.8682101036876515
9424,-2.5757575757575757,4.494949494949495,-0.8923560844080554
9425,-2.474747474747475,4.494949494949495,-0.9135837106745995
9426,-2.3737373737373737,4.494949494949495,-0.9320238580930658
9427,-2.272727272727273,4.494949494949495,-0.9478226172768963
9428,-2.1717171717171717,4.494949494949495,-0.9611390193388242
9429,-2.070707070707071,4.494949494949495,-0.9721427548067813
9430,-1.9696969696969697,4.494949494949495,-0.9810119098582415
9431,-1.868686868686869,4.494949494949495,-0.9879307419430208
9432,-1.7676767676767677,4.494949494949495,-0.9930875147938073
9433,-1.6666666666666665,4.494949494949495,-0.9966724105518008
9434,-1.5656565656565657,4.494949494949495,-0.9988755343117245
9435,-1.4646464646464645,4.494949494949495,-0.9998850238697976
9436,-1.3636363636363638,4.494949494949495,-0.9998852748963828
9437,-1.2626262626262625,4.494949494949495,-0.9990552892099203
9438,-1.1616161616161618,4.494949494949495,-0.9975671513586649
9439,-1.0606060606060606,4.494949494949495,-0.9955846363786908
9440,-0.9595959595959593,4.494949494949495,-0.9932619494448148
9441,-0.858585858585859,4.494949494949495,-0.9907425962152338
9442,-0.7575757575757578,4.494949494949495,-0.988158381034201
9443,-0.6565656565656566,4.494949494949495,-0.9856285288355743
9444,-0.5555555555555554,4.494949494949495,-0.9832589256096175
9445,-0.45454545454545503,4.494949494949495,-0.9811414716714286
9446,-0.3535353535353538,4.494949494949495,-0.9793535417053728
9447,-0.2525252525252526,4.494949494949495,-0.9779575456472122
9448,-0.15151515151515138,4.494949494949495,-0.9770005848830537
9449,-0.050505050505050164,4.494949494949495,-0.9765141989585365
9450,0.050505050505050164,4.494949494949495,-0.9765141989585365
9451,0.15151515151515138,4.494949494949495,-0.9770005848830537
9452,0.2525252525252526,4.494949494949495,-0.9779575456472122
9453,0.3535353535353538,4.494949494949495,-0.9793535417053728
9454,0.45454545454545414,4.494949494949495,-0.9811414716714286
9455,0.5555555555555554,4.494949494949495,-0.9832589256096175
9456,0.6565656565656566,4.494949494949495,-0.9856285288355743
9457,0.7575757575757578,4.494949494949495,-0.988158381034201
9458,0.8585858585858581,4.494949494949495,-0.9907425962152338
9459,0.9595959595959593,4.494949494949495,-0.9932619494448148
9460,1.0606060606060606,4.494949494949495,-0.9955846363786908
9461,1.1616161616161618,4.494949494949495,-0.9975671513586649
9462,1.262626262626262,4.494949494949495,-0.9990552892099203
9463,1.3636363636363633,4.494949494949495,-0.9998852748963828
9464,1.4646464646464645,4.494949494949495,-0.9998850238697976
9465,1.5656565656565657,4.494949494949495,-0.9988755343117245
9466,1.666666666666667,4.494949494949495,-0.9966724105518008
9467,1.7676767676767673,4.494949494949495,-0.9930875147938073
9468,1.8686868686868685,4.494949494949495,-0.9879307419430208
9469,1.9696969696969697,4.494949494949495,-0.9810119098582415
9470,2.070707070707071,4.494949494949495,-0.9721427548067813
9471,2.1717171717171713,4.494949494949495,-0.9611390193388242
9472,2.2727272727272725,4.494949494949495,-0.9478226172768963
9473,2.3737373737373737,4.494949494949495,-0.9320238580930658
9474,2.474747474747475,4.494949494949495,-0.9135837106745995
9475,2.5757575757575752,4.494949494949495,-0.8923560844080554
9476,2.6767676767676765,4.494949494949495,-0.8682101036876515
9477,2.7777777777777777,4.494949494949495,-0.8410323504166558
9478,2.878787878787879,4.494949494949495,-0.8107290478552426
9479,2.9797979797979792,4.494949494949495,-0.7772281583038075
9480,3.0808080808080813,4.494949494949495,-0.7404813666200053
9481,3.1818181818181817,4.494949494949495,-0.7004659214674775
9482,3.282828282828282,4.494949494949495,-0.6571863064950194
9483,3.383838383838384,4.494949494949495,-0.6106757143511863
9484,3.4848484848484844,4.494949494949495,-0.5609972975496236
9485,3.5858585858585865,4.494949494949495,-0.5082451717073324
9486,3.686868686868687,4.494949494949495,-0.45254514856897593
9487,3.787878787878787,4.494949494949495,-0.3940551784868121
9488,3.8888888888888893,4.494949494949495,-0.33296548462515024
9489,3.9898989898989896,4.494949494949495,-0.26949837407237015
9490,4.09090909090909,4.494949494949495,-0.20390771424084098
9491,4.191919191919192,4.494949494949495,-0.1364780663797351
9492,4.292929292929292,4.494949494949495,-0.06752347167863454
9493,4.3939393939393945,4.494949494949495,0.0026141107409246027
9494,4.494949494949495,4.494949494949495,0.07356671070758054
9495,4.595959595959595,4.494949494949495,0.144942591500737
9496,4.696969696969697,4.494949494949495,0.21632882066943113
9497,4.797979797979798,4.494949494949495,0.2872941518447773
9498,4.8989898989899,4.494949494949495,0.3573921982659597
9499,5.0,4.494949494949495,0.42616487490195226
9500,-5.0,4.595959595959595,0.48660102844045117
9501,-4.898989898989899,4.595959595959595,0.42066324779160846
9502,-4.797979797979798,4.595959595959595,0.3530871912158301
9503,-4.696969696969697,4.595959595959595,0.28431913616342513
9504,-4.595959595959596,4.595959595959595,0.21479613270455755
9505,-4.494949494949495,4.595959595959595,0.144942591500737
9506,-4.393939393939394,4.595959595959595,0.0751671185795762
9507,-4.292929292929293,4.595959595959595,0.005859620312239815
9508,-4.191919191919192,4.595959595959595,-0.0626113016342909
9509,-4.090909090909091,4.595959595959595,-0.12990064934862755
9510,-3.9898989898989896,4.595959595959595,-0.1956890095358982
9511,-3.888888888888889,4.595959595959595,-0.25968420785148577
9512,-3.787878787878788,4.595959595959595,-0.32162263221196163
9513,-3.686868686868687,4.595959595959595,-0.38127022436636526
9514,-3.5858585858585856,4.595959595959595,-0.43842314268321764
9515,-3.484848484848485,4.595959595959595,-0.4929081026314864
9516,-3.383838383838384,4.595959595959595,-0.544582404766788
9517,-3.282828282828283,4.595959595959595,-0.5933336631399143
9518,-3.1818181818181817,4.595959595959595,-0.6390792498887722
9519,-3.080808080808081,4.595959595959595,-0.681765474326409
9520,-2.9797979797979797,4.595959595959595,-0.7213665170702693
9521,-2.878787878787879,4.595959595959595,-0.7578831416489047
9522,-2.7777777777777777,4.595959595959595,-0.7913412075547029
9523,-2.676767676767677,4.595959595959595,-0.8217900098722225
9524,-2.5757575757575757,4.595959595959595,-0.8493004713945168
9525,-2.474747474747475,4.595959595959595,-0.873963213542653
9526,-2.3737373737373737,4.595959595959595,-0.8958865324306841
9527,-2.272727272727273,4.595959595959595,-0.915194306079416
9528,-2.1717171717171717,4.595959595959595,-0.9320238580930661
9529,-2.070707070707071,4.595959595959595,-0.9465238020947079
9530,-1.9696969696969697,4.595959595959595,-0.9588518898962104
9531,-1.868686868686869,4.595959595959595,-0.9691728847884665
9532,-1.7676767676767677,4.595959595959595,-0.9776564795154253
9533,-1.6666666666666665,4.595959595959595,-0.9844752764825283
9534,-1.5656565656565657,4.595959595959595,-0.9898028455923362
9535,-1.4646464646464645,4.595959595959595,-0.9938118728461995
9536,-1.3636363636363638,4.595959595959595,-0.9966724105518009
9537,-1.2626262626262625,4.595959595959595,-0.9985502376844227
9538,-1.1616161616161618,4.595959595959595,-0.9996053367169558
9539,-1.0606060606060606,4.595959595959595,-0.999990491110663
9540,-0.9595959595959593,4.595959595959595,-0.9998500056934462
9541,-0.858585858585859,4.595959595959595,-0.9993185503884481
9542,-0.7575757575757578,4.595959595959595,-0.998520126231167
9543,-0.6565656565656566,4.595959595959595,-0.9975671513586648
9544,-0.5555555555555554,4.595959595959595,-0.9965596636922955
9545,-0.45454545454545503,4.595959595959595,-0.9955846363786907
9546,-0.3535353535353538,4.595959595959595,-0.9947154017052959
9547,-0.2525252525252526,4.595959595959595,-0.9940111791587547
9548,-0.15151515151515138,4.595959595959595,-0.9935167035284442
9549,-0.050505050505050164,4.595959595959595,-0.9932619494448148
9550,0.050505050505050164,4.595959595959595,-0.9932619494448148
9551,0.15151515151515138,4.595959595959595,-0.9935167035284442
9552,0.2525252525252526,4.595959595959595,-0.9940111791587547
9553,0.3535353535353538,4.595959595959595,-0.9947154017052959
9554,0.45454545454545414,4.595959595959595,-0.9955846363786907
9555,0.5555555555555554,4.595959595959595,-0.9965596636922955
9556,0.6565656565656566,4.595959595959595,-0.9975671513586648
9557,0.7575757575757578,4.595959595959595,-0.998520126231167
9558,0.8585858585858581,4.595959595959595,-0.9993185503884481
9559,0.9595959595959593,4.595959595959595,-0.9998500056934462
9560,1.0606060606060606,4.595959595959595,-0.999990491110663
9561,1.1616161616161618,4.595959595959595,-0.9996053367169558
9562,1.262626262626262,4.595959595959595,-0.9985502376844227
9563,1.3636363636363633,4.595959595959595,-0.9966724105518009
9564,1.4646464646464645,4.595959595959595,-0.9938118728461995
9565,1.5656565656565657,4.595959595959595,-0.9898028455923362
9566,1.666666666666667,4.595959595959595,-0.9844752764825283
9567,1.7676767676767673,4.595959595959595,-0.9776564795154253
9568,1.8686868686868685,4.595959595959595,-0.9691728847884665
9569,1.9696969696969697,4.595959595959595,-0.9588518898962104
9570,2.070707070707071,4.595959595959595,-0.9465238020947079
9571,2.1717171717171713,4.595959595959595,-0.9320238580930661
9572,2.2727272727272725,4.595959595959595,-0.915194306079416
9573,2.3737373737373737,4.595959595959595,-0.8958865324306841
9574,2.474747474747475,4.595959595959595,-0.873963213542653
9575,2.5757575757575752,4.595959595959595,-0.8493004713945168
9576,2.6767676767676765,4.595959595959595,-0.8217900098722225
9577,2.7777777777777777,4.595959595959595,-0.7913412075547029
9578,2.878787878787879,4.595959595959595,-0.7578831416489047
9579,2.9797979797979792,4.595959595959595,-0.7213665170702693
9580,3.0808080808080813,4.595959595959595,-0.6817654743264083
9581,3.1818181818181817,4.595959595959595,-0.6390792498887722
9582,3.282828282828282,4.595959595959595,-0.5933336631399151
9583,3.383838383838384,4.595959595959595,-0.544582404766788
9584,3.4848484848484844,4.595959595959595,-0.4929081026314864
9585,3.5858585858585865,4.595959595959595,-0.43842314268321686
9586,3.686868686868687,4.595959595959595,-0.38127022436636526
9587,3.787878787878787,4.595959595959595,-0.32162263221196247
9588,3.8888888888888893,4.595959595959595,-0.2596842078514849
9589,3.9898989898989896,4.595959595959595,-0.1956890095358982
9590,4.09090909090909,4.595959595959595,-0.12990064934862844
9591,4.191919191919192,4.595959595959595,-0.0626113016342909
9592,4.292929292929292,4.595959595959595,0.005859620312239815
9593,4.3939393939393945,4.595959595959595,0.0751671185795762
9594,4.494949494949495,4.595959595959595,0.144942591500737
9595,4.595959595959595,4.595959595959595,0.2147961327045567
9596,4.696969696969697,4.595959595959595,0.28431913616342513
9597,4.797979797979798,4.595959595959595,0.3530871912158301
9598,4.8989898989899,4.595959595959595,0.42066324779160924
9599,5.0,4.595959595959595,0.48660102844045117
9600,-5.0,4.696969696969697,0.5454743285580685
9601,-4.898989898989899,4.696969696969697,0.48265731629616027
9602,-4.797979797979798,4.696969696969697,0.41790473252180016
9603,-4.696969696969697,4.696969696969697,0.351649855919928
9604,-4.595959595959596,4.696969696969697,0.28431913616342513
9605,-4.494949494949495,4.696969696969697,0.21632882066943113
9606,-4.393939393939394,4.696969696969697,0.14808180683654346
9607,-4.292929292929293,4.696969696969697,0.0799647433797036
9608,-4.191919191919192,4.696969696969697,0.012345400958584343
9609,-4.090909090909091,4.696969696969697,-0.05442967125419226
9610,-3.9898989898989896,4.696969696969697,-0.120037190052395
9611,-3.888888888888889,4.696969696969697,-0.1841788743835136
9612,-3.787878787878788,4.696969696969697,-0.24658286757253925
9613,-3.686868686868687,4.696969696969697,-0.3070048435294993
9614,-3.5858585858585856,4.696969696969697,-0.3652287984152512
9615,-3.484848484848485,4.696969696969697,-0.4210675326344015
9616,-3.383838383838384,4.696969696969697,-0.47436283124701145
9617,-3.282828282828283,4.696969696969697,-0.5249853539056979
9618,-3.1818181818181817,4.696969696969697,-0.5728342481988236
9619,-3.080808080808081,4.696969696969697,-0.6178365027839968
9620,-2.9797979797979797,4.696969696969697,-0.6599460589034093
9621,-2.878787878787879,4.696969696969697,-0.6991427007621213
9622,-2.7777777777777777,4.696969696969697,-0.7354307468053894
9623,-2.676767676767677,4.696969696969697,-0.7688375651393348
9624,-2.5757575757575757,4.696969696969697,-0.799411937193773
9625,-2.474747474747475,4.696969696969697,-0.8272222942249512
9626,-2.3737373737373737,4.696969696969697,-0.8523548514029256
9627,-2.272727272727273,4.696969696969697,-0.8749116640322754
9628,-2.1717171717171717,4.696969696969697,-0.8950086299302558
9629,-2.070707070707071,4.696969696969697,-0.9127734611529806
9630,-1.9696969696969697,4.696969696969697,-0.9283436471427186
9631,-1.868686868686869,4.696969696969697,-0.9418644299975947
9632,-1.7676767676767677,4.696969696969697,-0.9534868109731552
9633,-1.6666666666666665,4.696969696969697,-0.9633656055515962
9634,-1.5656565656565657,4.696969696969697,-0.9716575625006715
9635,-1.4646464646464645,4.696969696969697,-0.9785195603345841
9636,-1.3636363636363638,4.696969696969697,-0.9841068925297002
9637,-1.2626262626262625,4.696969696969697,-0.988571650785519
9638,-1.1616161616161618,4.696969696969697,-0.9920612136026401
9639,-1.0606060606060606,4.696969696969697,-0.9947168455195958
9640,-0.9595959595959593,4.696969696969697,-0.9966724105518008
9641,-0.858585858585859,4.696969696969697,-0.9980532017469791
9642,-0.7575757575757578,4.696969696969697,-0.998974887345495
9643,-0.6565656565656566,4.696969696969697,-0.9995425728379271
9644,-0.5555555555555554,4.696969696969697,-0.9998499772654603
9645,-0.45454545454545503,4.696969696969697,-0.9999787214224295
9646,-0.3535353535353538,4.696969696969697,-0.9999977251970503
9647,-0.2525252525252526,4.696969696969697,-0.9999627111192331
9648,-0.15151515151515138,4.696969696969697,-0.9999158112575521
9649,-0.050505050505050164,4.696969696969697,-0.9998852748963829
9650,0.050505050505050164,4.696969696969697,-0.9998852748963829
9651,0.15151515151515138,4.696969696969697,-0.9999158112575521
9652,0.2525252525252526,4.696969696969697,-0.9999627111192331
9653,0.3535353535353538,4.696969696969697,-0.9999977251970503
9654,0.45454545454545414,4.696969696969697,-0.9999787214224295
9655,0.5555555555555554,4.696969696969697,-0.9998499772654603
9656,0.6565656565656566,4.696969696969697,-0.9995425728379271
9657,0.7575757575757578,4.696969696969697,-0.998974887345495
9658,0.8585858585858581,4.696969696969697,-0.9980532017469791
9659,0.9595959595959593,4.696969696969697,-0.9966724105518008
9660,1.0606060606060606,4.696969696969697,-0.9947168455195958
9661,1.1616161616161618,4.696969696969697,-0.9920612136026401
9662,1.262626262626262,4.696969696969697,-0.988571650785519
9663,1.3636363636363633,4.696969696969697,-0.9841068925297002
9664,1.4646464646464645,4.696969696969697,-0.9785195603345841
9665,1.5656565656565657,4.696969696969697,-0.9716575625006715
9666,1.666666666666667,4.696969696969697,-0.9633656055515962
9667,1.7676767676767673,4.696969696969697,-0.9534868109731552
9668,1.8686868686868685,4.696969696969697,-0.9418644299975947
9669,1.9696969696969697,4.696969696969697,-0.9283436471427186
9670,2.070707070707071,4.696969696969697,-0.9127734611529806
9671,2.1717171717171713,4.696969696969697,-0.8950086299302558
9672,2.2727272727272725,4.696969696969697,-0.8749116640322754
9673,2.3737373737373737,4.696969696969697,-0.8523548514029256
9674,2.474747474747475,4.696969696969697,-0.8272222942249512
9675,2.5757575757575752,4.696969696969697,-0.799411937193773
9676,2.6767676767676765,4.696969696969697,-0.7688375651393348
9677,2.7777777777777777,4.696969696969697,-0.7354307468053894
9678,2.878787878787879,4.696969696969697,-0.6991427007621213
9679,2.9797979797979792,4.696969696969697,-0.6599460589034093
9680,3.0808080808080813,4.696969696969697,-0.6178365027839968
9681,3.1818181818181817,4.696969696969697,-0.5728342481988236
9682,3.282828282828282,4.696969696969697,-0.5249853539056979
9683,3.383838383838384,4.696969696969697,-0.47436283124701145
9684,3.4848484848484844,4.696969696969697,-0.4210675326344015
9685,3.5858585858585865,4.696969696969697,-0.36522879841525036
9686,3.686868686868687,4.696969696969697,-0.3070048435294993
9687,3.787878787878787,4.696969696969697,-0.2465828675725401
9688,3.8888888888888893,4.696969696969697,-0.18417887438351271
9689,3.9898989898989896,4.696969696969697,-0.120037190052395
9690,4.09090909090909,4.696969696969697,-0.05442967125419315
9691,4.191919191919192,4.696969696969697,0.012345400958584343
9692,4.292929292929292,4.696969696969697,0.07996474337970184
9693,4.3939393939393945,4.696969696969697,0.14808180683654434
9694,4.494949494949495,4.696969696969697,0.21632882066943113
9695,4.595959595959595,4.696969696969697,0.28431913616342513
9696,4.696969696969697,4.696969696969697,0.351649855919928
9697,4.797979797979798,4.696969696969697,0.41790473252180016
9698,4.8989898989899,4.696969696969697,0.48265731629616104
9699,5.0,4.696969696969697,0.5454743285580685
9700,-5.0,4.797979797979798,0.6024005398983897
9701,-4.898989898989899,4.797979797979798,0.5429782943403734
9702,-4.797979797979798,4.797979797979798,0.48133997787894856
9703,-4.696969696969697,4.797979797979798,0.41790473252180016
9704,-4.595959595959596,4.797979797979798,0.35308719121583093
9705,-4.494949494949495,4.797979797979798,0.2872941518447773
9706,-4.393939393939394,4.797979797979798,0.22092145588384074
9707,-4.292929292929293,4.797979797979798,0.1543510954806722
9708,-4.191919191919192,4.797979797979798,0.0879485695132407
9709,-4.090909090909091,4.797979797979798,0.022060505822728442
9710,-3.9898989898989896,4.797979797979798,-0.042987436623964495
9711,-3.888888888888889,4.797979797979798,-0.10689237537946177
9712,-3.787878787878788,4.797979797979798,-0.16937571520396885
9713,-3.686868686868687,4.797979797979798,-0.23018435849260716
9714,-3.5858585858585856,4.797979797979798,-0.2890916155225718
9715,-3.484848484848485,4.797979797979798,-0.34589781786811574
9716,-3.383838383838384,4.797979797979798,-0.4004306414447853
9717,-3.282828282828283,4.797979797979798,-0.45254514856897593
9718,-3.1818181818181817,4.797979797979798,-0.5021235611227688
9719,-3.080808080808081,4.797979797979798,-0.5490747793687352
9720,-2.9797979797979797,4.797979797979798,-0.5933336631399143
9721,-2.878787878787879,4.797979797979798,-0.6348600940159036
9722,-2.7777777777777777,4.797979797979798,-0.6736378386703046
9723,-2.676767676767677,4.797979797979798,-0.7096732348258863
9724,-2.5757575757575757,4.797979797979798,-0.742993722174627
9725,-2.474747474747475,4.797979797979798,-0.7736462412082207
9726,-2.3737373737373737,4.797979797979798,-0.8016955231635284
9727,-2.272727272727273,4.797979797979798,-0.8272222942249516
9728,-2.1717171717171717,4.797979797979798,-0.8503214167547549
9729,-2.070707070707071,4.797979797979798,-0.8710999896610638
9730,-1.9696969696969697,4.797979797979798,-0.8896754290842769
9731,-1.868686868686869,4.797979797979798,-0.9061735494131923
9732,-1.7676767676767677,4.797979797979798,-0.9207266632634974
9733,-1.6666666666666665,4.797979797979798,-0.9334717174982258
9734,-1.5656565656565657,4.797979797979798,-0.9445484806801779
9735,-1.4646464646464645,4.797979797979798,-0.9540977955602128
9736,-1.3636363636363638,4.797979797979798,-0.9622599083643031
9737,-1.2626262626262625,4.797979797979798,-0.9691728847884663
9738,-1.1616161616161618,4.797979797979798,-0.9749711207858139
9739,-1.0606060606060606,4.797979797979798,-0.9797839544742808
9740,-0.9595959595959593,4.797979797979798,-0.983734383844783
9741,-0.858585858585859,4.797979797979798,-0.9869378934416341
9742,-0.7575757575757578,4.797979797979798,-0.9895013918493959
9743,-0.6565656565656566,4.797979797979798,-0.9915222606765699
9744,-0.5555555555555554,4.797979797979798,-0.9930875147938073
9745,-0.45454545454545503,4.797979797979798,-0.9942730728725142
9746,-0.3535353535353538,4.797979797979798,-0.9951431367811159
9747,-0.2525252525252526,4.797979797979798,-0.995749678125162
9748,-0.15151515151515138,4.797979797979798,-0.9961320301504691
9749,-0.050505050505050164,4.797979797979798,-0.9963165833447183
9750,0.050505050505050164,4.797979797979798,-0.9963165833447183
9751,0.15151515151515138,4.797979797979798,-0.9961320301504691
9752,0.2525252525252526,4.797979797979798,-0.995749678125162
9753,0.3535353535353538,4.797979797979798,-0.9951431367811159
9754,0.45454545454545414,4.797979797979798,-0.9942730728725142
9755,0.5555555555555554,4.797979797979798,-0.9930875147938073
9756,0.6565656565656566,4.797979797979798,-0.9915222606765699
9757,0.7575757575757578,4.797979797979798,-0.9895013918493959
9758,0.8585858585858581,4.797979797979798,-0.9869378934416341
9759,0.9595959595959593,4.797979797979798,-0.983734383844783
9760,1.0606060606060606,4.797979797979798,-0.9797839544742808
9761,1.1616161616161618,4.797979797979798,-0.9749711207858139
9762,1.262626262626262,4.797979797979798,-0.9691728847884663
9763,1.3636363636363633,4.797979797979798,-0.9622599083643031
9764,1.4646464646464645,4.797979797979798,-0.9540977955602128
9765,1.5656565656565657,4.797979797979798,-0.9445484806801779
9766,1.666666666666667,4.797979797979798,-0.9334717174982258
9767,1.7676767676767673,4.797979797979798,-0.9207266632634974
9768,1.8686868686868685,4.797979797979798,-0.9061735494131923
9769,1.9696969696969697,4.797979797979798,-0.8896754290842769
9770,2.070707070707071,4.797979797979798,-0.8710999896610638
9771,2.1717171717171713,4.797979797979798,-0.8503214167547549
9772,2.2727272727272725,4.797979797979798,-0.8272222942249516
9773,2.3737373737373737,4.797979797979798,-0.8016955231635284
9774,2.474747474747475,4.797979797979798,-0.7736462412082207
9775,2.5757575757575752,4.797979797979798,-0.742993722174627
9776,2.6767676767676765,4.797979797979798,-0.7096732348258863
9777,2.7777777777777777,4.797979797979798,-0.6736378386703046
9778,2.878787878787879,4.797979797979798,-0.6348600940159036
9779,2.9797979797979792,4.797979797979798,-0.5933336631399143
9780,3.0808080808080813,4.797979797979798,-0.5490747793687352
9781,3.1818181818181817,4.797979797979798,-0.5021235611227688
9782,3.282828282828282,4.797979797979798,-0.45254514856897676
9783,3.383838383838384,4.797979797979798,-0.4004306414447853
9784,3.4848484848484844,4.797979797979798,-0.34589781786811574
9785,3.5858585858585865,4.797979797979798,-0.2890916155225718
9786,3.686868686868687,4.797979797979798,-0.23018435849260716
9787,3.787878787878787,4.797979797979798,-0.1693757152039697
9788,3.8888888888888893,4.797979797979798,-0.10689237537946177
9789,3.9898989898989896,4.797979797979798,-0.042987436623964495
9790,4.09090909090909,4.797979797979798,0.022060505822727554
9791,4.191919191919192,4.797979797979798,0.0879485695132407
9792,4.292929292929292,4.797979797979798,0.1543510954806722
9793,4.3939393939393945,4.797979797979798,0.2209214558838416
9794,4.494949494949495,4.797979797979798,0.2872941518447773
9795,4.595959595959595,4.797979797979798,0.3530871912158301
9796,4.696969696969697,4.797979797979798,0.41790473252180016
9797,4.797979797979798,4.797979797979798,0.48133997787894856
9798,4.8989898989899,4.797979797979798,0.5429782943403741
9799,5.0,4.797979797979798,0.6024005398983897
9800,-5.0,4.8989898989899,0.656992093052224
9801,-4.898989898989899,4.8989898989899,0.6012245287216554
9802,-4.797979797979798,4.8989898989899,0.5429782943403741
9803,-4.696969696969697,4.8989898989899,0.48265731629616104
9804,-4.595959595959596,4.8989898989899,0.42066324779160924
9805,-4.494949494949495,4.8989898989899,0.3573921982659597
9806,-4.393939393939394,4.8989898989899,0.29323164717610134
9807,-4.292929292929293,4.8989898989899,0.22855756599382193
9808,-4.191919191919192,4.8989898989899,0.1637317692551949
9809,-4.090909090909091,4.8989898989899,0.09909951233871539
9810,-3.9898989898989896,4.8989898989899,0.034987350391615796
9811,-3.888888888888889,4.8989898989899,-0.028298730490258845
9812,-3.787878787878788,4.8989898989899,-0.09047490205400067
9813,-3.686868686868687,4.8989898989899,-0.15128079818382495
9814,-3.5858585858585856,4.8989898989899,-0.21048053347207704
9815,-3.484848484848485,4.8989898989899,-0.26786343798310064
9816,-3.383838383838384,4.8989898989899,-0.3232445131308966
9817,-3.282828282828283,4.8989898989899,-0.37646461642597245
9818,-3.1818181818181817,4.8989898989899,-0.4273903854801007
9819,-3.080808080808081,4.8989898989899,-0.47591391406227634
9820,-2.9797979797979797,4.8989898989899,-0.5219521951510347
9821,-2.878787878787879,4.8989898989899,-0.5654463478072151
9822,-2.7777777777777777,4.8989898989899,-0.6063606462811474
9823,-2.676767676767677,4.8989898989899,-0.6446813710574022
9824,-2.5757575757575757,4.8989898989899,-0.6804155025214589
9825,-2.474747474747475,4.8989898989899,-0.7135892786033685
9826,-2.3737373737373737,4.8989898989899,-0.7442466381160313
9827,-2.272727272727273,4.8989898989899,-0.7724475715668907
9828,-2.1717171717171717,4.8989898989899,-0.7982664009935626
9829,-2.070707070707071,4.8989898989899,-0.8217900098722215
9830,-1.9696969696969697,4.8989898989899,-0.8431160433932463
9831,-1.868686868686869,4.8989898989899,-0.8623510984162552
9832,-1.7676767676767677,4.8989898989899,-0.8796089212347115
9833,-1.6666666666666665,4.8989898989899,-0.8950086299302558
9834,-1.5656565656565657,4.8989898989899,-0.9086729766131123
9835,-1.4646464646464645,4.8989898989899,-0.9207266632634971
9836,-1.3636363636363638,4.8989898989899,-0.9312947232473661
9837,-1.2626262626262625,4.8989898989899,-0.9405009789159289
9838,-1.1616161616161618,4.8989898989899,-0.9484665840494718
9839,-1.0606060606060606,4.8989898989899,-0.9553086583081226
9840,-0.9595959595959593,4.8989898989899,-0.961139019338824
9841,-0.858585858585859,4.8989898989899,-0.9660630167891976
9842,-0.7575757575757578,4.8989898989899,-0.970178471221244
9843,-0.6565656565656566,4.8989898989899,-0.9735747198218835
9844,-0.5555555555555554,4.8989898989899,-0.9763317698884749
9845,-0.45454545454545503,4.8989898989899,-0.9785195603345841
9846,-0.3535353535353538,4.8989898989899,-0.9801973309166929
9847,-0.2525252525252526,4.8989898989899,-0.9814130985217269
9848,-0.15151515151515138,4.8989898989899,-0.9822032396670075
9849,-0.050505050505050164,4.8989898989899,-0.9825921783309259
9850,0.050505050505050164,4.8989898989899,-0.9825921783309259
9851,0.15151515151515138,4.8989898989899,-0.9822032396670075
9852,0.2525252525252526,4.8989898989899,-0.9814130985217269
9853,0.3535353535353538,4.8989898989899,-0.9801973309166929
9854,0.45454545454545414,4.8989898989899,-0.9785195603345841
9855,0.5555555555555554,4.8989898989899,-0.9763317698884749
9856,0.6565656565656566,4.8989898989899,-0.9735747198218835
9857,0.7575757575757578,4.8989898989899,-0.970178471221244
9858,0.8585858585858581,4.8989898989899,-0.9660630167891976
9859,0.9595959595959593,4.8989898989899,-0.961139019338824
9860,1.0606060606060606,4.8989898989899,-0.9553086583081226
9861,1.1616161616161618,4.8989898989899,-0.9484665840494718
9862,1.262626262626262,4.8989898989899,-0.9405009789159289
9863,1.3636363636363633,4.8989898989899,-0.9312947232473661
9864,1.4646464646464645,4.8989898989899,-0.9207266632634971
9865,1.5656565656565657,4.8989898989899,-0.9086729766131123
9866,1.666666666666667,4.8989898989899,-0.8950086299302558
9867,1.7676767676767673,4.8989898989899,-0.8796089212347115
9868,1.8686868686868685,4.8989898989899,-0.8623510984162552
9869,1.9696969696969697,4.8989898989899,-0.8431160433932463
9870,2.070707070707071,4.8989898989899,-0.8217900098722215
9871,2.1717171717171713,4.8989898989899,-0.7982664009935626
9872,2.2727272727272725,4.8989898989899,-0.7724475715668907
9873,2.3737373737373737,4.8989898989899,-0.7442466381160313
9874,2.474747474747475,4.8989898989899,-0.7135892786033685
9875,2.5757575757575752,4.8989898989899,-0.6804155025214589
9876,2.6767676767676765,4.8989898989899,-0.6446813710574029
9877,2.7777777777777777,4.8989898989899,-0.6063606462811474
9878,2.878787878787879,4.8989898989899,-0.5654463478072151
9879,2.9797979797979792,4.8989898989899,-0.5219521951510347
9880,3.0808080808080813,4.8989898989899,-0.47591391406227634
9881,3.1818181818181817,4.8989898989899,-0.4273903854801007
9882,3.282828282828282,4.8989898989899,-0.37646461642597245
9883,3.383838383838384,4.8989898989899,-0.3232445131308966
9884,3.4848484848484844,4.8989898989899,-0.26786343798310147
9885,3.5858585858585865,4.8989898989899,-0.21048053347207618
9886,3.686868686868687,4.8989898989899,-0.15128079818382495
9887,3.787878787878787,4.8989898989899,-0.09047490205400156
9888,3.8888888888888893,4.8989898989899,-0.028298730490257957
9889,3.9898989898989896,4.8989898989899,0.034987350391615796
9890,4.09090909090909,4.8989898989899,0.09909951233871539
9891,4.191919191919192,4.8989898989899,0.1637317692551949
9892,4.292929292929292,4.8989898989899,0.2285575659938202
9893,4.3939393939393945,4.8989898989899,0.2932316471761022
9894,4.494949494949495,4.8989898989899,0.3573921982659597
9895,4.595959595959595,4.8989898989899,0.42066324779160924
9896,4.696969696969697,4.8989898989899,0.48265731629616104
9897,4.797979797979798,4.8989898989899,0.5429782943403741
9898,4.8989898989899,4.8989898989899,0.6012245287216554
9899,5.0,4.8989898989899,0.656992093052224
9900,-5.0,5.0,0.7088612918380416
9901,-4.898989898989899,5.0,0.6569920930522233
9902,-4.797979797979798,5.0,0.6024005398983897
9903,-4.696969696969697,5.0,0.5454743285580685
9904,-4.595959595959596,5.0,0.48660102844045194
9905,-4.494949494949495,5.0,0.42616487490195226
9906,-4.393939393939394,5.0,0.36454372657984613
9907,-4.292929292929293,5.0,0.30210621122022246
9908,-4.191919191919192,5.0,0.23920908105240685
9909,-4.090909090909091,5.0,0.17619479579151534
9910,-3.9898989898989896,5.0,0.11338934827627266
9911,-3.888888888888889,5.0,0.051100344609596095
9912,-3.787878787878788,5.0,-0.010384652496372675
9913,-3.686868686868687,5.0,-0.07079951162263716
9914,-3.5858585858585856,5.0,-0.12990064934862755
9915,-3.484848484848485,5.0,-0.1874678763334071
9916,-3.383838383838384,5.0,-0.24330497624287342
9917,-3.282828282828283,5.0,-0.29724002373725217
9918,-3.1818181818181817,5.0,-0.34912545029513187
9919,-3.080808080808081,5.0,-0.3988378690033175
9920,-2.9797979797979797,5.0,-0.4462776715625189
9921,-2.878787878787879,5.0,-0.49136841262786923
9922,-2.7777777777777777,5.0,-0.534055998204512
9923,-2.676767676767677,5.0,-0.574307696140525
9924,-2.5757575757575757,5.0,-0.6121109877947406
9925,-2.474747474747475,5.0,-0.6474722807027061
9926,-2.3737373737373737,5.0,-0.6804155025214589
9927,-2.272727272727273,5.0,-0.7109805967089277
9928,-2.1717171717171717,5.0,-0.7392219402969454
9929,-2.070707070707071,5.0,-0.7652067037624771
9930,-1.9696969696969697,5.0,-0.7890131724084034
9931,-1.868686868686869,5.0,-0.8107290478552426
9932,-1.7676767676767677,5.0,-0.8304497472442492
9933,-1.6666666666666665,5.0,-0.8482767165888189
9934,-1.5656565656565657,5.0,-0.8643157734160597
9935,-1.4646464646464645,5.0,-0.8786754924462941
9936,-1.3636363636363638,5.0,-0.8914656465988168
9937,-1.2626262626262625,5.0,-0.9027957141214787
9938,-1.1616161616161618,5.0,-0.912773461152981
9939,-1.0606060606060606,5.0,-0.9215036075723673
9940,-0.9595959595959593,5.0,-0.9290865826000181
9941,-0.858585858585859,5.0,-0.9356173753154952
9942,-0.7575757575757578,5.0,-0.941184484073081
9943,-0.6565656565656566,5.0,-0.9458689677445706
9944,-0.5555555555555554,5.0,-0.949743600814542
9945,-0.45454545454545503,5.0,-0.9528721336041686
9946,-0.3535353535353538,5.0,-0.9553086583081228
9947,-0.2525252525252526,5.0,-0.9570970810917876
9948,-0.15151515151515138,5.0,-0.9582707002037003
9949,-0.050505050505050164,5.0,-0.9588518898962102
9950,0.050505050505050164,5.0,-0.9588518898962102
9951,0.15151515151515138,5.0,-0.9582707002037003
9952,0.2525252525252526,5.0,-0.9570970810917876
9953,0.3535353535353538,5.0,-0.9553086583081228
9954,0.45454545454545414,5.0,-0.9528721336041686
9955,0.5555555555555554,5.0,-0.949743600814542
9956,0.6565656565656566,5.0,-0.9458689677445706
9957,0.7575757575757578,5.0,-0.941184484073081
9958,0.8585858585858581,5.0,-0.9356173753154952
9959,0.9595959595959593,5.0,-0.9290865826000181
9960,1.0606060606060606,5.0,-0.9215036075723673
9961,1.1616161616161618,5.0,-0.912773461152981
9962,1.262626262626262,5.0,-0.9027957141214787
9963,1.3636363636363633,5.0,-0.8914656465988168
9964,1.4646464646464645,5.0,-0.8786754924462941
9965,1.5656565656565657,5.0,-0.8643157734160597
9966,1.666666666666667,5.0,-0.8482767165888189
9967,1.7676767676767673,5.0,-0.8304497472442492
9968,1.8686868686868685,5.0,-0.8107290478552426
9969,1.9696969696969697,5.0,-0.7890131724084034
9970,2.070707070707071,5.0,-0.7652067037624771
9971,2.1717171717171713,5.0,-0.7392219402969454
9972,2.2727272727272725,5.0,-0.7109805967089277
9973,2.3737373737373737,5.0,-0.6804155025214589
9974,2.474747474747475,5.0,-0.6474722807027061
9975,2.5757575757575752,5.0,-0.6121109877947406
9976,2.6767676767676765,5.0,-0.574307696140525
9977,2.7777777777777777,5.0,-0.534055998204512
9978,2.878787878787879,5.0,-0.49136841262786923
9979,2.9797979797979792,5.0,-0.4462776715625189
9980,3.0808080808080813,5.0,-0.3988378690033175
9981,3.1818181818181817,5.0,-0.34912545029513187
9982,3.282828282828282,5.0,-0.297240023737253
9983,3.383838383838384,5.0,-0.24330497624287342
9984,3.4848484848484844,5.0,-0.1874678763334071
9985,3.5858585858585865,5.0,-0.12990064934862666
9986,3.686868686868687,5.0,-0.07079951162263716
9987,3.787878787878787,5.0,-0.010384652496372675
9988,3.8888888888888893,5.0,0.051100344609596095
9989,3.9898989898989896,5.0,0.11338934827627266
9990,4.09090909090909,5.0,0.17619479579151534
9991,4.191919191919192,5.0,0.23920908105240685
9992,4.292929292929292,5.0,0.30210621122022246
9993,4.3939393939393945,5.0,0.36454372657984696
9994,4.494949494949495,5.0,0.42616487490195226
9995,4.595959595959595,5.0,0.48660102844045117
9996,4.696969696969697,5.0,0.5454743285580685
9997,4.797979797979798,5.0,0.6024005398983897
9998,4.8989898989899,5.0,0.656992093052224
9999,5.0,5.0,0.7088612918380416
